,rel_omicron_beta,rel_omicron_delta,rel_omicron_mu_inf_AA,rel_omicron_mu_inf_AC,rel_omicron_mu_inf_AI,rel_omicron_mu_inf_SA,rel_omicron_mu_inf_SC,rel_omicron_mu_susc_A,rel_omicron_mu_susc_C
0,-1.074485444039807,0.8579684704490431,3.0173420154024613,1.3186476401208338,-1.1460672380851749,-0.11914777072416677,1.761325269322173,2.3179566309583532,-0.20696711207868113
1,-0.06482020687800408,0.07833695092631054,-0.162001600944046,-1.2219183438991539,1.3452917354309917,-2.705166126514421,-1.2391929128832337,1.3126813212519042,-0.6555587716793702
2,-0.3750538318992344,0.9946267128993598,-0.761637612530667,0.30599018750035645,-2.4901020432804826,-0.9008924808624295,0.6872404670646654,0.35537557782597395,0.3948467574179448
3,-0.656295106404755,1.2222544007021574,0.5812229767469422,0.7735773312246019,-1.5274372967391652,-0.718695923970868,-0.7291123524785268,4.101703487816611,-1.3330143535531322
4,-0.05901029640021701,-0.503191849717498,1.3185970180296216,2.574668592299213,-0.1581103079808291,0.23605130565101207,-1.744185983527574,0.9479815581948069,-1.7606994243204286
5,-0.5637005619649644,2.5761321160292,1.3238736688392694,0.8671439535156751,-2.4111845278595028,0.9832015092419276,0.32796633776588513,1.7417324376616268,1.1063494616998024
6,-0.7268508965778836,1.5459854102507968,0.08768840283482848,1.2881988118544196,0.3565001312765425,1.466555951761395,1.5871103178162034,0.8818637142784964,-0.5255092925602984
7,-0.763529192822637,3.1920245425689884,1.5112077813415483,0.9916858605827494,0.37387117121340047,-3.057897784820397,-0.44907618187562964,1.237510659280183,-2.070686921064417
8,-0.6856230964109579,2.591719019376037,2.006605356385686,1.7065366656609002,0.5092910843539351,1.0969706263206678,0.9543121982643922,-0.3122100191278602,-3.6088889279109284
9,0.3352150423330758,0.64940189635195,1.1607536325426386,0.5718810097899065,-0.6603657497328335,-2.5358878087003855,-0.40078593977879984,0.23056679460948176,0.22848164210076743
10,-1.0004580690774358,2.4200753357981997,3.5521420288009566,-0.07949715946006575,-0.4323160492322891,-0.05817456858180619,0.10056420077588825,1.6438581544300546,0.03581387688017994
11,-1.488592747133335,2.1085453079626446,1.8076347549600302,0.8877685722201603,0.7484251473647727,0.8281658237096421,1.0689595186667153,1.1824735288997155,-0.6594417993087152
12,-0.21583942060884903,0.5626318566760207,-1.2744803286420527,1.4200569891463193,0.6241806330513469,-1.4573914200476459,-0.12419915892124375,0.8151190014197285,-1.2563375505550447
13,-0.7702044135179325,2.7997311777946585,1.7990915476294067,1.8244880453519938,-3.1766548971713333,-0.8803089600496532,0.6535742037318315,-0.565646100665692,-1.3164249452144727
14,-1.4156235964817199,0.5718385247847598,0.9381400263254317,-0.18627143330514603,0.07835391299237089,-2.402261373457259,1.814798515139857,1.3784289158834018,-3.1536952229772393
15,-0.8867077273146622,1.2964818141246504,1.7929207526375712,3.2998451105062316,-0.4383275448943859,-0.17730481407902252,0.44812350722820565,0.6135349736929796,-1.798225646793494
16,-1.613114998106284,-1.3135600380356312,1.4000434175824341,-1.5276022602983592,2.0944672740333408,-1.3365158300532403,-1.1697677050736264,0.5518378981267251,-1.8494696221314468
17,-2.178633280526778,1.9646291440006136,0.9658422897742003,0.6242226732108022,-0.13235669298538652,-0.1790242901808326,1.2613789871801573,1.9858818722967062,-0.8822747665196007
18,-2.4262920283040867,3.2308637375221534,3.318733867601297,1.999305158126672,1.1475691465638271,0.6799511578544595,1.6617725045746652,1.3924541858891526,-2.8500014734959147
19,-1.411026096774418,0.2950872205354022,-1.2060374328027645,0.41058544141366227,-0.24581866954129128,-1.0867487078584832,-0.07097084297352113,0.5063031973921085,1.1839617377642517
20,0.1778163302132011,1.952065628575132,-0.09183289820780129,-0.8234261723442229,-0.11968102696341668,2.231997566881485,-1.088619111241353,1.2146189530057687,1.2566382221732288
21,-0.9439561068011092,1.9317956286414824,1.2832322884677974,1.6671518177100604,0.15644410866551992,-0.32950003825998514,0.37492212714469747,1.7456230966304045,-2.4869573229448703
22,-1.7607093194991958,4.25497782093768,2.087356904204089,0.07788643451514614,-0.8602168045371712,1.6905307822807691,1.4850849935163637,2.190551297212547,-1.4153305260469462
23,0.45707007236231145,0.9125473581217207,0.392667398642201,-0.4779530607326511,-2.401941201075425,-2.552906381493242,-0.9281920040131824,0.6572089385914133,-0.4565766734572511
24,-0.6357690468832148,1.1479497399740595,0.31215040270464467,1.2745756853752725,-0.17186489463841548,-0.8511880107718438,1.0851227754611903,0.09315426622129097,-0.09934581906896163
25,-1.2805598988185718,1.1383912811556893,2.691427643609569,0.8197319293759833,0.8118111301364885,-0.5249224665064596,1.4218940292250855,2.6944421627611246,-2.9458821733703124
26,-1.0468364789996065,1.3171732637620581,2.3364036094817493,2.211210267921813,-1.385828337806222,0.5723692633162845,-1.2015681172160328,1.7235675941076702,-0.39578847161016173
27,-1.4526492001578342,0.0009603536028978191,-3.3519216236936296,1.97169051206239,0.44778311296057316,1.1736641981932519,1.1204963560719545,-1.854518087867518,1.4654051319046333
28,-3.2758280172728234,1.7515684563772742,3.060632014305181,0.8274225780410128,-1.1327241782921258,-1.2906098528323993,-0.28406528389222374,3.5048856480999904,-0.8561272784088402
29,-0.8418889321551454,2.6916236588625932,1.799664809070402,0.2529884723811521,-0.5711185436054464,0.8385311138501594,-1.4786268567972431,-1.3948314993638693,-0.37427565559352854
30,-1.21303926279542,2.4769777814977467,2.4225809927421382,0.13074861653043351,-1.0184074381401231,-0.7497424599733721,-0.06613292583207202,3.0967319204040553,0.7787337298131611
31,-0.868532385496879,2.2449475088470328,2.091861877135723,-0.01700541769560142,0.6321504145257144,-1.5152480811397402,1.4956142247274629,1.1860624732267617,1.3514534801869076
32,-0.473814303828147,1.0331312547901639,1.6860493672062997,1.2861447463119702,-0.25166672695843373,-1.764206204661096,0.654006466166778,1.0271412608182142,-1.5497155727188676
33,-0.16739965377887364,1.4788404492948362,0.658241886519796,-0.2768232385364544,0.099821157966861,-1.2531603098303628,-1.1909055600732403,2.3178930437865475,0.3914681984584287
34,-2.8123297412267,2.3496119806544455,2.129671027120763,1.038997735749921,-0.8517754683417094,0.8450316743009231,1.9698289370424527,0.5384316703260859,-2.1143564359684364
35,-0.6450537073895224,3.0460960266126023,2.070525583875999,0.8934302768863526,0.6209286600395831,-0.5726106174407967,1.4210094887159495,1.0864297289340665,-1.8866015723446277
36,-0.6369388613943973,0.6971441843237813,0.4138404034963602,1.324931060841182,-1.4698603019809169,0.586224641858253,0.5844992277352526,0.3704039679093949,-0.2622544140903113
37,-1.0745157310352509,0.07900834596823705,2.045030517136783,1.0639451988667536,-0.18677627902002578,0.3366349734238376,0.41756888019691957,-0.7505413750595029,-1.2850328636228876
38,0.4514076041089292,3.079244499529023,-2.2686801821480707,1.6744652217185003,-0.34656930254904095,-0.9279807662764621,-0.20511646324858385,1.4767612862914523,-0.4327237894484172
39,-0.4827159083183073,0.39012395820898815,0.6631818863945809,0.3657330328064907,-0.20741486948008048,0.9205918415202425,0.5431363230076902,-1.0911548202943202,-1.400903654036619
40,-1.1032635513008602,0.3834506350978033,-0.08880612225689355,-0.6749452045250363,-0.5135040706946916,-0.6051459804111866,-0.537843699474107,0.9626043367397068,0.33913955460994577
41,-3.075623364264066,1.4016020961922881,-2.885673657075052,4.068385965213579,0.16561710633547988,-0.9917216936766705,1.3461830732187625,1.8274276687341502,-0.15968949384578368
42,-1.7427779286720373,0.8384677888801535,2.1407492343871315,-0.32364115502981894,-0.9466034854400949,1.3819373846118934,0.6993364035943275,0.050675129576047966,-1.5645372207440964
43,-1.2068008037448048,5.439449807739331,-1.3455279548735395,0.26885692112110327,-0.08182373792831396,-0.6804426160337987,0.3776721001070383,0.9122505151112535,-0.7067605155550738
44,-0.8450952161045159,1.0350017309384634,2.8067283549727335,-1.1008849385890853,-2.3794275095516526,0.7084570999744642,-0.38693415432710165,2.719149509887635,-2.126943594657087
45,0.03711067047000758,2.9731701365014316,-0.20168357433175013,-0.9496967450935374,-3.16584041923412,0.39281823247156333,-2.3631100826811644,0.038006118083096736,-1.586998313600437
46,-1.1636362081451888,0.5802035724148836,0.9329443189099585,0.1985837864916032,2.133403682610456,-0.16221079842298497,0.40868733808324464,-0.6552452109990903,-2.3354207612946114
47,-1.0578089774910824,1.1796885774560817,-0.08517297713335019,0.5879403358960439,-0.7117902556005036,2.375509246918042,0.5737460139837554,0.38554375720260564,-1.3709452592230982
48,-0.6914484607040431,0.21340544212204074,-0.8262115192496945,0.5139064303173942,0.24304036362850898,-2.0667061580850934,-0.2848486365515052,1.9526770404889608,-1.9059613813986649
49,-1.1461318143029773,-0.5604609643328877,0.09695881954728873,-0.050881887750520105,-0.4028965788900667,-1.3050946098629388,0.2033506218516254,0.2544142347305364,-2.134335695774907
50,-0.3229722814333519,0.944655123960644,0.3282145566101318,1.7020662111047118,-0.346242132933917,-0.9880739496317393,0.6181644023513077,0.22743801580237993,-1.5492254190874353
51,-0.7584087045601288,0.08314478571190886,-0.5609032948424394,0.6835673884159513,-1.7438821280973937,0.3818838161829561,-0.10996718100823612,-2.486460378246856,-0.3044615911496807
52,-0.9668352838156629,2.822235210732125,0.8541996241404173,1.4882151089849422,-0.0750480229553235,1.1434073560914781,0.9094240704804657,-0.4973661712488564,-1.413630856619965
53,-1.3061990817321434,-1.4596216478596211,3.2559449204057587,1.9149653921826468,-0.6094120867107351,-2.7557238675570668,-0.47095268933600654,-0.310065898625492,-2.4652124018042056
54,-1.1968798267044374,0.7636614469752575,1.9029762619773523,1.7340359886659167,-1.3446556350877936,-1.1641780918662976,1.074855841246362,1.4117884981041642,-1.3070091762346427
55,0.04284706736047136,1.732443183071716,1.3273212967842267,1.1310627978570449,-0.33792030807616963,0.32435771714823236,-1.2361303525841811,0.8815586742872191,-0.9921953705921858
56,0.3633108233074276,2.349123429814362,-1.0772808457698873,-0.03450217239406779,0.33689882720279724,-0.3179371658219457,-2.0021071758217928,2.4634749003627645,-0.13522684587369493
57,-1.3607862604358565,0.9588300045391346,1.779127087219008,2.3058817323289227,-1.4611968606224424,-2.365030789476807,-0.42387603145787484,1.0372358054484627,-2.0971577359368503
58,-0.16637035106622602,0.45172084033160076,2.239966913812942,1.4559384776695505,-1.364309094512318,-0.7360071571174175,-0.5172193838043571,1.317853131962829,-1.2327439324615692
59,0.12611714272087868,1.0946454328438617,0.08541953496780963,0.054288512786656334,-1.3419227030819765,-3.594574926622942,-0.7960019389100703,0.27160294625710135,-0.47575659999067427
60,-0.5160828677702038,0.8776906625035414,1.805420725366554,-0.9885855690087633,-1.2823964256430656,-1.6122767857500662,-0.2331113496377812,0.5613308383604569,-0.8417498583493376
61,-0.13917014661698812,2.719511982472186,1.285210758768053,0.05018112394115705,-0.5484447638391783,-1.275550757365149,-1.4458090806986748,0.799728391554057,1.2684938446181881
62,-0.0857347529732761,0.05541318951023121,0.2641746222495373,1.1527483381264865,-2.816126292563788,-0.42363066749743894,0.33795102215578293,-0.5489105896738943,-0.6267945281333831
63,-0.29335447549875177,1.323622646422723,0.8859809440895668,-0.23457080431752206,-1.006548178186099,-0.5076241890073472,0.3480900949596736,1.0737458724927231,-3.18571456352402
64,-1.2524845988042537,0.6948593352116412,-1.9831106610845715,-0.7323845180876011,-0.03668225065639791,0.8534770404500627,0.06899499439097072,2.1841012545785885,-0.8721004264435062
65,-2.0154502591291585,-0.6611171024415199,1.5646178069419316,2.4312196888467623,0.9463263751130482,-0.722911485729297,1.7818207814222342,0.2730258308853846,-1.877583517950631
66,-0.9177223554114051,-0.10749378969892659,2.1504033985629105,0.8113083723211459,-1.7536857427926908,-2.6419092770138124,1.8336128810384038,0.8584982673529119,-0.44868635862772854
67,-0.21516234903310574,1.4901622100196235,2.4197068014403276,0.384600407965365,-1.3597107973874287,0.9615234507181979,-0.24527819931609995,1.2128534357151213,-2.9751083602667863
68,0.10929385975486139,1.2319951495198467,2.5187317584990554,2.2041647708449132,-1.299209752983094,-1.7394562849109598,-1.3165074649574353,-0.11250185352242413,-2.5570210819587555
69,-1.0489906622383927,2.0598576783783478,2.4821758295065086,0.8886205128904383,-0.16614392793955043,-1.4301912527511107,0.42179297567789426,1.219446549485643,-1.4273484415665132
70,-0.895993835969659,1.9849339308003635,2.6660289380538944,1.0609143436403037,0.6317878605096203,-0.9140542174725798,-0.020749006633753255,0.5947224169323384,-2.214954297820977
71,-0.23325870468380916,0.9544930713747897,1.922900075488512,0.41309059883486265,-1.6311666053705938,-3.442980123771544,-0.7981021573240177,0.7200118145408304,-1.407481771006317
72,-0.6864507754503839,1.9529804890487965,0.05946817612425617,0.5537540036134899,-0.8742704836017745,-0.3544648844791924,0.26607157454733477,0.17757788692237259,0.38956681712676827
73,-0.2560418901281034,0.04255393776306415,1.45000949448305,0.9501586001844087,-0.01754392739120423,-0.6506541935160143,-0.33320506006637557,-0.21238787184669639,-2.2244400047889847
74,-0.39626345897778115,1.294875394163391,2.048128616788713,-1.2382003075780406,0.7432271997997741,0.24620841526801965,0.08914644058360724,0.5844970481845864,0.29495375378299304
75,-1.0342402334463812,2.4762736885069243,1.119032043303668,2.6445376747188734,-1.3116164033388715,0.8635138062592137,0.5987499022652518,0.8848163813570528,-0.19725791629640976
76,-1.296081652978159,1.2162326918659008,2.2793635704962876,0.20399070348875414,-1.2367092596112772,-0.5149497925425764,0.3180130167939641,1.8329015185111526,-0.8246905305390908
77,-1.3318873361984425,5.205229156191279,1.9120818682155534,-0.07543626825772268,-1.2121735066034263,-2.146598745286744,0.7351267952365224,1.2923182594358924,-1.7156022676985476
78,-0.8152038548825149,0.1785525832905636,1.5933195986672517,1.27683257787722,-0.09870771891394828,-1.2594355621343079,0.912796831314061,1.2166587710809147,-1.0742307836232539
79,-1.7390973139634196,-0.14442644803766178,0.8724340509019454,0.4460244788575394,-0.0005318166630924534,1.6962552908701567,-0.2036839003992984,1.454011029031871,-0.7273120830403145
80,-0.17365127029472277,-0.4798163972580285,1.2151133414073598,2.6526505844978376,-0.36441346752064585,-0.5292231408626205,-1.0839521173999762,0.5595880307740261,-0.25357555474101945
81,-0.7322375131938006,2.990284251479609,-0.7846834407874902,0.1859517913159433,-1.4255369219500702,-0.9283701220914897,0.37027431146811834,1.0121539104145556,-0.04765765249741942
82,-0.674100053163503,-0.2787691364244797,2.298497747908864,0.8063133158659727,-0.14712761804515767,0.05346792518765082,0.818191363104775,0.2941043294902974,-0.6045674294823868
83,-0.7863479613490102,1.2291914815836387,1.558208912225673,1.4300346255853416,-2.415721268689213,-0.5303514404760008,0.7377285770957656,1.9455045048365767,-1.0202107823055684
84,-2.286110407670394,3.1939596472577385,1.513149897195286,0.33366909160698177,-2.719351924036891,-0.4529976024785723,-1.168469368441063,-0.46133353518270137,0.9423451312998953
85,-0.014229166036519969,1.5752843071759823,-1.639171141500588,0.22608374175023402,-1.7515936662572253,-1.2435738171188901,-0.3599742188574178,0.8498886129540658,-0.6383083527993837
86,-1.0931102912107358,0.9669303138868046,1.181352937950423,0.1879245701187018,-1.101358021521146,-1.0204260030607437,1.2785591054461272,1.498967808347225,-1.0477410779376872
87,-0.859270522988508,0.7874177218304048,-0.2740104938259586,0.5463431482479509,-0.6970413672756564,-0.13127695939338507,-1.8338992610171394,-0.42927899044655693,0.5773428849982055
88,-0.2179109766209939,3.1388200771549757,-0.7676919856925695,-0.07836803880523661,0.11822748999168962,0.04839644427123698,0.6225659586672435,0.9235615699327195,-0.12465226194178647
89,-1.6137657547515596,0.48146092509657923,2.607728144383408,1.916191795593611,2.5430391357596425,-0.8929208967341321,-0.15183422441501385,0.7662301990314885,-3.027048525038079
90,-0.6159409536542201,1.3203751901579575,3.7827427507186773,0.7930805849185946,-0.6000188891916609,-1.1846600266753293,0.8829860909588212,0.024059860612975492,-3.536719640844788
91,-1.1140402600895485,-1.765867312001161,1.423248942600708,0.6509761477020363,-0.5034936352225998,-1.5320049670141669,1.6618634542994257,1.101807199613727,-0.25400072397527323
92,-0.8170143717495019,-1.2834977058186288,0.34989074204452875,1.9868204253553654,-0.17540509348672062,-0.07819219143347814,0.4426190389415194,2.006619887550547,-0.30799711177654227
93,-0.6661126442530325,1.1150395741428103,2.016834709226131,2.366026079755319,-0.5885647282849564,-0.7590459018179923,-0.07059549739556394,-0.7997802313170204,-0.6276360928686798
94,-1.446807120091307,0.6677588744358689,0.21943274501434634,-0.6843173949029131,-1.1264940112195367,0.13638631447254368,-0.4331482554002867,-0.44053002676402253,0.3958803367738455
95,-0.966477880719154,2.9333787363507002,0.9835942098094141,0.8046948309136012,0.37897025183083644,0.2669467603576177,0.12726723049104277,0.8352990067985391,-2.25051873033994
96,-0.607185529430321,1.5696213805273476,2.1029220385804464,2.26891141878122,-0.9026130119035825,-2.0828912794924985,1.411819211648011,0.06659818695939752,-1.6373808678595108
97,-0.4861045762511706,2.5699738175863445,2.048760746152744,2.7303607919427533,-0.7697396868820992,-1.3477525805316235,0.38000061405477703,1.2909594080628906,-1.2042783316814276
98,-1.822632819462689,0.40445026396932665,-0.33495300744296164,0.6489872885823516,0.367306569207855,0.4721557860091738,2.3385664228889254,2.164514783540689,-2.5997658705701068
99,0.03319471608350673,1.3055269108822625,2.452619927290708,1.2757203173187748,-2.412601913899784,-1.2171636011200544,-1.0207657592181472,0.8418625168474931,-0.24108574670938238
100,-1.1849291244612064,1.2085583511041047,0.1547638349284547,0.7121272536337554,1.789957410540374,-1.2097620654789856,-1.5513124363698851,2.1828658466692197,-0.778550433113912
101,-0.7557441937232481,2.4034593209958985,1.5429668506174072,-0.008024987463544582,-0.5425606938956047,-0.7179648307800681,-0.9382912758440596,-1.5288268648489105,-0.7733890431700433
102,-0.5075580301933115,-0.027062088349637546,2.1964626426784566,-1.0726312105713718,0.6575456944144094,0.17835184975770232,0.2788279643614292,2.2311210483098236,-0.8195944608290785
103,-1.3208041991471071,1.1203847295905738,-0.6850011690553964,-1.4579909687524089,-3.4973278525270928,0.5608421261574339,0.28896211700295366,-1.3026443749167598,1.324967636623137
104,0.1140800480644141,1.427621393106336,-1.7433633356251064,0.808017871610384,-0.48625938007363406,-1.299616859167782,-0.3710213023917743,1.0161369492158419,-0.7642464773277057
105,-0.6563827814639703,1.6772053912293758,0.7955982711783581,2.385425306654623,-0.6023776677978705,-2.7840646466219967,0.27268640832733476,1.2988241841634407,-2.2006557154216173
106,0.10807196878242131,-0.5882855120212972,1.4446165970456208,0.17679254395539495,-0.039623390549402754,-0.07606302515609364,-0.4091932201140959,-0.9622996341464737,-2.504585726005862
107,-0.3249712231326497,1.1069801905199639,1.2102837188882678,1.573212755889867,-0.8846193949472885,-2.8214198107354194,0.2645148142378099,-0.5591263067973544,-1.644474746007333
108,0.6303213682098344,0.9348011473042757,-1.8479831982023964,-1.862746919015401,0.05082584356957944,-0.6653171979475496,-0.5617555629526421,-0.17800809671705842,-0.8708157671912714
109,-1.2567833661248002,1.5280604543495488,0.9725520065852599,0.677926674569757,-1.9673329870976493,-0.06701778464594865,-0.23684407792483167,1.4351097422126133,0.10688889785322837
110,-0.38881542339054403,2.907606443238349,0.816024476860072,1.114561568624686,-0.02847159353649132,0.6510511838744913,2.122576571102023,-1.639009645553565,-1.3612258938864232
111,-0.1695192262639866,0.424776536774609,0.4853786395536862,-0.43234135768483095,0.5327877503491552,0.8880446811887759,-0.5157589958666261,1.1654749908694408,-0.8361622077020118
112,-1.662786001639705,2.9844632492188423,1.2929953407809782,0.71166718375368,-1.2860200395525925,-0.11339785490896936,1.574389415981729,0.05121097214381502,-0.556341828266875
113,-0.6154028216012919,1.14924819385602,-0.3990830395101673,1.4441949147352795,-0.8615849455413092,1.541767860881729,0.48131320572793607,-0.6712369791778029,-1.1645397011333578
114,-0.5125282833732284,1.044015962878604,2.0937719309956644,2.521772568909215,-2.4286810882009857,-2.1758071237350056,0.5176417584486869,1.199660719687159,-2.071015705172106
115,0.5299216747160357,1.8329547169526375,1.0823589040715045,1.5670746692003479,-0.30228099285643384,-1.5549356049877836,-0.35230837558541545,0.12491913676769961,-0.5366936614452541
116,0.2312853415943423,2.943005148924663,0.2658871137829498,-0.02273430984588347,-0.2393809070038388,-0.5995365282669184,0.8743565867794622,1.5358548564814767,-0.8706179593879732
117,0.46245805437556403,2.2331730072913825,-0.5577214923624423,0.40168339482345017,0.15275126486143203,-2.236548690055061,-0.8199259038943401,0.41804341214139035,-2.6773931753258933
118,-0.5501143205920854,2.6100900656778645,2.733327939043471,0.6002389753535136,-0.5728600423836079,0.8749052523159343,0.8414644429501502,1.0663943357074621,-2.197601280835884
119,-3.079672553501938,-0.1493100806761108,3.5491569345369975,1.600762827784999,-0.15568258213651603,-0.5192946533784065,0.2239741000469301,2.046951673390071,-2.854161146588701
120,-0.6662429776350658,3.305219299620501,1.3901666590726744,0.50832940548529,0.47813400961140967,-0.397757896369765,-0.5220248540452657,2.0640577580910273,-0.6565196843740847
121,0.6483288075310174,1.3303826382824149,2.526179601976042,-0.15415288646847378,-0.6564605262416208,-0.31922067580760133,-1.2452371334499222,0.9894479370781963,-1.7512367221648584
122,0.14809176468844504,2.9048876109192237,2.3718366678828118,0.9787791195989538,-0.26938981027867154,-1.7824338568160873,0.5075622510147189,-1.0286848848299317,-0.3371504640934909
123,-0.5810322537320629,2.449041540685339,0.19964753830560333,0.1953943199084217,-1.2792031195493598,3.1056318795470617,-0.17730242946585106,1.3347910026404117,-0.6979693608166005
124,-0.5491689691277379,2.072857564344763,0.6468441543289123,1.5929346850339587,-0.3312337031685809,-1.6083259138747048,2.034098568419289,0.4671841503107803,-3.375253731974982
125,-0.8192285497197003,0.8292677712016983,0.8286322865135451,1.1788700226559752,-0.20763760276855409,-0.6500240857360313,0.15953886856696373,2.4954569768106327,0.31019435806393386
126,-2.5612647822295496,0.39652452841660796,0.9912862850861397,1.564862287352854,-1.076929133591728,0.2739656539545989,-1.8392304558410912,2.1284102469288633,-0.2504437098010245
127,-0.6969134428518874,2.0322067239727324,0.3918404444852644,1.1498214253942431,-1.149236089160932,-2.5543937927777987,0.2759181175274788,0.6372187620080252,-0.8726941017309091
128,-0.6275536579933785,3.2343069551706596,0.3692082247085235,0.1721958283524116,0.0953812897863746,-1.2673321579456518,-0.7617966351505129,1.7898280225240248,-0.6976745801725515
129,-1.0259960470854668,3.1194352665444933,-1.640572408311431,-0.47554986474433225,1.0003730535302444,-1.3722735027783863,0.03317383603134135,0.6594070757473818,-0.34808748926515437
130,-0.03298088913448642,1.0930115585421998,0.5882926463790668,0.674572484844905,-0.6282679942999017,-1.1876425711535112,-0.9396215202529894,1.019125221866366,0.22907754230616162
131,-1.869748792200137,-0.11599995114663608,0.06571829936542874,0.8260557300271708,-0.14878170269666197,0.10862730618180291,0.2678978969439436,1.814530503285346,-0.6971992873141172
132,-1.0973999558823784,3.0423298367856955,1.763399190043542,1.1658766207767663,-0.7920123457289674,-1.6043067460035825,-0.1331751262786273,1.6866283136537212,-0.7077314193909566
133,-0.012187865988061368,0.018256313619714172,0.8794275075979961,-0.5888594491497361,-0.06038055015898047,-2.0661290740807137,-1.102739935358607,1.5195332298490218,-1.2919497558414428
134,0.5657297991012525,1.4749144786172632,1.5679314052406905,-0.46988327065018876,0.18227021980792055,-1.1230453698366047,-0.1308995407158321,1.205258012927794,-0.917112112630855
135,-1.668297407296959,2.565126336004823,1.6181583581454755,-0.025940046422075383,-0.4036258325502975,-1.9260682294078428,0.8465610611819707,-0.7054455799119103,-0.16788368839434797
136,-1.6174930412236483,1.9922855551695389,2.087757941929773,3.385926693007677,-1.9570836545752204,0.1718682238825207,0.419166907059737,0.8876871312882573,-1.1376947642017154
137,-0.7340712004398157,1.6483232546019788,0.36919311352292267,1.7428733767864966,-0.35044940102181316,-0.38536509030484983,-0.30079190974605846,2.692196173014129,-1.0552964796401485
138,-2.9956044602904366,2.836695462979335,1.5351123629458767,2.120141637510977,0.5668005765626403,-0.7312161415354121,0.8393017489425828,2.017167085249479,-0.03936213890922142
139,-0.694454651880235,3.4023131944309313,-0.8734201770827369,-1.232012399303707,0.0917314725763658,-1.4340738286307115,-0.6428657167078758,1.8663817865886074,-0.5420864008806289
140,-0.12660222271455687,3.8937837439330747,1.1467533161859171,-0.11418719765964869,-1.2206337703127799,-1.5261026829182263,-0.4247222575111379,2.344392673212246,-0.26385075076945347
141,-1.2222074507714344,2.3724954291657996,1.2510896140803678,0.5150807781807731,0.783168106614134,0.4125866414329258,-0.16308872943261232,1.5405922629931776,-0.2375980618193328
142,0.6335047300342378,1.5431524974737252,1.2288343855339634,-2.1376379768814786,-0.5125051418365345,-2.4400407277755067,-2.1739530796168705,0.6278551048761535,-2.7051967580546745
143,-0.6669814507152336,0.8770162406632165,-0.5011144216948471,-0.6361405124907661,-1.0007365101706645,-0.7720625523366459,-0.13151732467727587,0.5213263155799078,-0.6635993734222644
144,-0.07533259749914517,1.66332560217925,-0.3694965864191307,0.4645545256380129,-3.1741105703039416,0.556789882775802,-0.918782308640573,1.7202115864610144,-0.6767482609343305
145,-0.6456346218922989,-0.5014694309049412,1.3303933789166007,-0.7186816433525581,-1.393211073224731,1.2477680991612572,0.5775493204296843,1.232002339416424,-3.5143586273184693
146,-0.696981133459191,-0.10627173583217411,-1.1874497985030195,2.058093616601876,-1.624558055520293,-2.4755321662357717,-0.506706902082164,-0.045874835733409516,-0.7409631723246335
147,-2.034670419538403,-0.34650340650242095,3.6009894399617335,1.1481043088780258,-0.3862728616892012,0.9194517445457854,1.2068860324778643,1.7935511163181204,-0.5240389576047555
148,-0.48081179967031756,2.223917825146342,2.7082735057162663,0.35091317668601507,-0.6891174389599424,1.5187162463327069,0.9004867944424555,1.3177652129650772,-1.0513331870447793
149,-0.8866176938418672,2.132863032605218,1.3789172793039064,2.3551288936595194,1.978887666704465,0.16231325157487048,0.5323233135807978,1.5330294448526183,-0.7709861317394857
150,-1.4942532707299059,2.2473721875189874,-1.7608607745346951,-0.2888215996773269,-1.2139742166750453,0.4601007705665071,0.6362969384302057,0.48799053799552944,0.5007181366851964
151,-0.30955383911788115,2.2002274577605463,0.8289234724899919,0.02697354308084248,-1.8339347166908855,-0.08354541562003295,-0.10643852430664646,1.0096156954379474,-1.4649290695814026
152,-1.5193026019945044,1.4453403561926377,-0.6522604421224789,2.0202185902822136,2.116550825241415,1.0756353347605863,1.6797927772041696,0.44370004518066547,-0.1854433184006382
153,0.7235315827209438,1.036669368963105,0.514045084244862,1.0641157387416766,-0.7469115976275764,-1.507976273571021,-0.594559060111918,1.6929167929633981,-1.0240103545204489
154,0.26799795896303114,1.7585897760423512,-0.9629619672659334,-0.9859188918642052,-1.4095138601900519,-1.5097950405536023,-0.9031360248211876,-0.12275783981782494,-2.1598223412626796
155,-0.7812306176379414,0.26913187006639133,1.195235606062148,-0.3819197220401328,-0.7586000912062678,-0.12743760475482,-1.7045776296366573,1.4037205512569642,0.3240406943968819
156,-0.9825990029333866,1.6373965976455944,0.12883445300482937,-2.126791708276758,-1.999220488001266,-0.7298734731463934,1.386756197670676,0.4713529220501215,-0.7850429117307388
157,-1.0698293563741053,2.546184546365558,2.0149409491663155,1.3144401187677521,-0.07438717215779651,-0.23477761049142679,0.9750840769314056,0.6050767038045614,-2.2716705639073878
158,-1.2327443461371816,5.055136106686368,1.7191236790364222,-0.002083900462711036,-1.1091975297749004,0.8471344359392431,0.27866367281212057,-0.37298394521772055,0.0990354620889005
159,-0.1665479768468827,1.7675226681044047,-0.0270061973682441,0.7736143391361645,-2.761445877431465,-0.6078031322211241,-0.6830256312684734,0.8801184735094708,-0.24828900266524628
160,-1.3098134953578235,1.09549216903808,1.2568754023434177,0.34886572873139643,-1.4454371090556788,1.1581417023829066,1.5470550875612696,0.07134454682267714,0.34362406572945553
161,-1.0174475012457476,1.6555740993737758,-1.1106941737639233,0.8653740648977762,0.15920182022077378,-0.10124139288591635,0.23981534791718348,0.508676726460105,-0.5967048211787932
162,-0.9803620683409284,0.9584258630064999,3.043967836829997,1.108027522571591,0.6593572919940192,-1.1330204461721982,-0.14236740281680377,2.256785285044707,-1.0630413771881293
163,-1.2388816002822562,2.379728368932986,1.635018411626476,0.9691716465760397,-1.5605078510110761,-1.3371761390775796,0.7453083908053736,1.8446093443077125,-2.3172775206063596
164,-0.11748771967923716,1.450664622468356,1.053153406159491,-0.4802996489473609,0.2197706602998667,-0.2641615122227632,-1.1339536129046293,2.616126287861527,0.09118599339533062
165,0.02469282972385425,-0.024723495914042232,1.3532722395226695,1.0044574678940281,-2.4072280074556414,-0.12325333817786557,-0.019670236172442672,0.5152882918653026,-1.3037867393507774
166,-0.6075924592120024,-0.04249305562581642,0.7090761338835814,-0.20310082323849707,-1.599083464323388,0.16923129918439286,1.0382231178070747,-0.7132986767360063,-0.4547778062715275
167,-0.5334918906773086,2.7484316343473383,-1.7497967586426302,-0.037207190451558764,-1.0138622385542044,0.3833866498359022,-0.044337344574188454,1.9514943515358087,0.17998155737042848
168,-1.8651468239197369,1.175034981495913,0.0915430801293065,0.8946130126476824,-0.0929986133175386,-1.9095352788964002,-0.3353597771298515,0.3975348865592644,0.23698777644864366
169,-2.4682855267465387,1.2601221212623184,2.065771648686525,3.011825769989874,-3.4920680136666693,-0.713603582337215,-0.13738272351302944,0.8432081479283977,-1.4057054468575991
170,-0.3753986154143083,2.73443247859981,-0.4142145923611262,-0.3898796264444131,1.6925128740216115,-2.7502955370799476,-0.5982150548029169,2.2918983808553164,-0.5138852714843535
171,-0.9658224899980727,0.8598120038285002,0.05761999052420223,0.11888120038188243,-2.170925031522661,-1.438327399341555,-1.8912994245088801,2.5222961163143656,1.8811761446450113
172,-0.10571827393230504,1.3305405433706932,-1.9901287336829632,0.9908756486510216,0.822183575249275,-0.03146013617785889,-0.22240876121650288,1.3973370967200112,0.24110654043610014
173,-1.8912659646846053,2.6309942438224287,1.8483515598578923,-0.16325084737866669,-0.11380141671061628,-1.5223743736220146,1.3969290835052959,0.5557427101075947,-2.803892608881783
174,-0.6905106396128797,3.2204747422756412,0.5398119333222027,1.6167905412104164,-1.9978062844633209,-0.3274049556312387,0.10068052597634175,1.0053384037548867,-0.6275062919926616
175,-0.10596672452778566,1.7164054146564038,0.2657069402699965,-1.5939182460060783,-0.6918153634400659,-1.3448706782683,0.6716872685298763,-0.42139665487828226,-0.5114457118763174
176,-0.4632798496273331,3.6448905379402894,0.3629033124694135,-1.0539041957148934,0.7836633207275931,1.4009064258364425,-0.6687914549850468,0.7681756907280503,-1.737731385998759
177,-1.9983683936987955,0.9811159374680614,1.9504213551143748,1.4075152692492348,1.5390717064044983,3.554083636273236,0.9598829107797024,1.3566177859992528,-2.568405609503755
178,-3.0788725134146384,0.9021013226462353,2.6738813232996024,2.472995972868693,0.8172533766307888,-0.9210870748551263,0.21796279222594245,2.9731518741213185,0.9579399593168781
179,-1.6430562583945492,1.6991504469752914,3.7036677122917414,0.7903512725159704,0.2781418150159832,-1.159110631939643,2.3637730637336314,1.3358267273648496,-2.2407729178648785
180,-1.2244331311797931,1.2775622778482583,0.12727502245136466,1.963509318893071,-0.49740860700653416,-2.599568848405819,0.9814112801131641,1.1537922268536054,-3.2436383303859126
181,-0.5833205769151513,2.6180108986697967,4.094824737417437,-0.010769921799224424,-1.6938027738419883,-0.8569709484731823,0.4659553481075154,-0.9566660053790922,-4.130275370390393
182,-0.4178542387913405,1.9567546934968147,1.1079642605653375,0.9573469865781622,-0.11361802501351717,-3.6999364291079884,0.834101618869322,1.5589890699544868,-0.46147938519994774
183,-0.7065225300402656,2.728223364048631,-0.026262385614913095,2.2329597922570317,1.0305013843927302,-0.35902514367853655,-0.2789541982893605,0.07875559773346308,-0.6853549153978683
184,-0.8327049386705797,-0.6396144282023711,-1.4153396175244946,0.6669972013893821,0.17034383417963,-1.8901757664699579,0.5400713340327462,0.389360508250072,-1.9240777551526824
185,-0.6706889596137946,0.4821185503373411,-0.8487109795958383,-0.2254710730972088,2.3413272802145824,0.48708090635408713,0.23938421607273813,1.4798861415916205,-2.4337327507988515
186,-0.6837781549808434,0.44894398727134505,0.7378957928565878,1.5921670448456002,-1.1700496544369081,-0.823013166952895,1.7984176824844906,1.20960675907305,1.0165115551304893
187,-0.5644906305141466,2.002470944935053,-1.7449168531059447,1.263567306943821,-3.204901782902945,0.060820696336163126,-0.8165891544618931,-0.23084299408418973,0.5546286132662936
188,-1.8557972449764737,2.092690682165919,1.7035061592166492,-0.2565665914355476,-0.91403710653822,-1.0013566628172947,0.1073440903006282,2.8556298036504626,0.44835225694504843
189,-0.5400980967436417,1.0008895424643696,3.6446697892588715,2.049849872474973,-2.169292072824162,-2.327233245772754,-0.2286256480769529,1.514998750765711,-1.0995462363644537
190,-1.4106469300718933,-0.299913348208232,0.1695010953365776,2.3007550828214733,2.4289826070486202,2.081877991858113,0.5741057930054604,-0.251879175588478,-4.4273679141304125
191,-1.0435687107944578,-0.13872306460480013,2.2993168179689656,-1.001310052350649,0.7383841849952759,0.7959531936388172,1.1072068090891147,0.7615786027592906,-0.0765250503780106
192,-0.6096964537547868,0.6318124461323301,0.34096846295801503,1.0325831434797061,-0.7323960369739784,-0.712840486123276,-0.36403370873616697,2.2896227062806664,-1.6317176539596518
193,-1.1037589009039401,0.9575933655540432,0.02167455342992754,0.3022931898657789,-0.3768645054090014,-0.9157593865928658,0.04287406699167449,2.3544156011681268,-0.7788929025662267
194,-0.5458745963623838,2.682394225819421,1.6728252839835418,0.8384936760310124,-0.2999784733540151,-0.2308173650764461,-1.0238681833007965,1.2222666892188798,-0.8655533743665165
195,-0.7894414552033259,1.4910613822987722,-0.06443963112923283,0.46339598411499394,-2.367477883281305,-1.1224505254413677,0.03975501904128575,0.8956783517776405,0.347299798169351
196,-3.161542770759915,1.4653977128810574,1.1058892538793885,3.0115644384959235,0.05086394461316845,0.4308636923562077,2.372677762015719,0.017699485826758357,-0.24350423256587866
197,-0.16408962031983707,0.28870003645027686,-0.12769288045249,0.6700791005576343,-0.23208194258431292,0.48824910249765435,1.3640051993945066,-2.673809760605588,0.15501356965212743
198,-0.8348074850646747,2.352063431571389,0.11436340131637393,0.786672062283078,-0.014825434419422093,0.37542656277221786,0.12923765083439773,0.34080653206337164,-0.3349721224515037
199,-0.4523098750521442,2.4102756709891495,1.0728752115895175,-0.7478589674501812,-2.4084281458364747,0.3392190888438364,-0.29026035454337346,1.179178513030098,-0.1671218953649547
200,-1.2554478420278898,1.9055600222193554,0.282038277457121,3.2019877622864223,-1.8130896613917975,-0.7167654467037634,1.731403814845263,1.219171680958539,-3.9638159059565115
201,-0.7774110634065087,0.6026631838885314,2.915085980258516,0.09920569972820785,-0.00023946875321317201,-0.10181693250848248,1.385222446971536,-1.6554647728043774,-2.2265404952910703
202,-1.206528386288517,0.7702012925401682,2.5006514220301175,-0.41984452779436865,-1.056474772329387,0.9497214564960064,0.21582616461048526,0.42388124575802427,-0.44229874501358396
203,-0.9518944441588522,0.7186720534622747,0.3603058529665187,3.31644994503087,-1.9429332441896219,-0.8862728478201617,1.2984251717530937,0.5533377929841278,-2.2688115862682072
204,-0.03888536889364164,1.6311648034219093,1.6720598257819197,0.36790003991959164,-1.5792477647651098,0.4681708090354268,-0.7205916362296135,1.0489697474048716,-0.3754024296275536
205,-0.7331435577651539,2.0767120855277477,2.873558515003843,1.3508386221465953,0.3297822285421175,0.6583831794344496,0.3738033031594861,-0.00993830024148075,-1.1807287081927604
206,-2.2805054929834907,2.881203211868298,-1.1282535466342063,3.241000002107178,-0.6475843597270181,-0.14105137334193657,1.5780669337659725,1.9691178930685516,-2.5671813168943776
207,0.28656469399584394,1.2401463602377663,-0.5175343235697536,0.19492950812623835,-2.4294102162361244,-2.0103061922392613,-1.0837636019023371,0.8116997310256129,0.08467580988863942
208,-0.3390222788591035,2.395787793877684,0.06182767277940911,0.6146866869965557,-0.38331078951520825,-0.05984043103995929,0.9296992430539662,-0.008104917432965528,-2.7053322681542173
209,-0.7003095584065812,0.9930226802720483,0.6204676455635206,-0.3792452049507563,-2.9205445292008507,0.21348776937948255,-0.024051601502923618,1.3600842601357037,-2.183118156182004
210,-1.114370520742053,0.37584953433105645,2.3476748895195043,1.0614284922795305,-1.0251770393586264,0.6934022944566962,-0.7287051724032173,1.693301560237692,-1.8040992623720735
211,-1.118041701796352,2.4281622590233756,2.3592741479856034,2.5166358033439353,2.52117819221495,-0.16070923030513617,-0.3095959645366811,1.1840603694818321,0.46447384479135756
212,-0.33032345656111606,1.327372295435847,1.0661655823795337,1.0909194984703758,-0.304908713847532,-0.17421813107715414,-2.948001732800709,0.3746627065751717,-0.195420333438659
213,-0.9648942680639353,1.1430783850530575,1.6268914846087514,2.6512629985654432,-2.094813478161098,-2.2147605514276116,-0.8925046217277606,2.287109553084783,-2.4431093108465336
214,-0.9683342418360752,-0.4078314151391341,-0.9038226560964857,0.39275660604179474,0.7354632341014637,-0.42473206912756434,0.0813078525046139,2.078754992023322,-0.29327940520313156
215,0.040570108265623975,2.9936381146289164,0.4032650702064638,-0.004624421936076567,-1.337352294727556,-0.7699507818044128,0.4408287279460588,0.9346634521571356,0.2908537546699157
216,-0.41674421213318597,2.523010525207955,0.8019303397510116,1.7032700219865216,-0.4327510470515528,0.6316575234501688,-0.7659653316969305,0.7310616266577219,0.6226550190735436
217,-1.3671536460954927,-0.8855373218231818,1.0303397207539264,1.1237939045030583,-2.107017202117939,-1.9146144074856473,1.411740154060374,1.825283386019609,-0.9278265620442233
218,-1.7281696667056339,2.50500422942862,2.4005179609563605,1.2760378772341654,1.3956347348798976,-1.1265197999224448,1.7804411260210313,1.7304721552503017,-2.7125137996749777
219,-2.3730167068101338,1.3557648580800394,-1.7118351827854428,2.275583296122253,-0.08422709250473989,0.390541835127941,0.5844017457098186,-0.5509577884029107,-1.078763487306046
220,-0.5006745243408239,0.6253312607730002,1.1353585186310775,1.6955256739145093,-3.3662194763009814,-1.288764402364037,-0.08186696650489522,1.211847152500078,-1.3073548361353977
221,-1.2838604365597743,2.7051281249113144,1.0469578200631624,0.8505381916857359,0.7772749497888913,-0.1688868607070758,-1.6947945881563289,0.2234018322379232,0.17716451733640398
222,-1.1529952115765225,3.864093835811969,1.926862096951428,1.9775935690083175,-0.5899387317933971,-0.11500295023270352,-0.7053259845456215,0.9802093860847307,-0.7648127819258577
223,-0.383714050690734,1.4100698844441049,1.1254458436801797,0.8979072225796488,-1.0367491203518775,1.484332644426791,0.9945561952592987,0.730055383995722,-0.8708257583324397
224,-0.4760250062414911,0.7426819825494025,-0.9900529504067462,-0.6300617311902774,-0.1532997463251497,-0.32448693199327305,-1.9840199052366632,0.8478585276092983,-1.5000275287097442
225,-1.3570044408216981,0.7352815030962189,2.76953241251932,2.211584393460572,0.09133083845419808,1.817203381010816,-0.09717310484410277,-0.3295325759736502,-3.0358598719568124
226,-1.2930139775461889,1.9412530520766937,1.749043125717401,1.3070188101424551,1.4989241044384358,-0.9586391476497936,1.107072143198309,0.6732687953297316,-3.085209728431265
227,-0.5096762579689272,-0.7691123314161001,3.769786901990468,-0.5407400175160172,-1.7956473710901457,-0.3225571840175805,0.2568903212665447,0.07705011858969643,-0.2640307382390292
228,-1.6993756711846757,-0.37413764957039997,0.6451699663659574,2.1933576176638034,-0.6276738294888182,-0.4700955822363489,2.116605545801855,1.9967293247278128,-0.9765312762603807
229,-0.16247745844760159,2.837933125107547,-1.3175232925106029,0.5545076077716088,-1.4599506597078016,-1.56119103772512,-0.0807098804059638,1.4239231852339047,-0.5661722715847737
230,-1.0529590034037275,1.094926285630465,0.06997604563553915,-0.5956135616108815,-2.1263502338072877,0.46742161225781087,-0.4329674865412666,0.7890442056750484,-0.267924008887051
231,0.44985887114928325,1.475542347445601,-1.41941122793342,-1.4275546169573188,0.06902664509199784,-1.0903627329004824,0.027479781849990465,2.4402070240592235,0.794414028264676
232,-0.6988628992416894,2.16698383253391,0.6339664019599094,-0.9584744484729184,-0.03343101045767202,-1.0683116203697582,-0.5779675188861118,0.8258362785820236,-2.9937741628258903
233,-0.7574604567984027,0.10972329428780653,1.9558527970252204,-0.17142841562726302,-0.42314499875125827,-0.4745213944189129,0.7364876074627059,1.352498894503101,-3.0173085897048812
234,-0.3774116248437303,1.2886435146777793,-0.6168053082502778,0.4311705653423683,-0.2697076626994572,-2.3650930795432923,0.6946870804637468,-1.6314044900358595,-0.21488905852530582
235,-2.1312718672743394,0.8303821445838786,2.8745308869468515,1.5602370571118613,0.66382615339891,0.9627693378468923,0.10979792183067698,2.108612575641752,-1.6924941854821833
236,-0.21350020534325248,-1.0286645571773079,1.213297984310517,1.591678439252395,-0.8770013218560548,-1.6825382647656266,-0.9570954245543738,0.8131230617373718,-0.8977268639484651
237,-0.6067061508384999,1.0075083405734193,2.17647155154097,1.1785082049875768,-1.4354254592076956,-0.08927397821168143,-0.8523574367787318,0.7181495782420474,-0.5353226082076229
238,0.048081510701935296,2.1509956865599467,-0.1690823740125467,0.2715746843577045,-0.6465978258779583,0.21525544306372799,0.4683305931293024,0.22963416585922952,0.9903118444163113
239,-1.2438437852051902,2.054815799603914,3.3460072361822304,2.131349386582168,-0.4402043837718792,1.0597183351958346,0.692461073388114,0.9235592178562114,-1.8868977802945581
240,-1.4551226381190865,2.3876621617377793,2.8077599452430815,1.4267743887475888,1.388643949749058,-1.1267448506722944,1.337275862513339,1.432085458459689,-1.8035029843504167
241,-2.6964748670373435,0.49148917713115536,1.6378370638461364,3.7429476639847437,-0.6639652436246577,-1.7187675745368736,1.252998464153389,3.6915360582053784,-2.4327986210792014
242,-0.6391460468752104,0.210016003433811,-0.13250741368625021,-0.7613248735305486,-1.281901127779545,0.21314816625357771,0.34164859745299153,1.3390824878886076,-0.3220863629765923
243,-0.9118264042136377,3.004293127086783,1.5237016219952149,0.9398322969521674,-0.12032889650141618,0.8686952072441225,-0.198382729034211,1.9081731575605498,-0.12319657786131805
244,-0.8110514747066139,1.343657323438636,0.26373464584559514,1.3781960674405414,-0.21578016061972966,0.82100469683757,-0.737603087142298,0.5173239329769945,-1.047674078520441
245,-0.5342589129744932,1.4061283108339429,0.3291786502514629,0.08181600137299908,-0.21828267526893347,-0.2785868320032231,-0.09490633369984446,0.8413826932398365,-1.2068484058184226
246,-1.471676053404901,0.438792531752664,1.818526371934632,0.10114680789366526,0.9093918442551976,-0.6109390423933038,-1.935512882879665,1.445262602119046,0.5401685773840214
247,-1.702000213117733,2.5192407543801263,1.7658366023806824,2.0365873834574773,-0.6940356613196386,0.022020974852295164,2.8733729138067305,0.9020669971041289,-2.0664301911717105
248,-0.37769980643289264,1.351698205223385,0.41173259020746933,1.4445332125692223,-0.7221359006936203,-1.3100692352827932,1.2859879225132458,0.8655221355487657,-0.8418782319194746
249,-0.610381593587513,4.001632237131776,1.871337731781996,2.80333786452982,-0.24969242394690733,0.1629917499850155,-0.6788395571273157,1.7968824677144841,0.12680452710412843
250,-1.0649273316852907,-0.5333637861412939,1.1320730402776975,2.9361205652069304,1.8706830897884434,0.6771157157440311,-1.2045151897890773,-0.46747618574887484,-2.82113647894655
251,-0.04995787239603001,1.918312819122147,2.0960814457619223,0.4749397970573568,0.6924152418816794,-2.074520730062333,-0.42467142281230763,1.2722564256250932,-1.5041576481748729
252,-1.193730558437747,2.6177880239933606,-1.2054937805254393,1.2995583860935476,0.06492147879778865,-0.9246898602294814,-0.9696520139026785,0.3341478237454036,-1.1693911977826708
253,-1.199487404609992,1.6474413052320267,1.0678912359746073,0.9098154243551085,-1.4835237895091418,-1.3328625948729715,0.34090031403610743,1.4083535742353566,-0.07854766350295406
254,-1.391785910537585,1.2842047787729352,1.5629043298964147,-0.21546624975276743,-2.099791414314621,-1.3243072344191018,-0.3206801272521036,1.3610705101473846,-0.7278625193554346
255,-0.05608244489615439,0.951325249749577,1.1465667258941508,-1.395887140924277,-0.7874281186144045,-0.8821492625786366,-0.30420616743841883,1.6909238542062415,-1.5983747810651663
256,-0.6727576607042378,2.3907919565436764,-0.942241071564735,-0.03873184369877383,0.4693823375631788,-0.36801430382407213,-0.19281417301559742,0.4520053084369261,-0.5716103489716684
257,-1.87525092970578,0.9477917397206785,0.06927042991892318,1.6600006078288334,0.017610373556542942,-0.18362487490531185,0.1263666837515708,1.7021080591084419,-0.8351991960280601
258,-0.20402869228035386,2.236291718046807,2.180905041994631,-0.6643736711908913,0.1937926370147212,-1.1124042359443655,0.5740780307275983,1.9080378726082896,-2.508836075001688
259,-0.2183344359855713,1.9625255617446722,0.46508217106544947,-0.3878106397166641,-0.031192418424047456,2.269666412101065,-0.331250080658106,0.31376099784605127,-1.0984440203875019
260,-2.179888949567395,1.0650836733986102,0.8504272590069257,2.5419831036465124,-2.302182315358062,0.8987304305556326,0.11540977527811308,-0.46946089223825294,0.5975441328487852
261,-1.0454825841021809,1.6026740190381394,0.9526281054730243,1.287735749307236,0.12655010000626327,-2.033651582528842,1.0562075465303198,1.5571632097354933,-0.32770667374084644
262,-1.801132031746248,0.9711344942312524,1.518438198948035,1.2804845590544525,0.7642253502112255,-0.9684349040970203,1.3971919667336785,0.8743296887986398,-0.640883380527378
263,-1.5055443619330184,2.5911653284239424,1.0857018487307053,-0.1918454233199011,0.9833918910670343,0.24815377865982838,0.5606217007089753,-0.278913902419774,0.6165775506314632
264,-1.827470960106469,3.045149619226053,0.8444846648179312,1.6725961114333823,2.5764768503010282,0.18639092551623238,1.3371900213826946,3.1295467941479713,-1.885856014919633
265,-0.36651124415697944,3.903389352596919,1.3946728584193713,1.7658417174893062,-0.10834188629738065,-1.917492791990395,-0.2514473291963062,0.43929570081312297,-3.5345380457849838
266,-0.35284233418178235,1.17386459102788,1.2554900789283971,0.3502610913832477,-1.5200329538047974,-2.0657071146496193,-0.20362938081290874,1.2964731620344445,0.2858625499625857
267,-0.8432011203703204,2.645325750560297,1.9809447236129303,1.8791270655061583,-2.05717955053993,0.08764889015672984,0.21184811912154247,0.7393930871799178,-1.4527279551540273
268,-0.9153601352694878,-0.12265770329845438,-1.2530504774332178,0.9592736740924312,1.3040594864188597,-2.9557897800228448,-0.3782045719515281,2.96129578639866,-2.7190058584959576
269,-1.1756766128558003,0.4478301680916883,-0.8972341791745364,0.35916918653303753,-0.26651322597992183,0.1904269957883154,1.4846513492485824,2.122032064287532,-0.5661813391750776
270,-0.589124384480605,2.122302490362153,0.36833431637487946,1.7818505476067739,0.05269463197241413,-1.4229451848792862,0.5494764651696287,1.9279617449659747,-1.0443770858940762
271,-0.5616374879665709,1.4158743458910885,1.2133070072213394,2.506275274116035,0.8702440505229376,-0.9280330178611584,0.7229662475534046,1.6749180546745666,-2.0348832049124317
272,-2.0297197370536293,3.008889085984492,-0.16869702782959176,-1.2676070975874485,-0.7809099350804276,-0.37650175437763467,-0.7841265512755804,1.303135378190653,0.537651985237986
273,-0.658076370668219,2.24643584103979,1.7822721410476454,0.35688997547850176,-0.3447380655800169,-0.9879515144735102,0.8477213820259472,-0.2685809058952538,-1.7955852988316432
274,-1.6208651588857772,1.7033794385404135,2.724957656236766,2.219374938196676,-0.11383144110765248,-0.8482693865409505,0.9862570747486145,0.5197120611405586,-0.33163260450579646
275,-1.3667461784300123,1.527970929326497,0.6245322478863703,-0.13567367287859763,1.9106060740896493,0.6517980640793868,-0.843678772849433,1.3929956501225393,2.1531381976941977
276,-0.8233496498839132,0.8165703945512722,3.217387832434286,1.4205573125065112,-1.0239196996858104,0.47817591501739726,1.122001967629732,1.3512882239501107,-1.1052228837314297
277,-0.9594017297153183,0.7200396547668021,0.40806937601460724,-0.009360054195702926,-0.7110718475732329,-0.8269853169776895,-0.5985564512605474,2.340163639650645,-0.40322834549541664
278,-0.7945755146878363,1.8775596644380572,1.6899360517439017,0.3664707884740088,-1.499734786407094,1.386090398906868,1.361951628307163,-1.9025528431650507,0.19346252438758588
279,-0.09640886042733043,-0.18449582338496956,0.7404453345709398,1.7156240890108532,0.2065584599778611,-0.6960352954176768,0.06893954834847595,1.087886475353458,-1.7937934422365711
280,-1.279341467887107,1.8094957504359495,-0.7082132203538284,-0.668291451787616,1.4684283620562908,1.2008381109989543,0.24083953729007485,-0.5796127309709126,-1.3226810787692096
281,-1.795381971185004,1.3618937411581782,0.4237220238658349,1.2393584003490845,-0.20907083850796782,-1.0461366140979809,0.38897712577055005,1.769921831293194,-0.6457812646178295
282,-1.8372488600563377,2.3004639366658814,0.1022146870016683,1.9690792203344532,-0.2743911336368592,0.517535729624476,0.7926502349666125,2.2585152778694733,-0.43398040633804524
283,0.044447666024021074,1.2814649720198377,2.2815541230014103,1.1386119903134138,-0.17558327174249336,-0.3495766157424197,-0.7511783804058773,1.111702061059045,-0.46416905917386897
284,-1.7764808999955184,1.098641574087122,1.5426966888991878,3.2855541556093186,1.0489742192007432,2.099898010458154,2.2399718964017405,1.5676048073098194,-2.207818272170075
285,-0.9603326824441268,1.1924291819033528,1.031781021256477,1.3178158472657346,-3.811647193219659,-1.9549922700044073,-0.5684287687014801,1.512567352505006,0.7340066652103543
286,-1.6239196768525135,1.1006094193557314,1.1924468258093859,1.8991386511061252,2.2547030841373363,-1.923570792417137,-0.8730048667431722,2.36349721188424,-1.6384610865340585
287,-1.6211493270342863,1.3212718045793046,4.785054288655205,1.4734407751247032,-0.5544400538643812,0.5790423226357376,1.7545529484727325,0.35189559952612287,-3.285758630694661
288,-0.5324803381300236,1.0187288101292677,3.093634493253027,-0.18600236724197963,-0.041409313500793896,0.7412684353950604,0.03303647190255709,1.055294643347381,-3.5175846744466224
289,-0.1550782461590309,1.4944657205086955,1.7247156061184021,0.8716293292571633,-0.9213164943808778,0.6255491072815963,0.5462154653007599,-0.23298084914137684,-2.033981315513863
290,-1.1538130432048617,-0.17694933288228437,0.3395249505282968,1.3770843126849877,-1.8673427837105117,1.0439854602628698,1.5267557119762998,2.0393875575521276,-3.4839865656769136
291,-0.8459956335838196,1.8050455894329256,2.3403512643682105,0.09400647804338595,0.38075785501783577,-1.285435658962621,0.2547076116197343,2.262750313281474,-0.4325837035741375
292,-1.3467408731771293,3.36392179511688,-0.8622910735912436,1.0518296179057722,1.5797010387241237,0.2077491254065503,-1.0428005493486876,-1.1311010277986853,-1.898072074079176
293,-0.025240441295130554,2.8954436588684334,-0.4553563500784057,0.5113541489268009,-0.6131734275963459,0.21192168042141762,0.6585347742400115,1.5758842788305774,-0.22807665121450282
294,-0.6813363280366938,2.4049548151905,0.44621692895602943,-0.24607642914157543,-1.1311902121662818,-1.0642886773430915,0.5212601924108137,1.4560870204215903,-0.09015672935183516
295,-1.4078742632157635,2.9637698385571203,1.2774937171846825,3.7666182277019424,-0.6741225348295332,-0.9109783236936597,0.32523591983184225,0.6062695715715677,1.0463267156008749
296,0.20109245512739948,3.5230887599106326,0.6548023616743638,-0.8263781223195963,0.984894953420197,-0.7004760795239346,-2.2219207684310893,0.8348934763661046,-1.7324359132612286
297,-0.7089603849194389,2.949117746974799,-1.4727877023217157,-0.37509829564417463,-1.512690418415793,0.2836327333670994,0.48399844191565444,0.9921855108153894,-0.5892825787191294
298,-1.2676912358090584,-1.1411824197926208,1.5709949900686977,-0.9428554237838463,-0.8895856898422672,0.9396417053930411,1.2812886859057246,-0.11187435600779642,-0.001513451567832249
299,-0.887981105144965,1.7386216033292767,0.751443211650665,-0.7407252077687115,-2.099590414167098,-2.6633933440219457,1.75079670809063,1.1734716454666188,-1.1259552572881488
300,-1.313256034421927,0.3151746533684709,2.675294503856774,0.48549864316897284,-0.3462987479754692,1.2455816835080293,0.3611958791123511,2.0718077690791983,0.5095266289921675
301,-1.7309279348262248,0.12406514969202989,0.487629593000674,1.449531893945118,-1.4890094185352822,0.16451123936682727,0.6006816626945252,1.099015609222934,0.6991748604042857
302,0.2791464075202519,1.5683646197275511,-2.2712691443465984,-0.5846598941921958,-0.5675762928806354,-0.26844084408024876,-1.3512956509309282,0.8463887231099823,-2.0586501986908865
303,-0.9089953149018155,2.340987395719398,0.9799022624636415,-0.17047672641175385,0.3211263456266904,-3.180794884809925,1.4079378525837793,2.6750252034439828,-1.525823143941208
304,-1.996522873009205,1.1029548896977666,0.45628430740704906,2.0509107097394472,1.265513436878246,-0.9235543106014756,0.723676258388138,0.46480786363584325,0.44005511795980373
305,0.2300204664656293,2.1515236284101733,2.468277743605417,0.583575004040809,0.0666620537080844,-2.5710118558869732,-1.8312784684879877,1.149446724951809,-1.4432578645915428
306,0.3553979319909388,2.7564616026054676,2.2407414825264627,1.6693382350091233,-0.18839445583267578,-1.594787004906057,-0.6682007423850477,0.8440042041672667,-0.5657870249356083
307,-0.6557530850382043,0.9851927364939952,2.6620691942189527,1.2518427116179818,1.9923362515749634,-1.152235044105123,0.15374548206507618,0.9587030528735995,-4.597905443344345
308,-2.0305498986336654,-0.20613671786506607,2.642763143495369,1.342132574176846,-1.031249170065226,0.10662071448600585,1.307909904836003,0.04239676059115333,-0.8920879142485861
309,-1.9483216990197043,2.6444107195627793,3.527520519991081,1.7428469064351737,-1.5778449512355242,-0.6657461928957951,0.8415010405834102,-0.06630629025685127,-0.16289668164549204
310,-0.12362119829380047,2.2129175018852747,1.666367507866905,0.12543163760993037,1.3537610441469838,-1.1969178709295265,-0.7179190040322971,2.2241462492962945,-3.1803223698232466
311,0.38720380784365377,0.8566401748927319,2.933099915111886,1.124308221743249,-1.2771308917784623,-0.23334740568321863,-0.5090202996161649,2.3174847557471723,-2.184680132571036
312,-1.2914245722962132,2.325420443663412,4.948932074258775,0.4176084302618899,0.03859059164037981,-1.9913833966701329,0.9397905588776131,0.2985273485342535,-1.4310013371123098
313,-2.360487324350675,0.02116095565707095,1.3470727989789992,1.073117934304409,0.0007952606390320069,-0.8649926392114348,0.951075108290937,2.358995337447697,-0.49373758958390307
314,-1.5877947389097637,1.1478409457555696,3.082447135046029,1.5491294570131906,-1.2110007544926926,-1.8843601393535632,0.3965462616809803,0.044283668347619515,-2.2903474490768634
315,-1.6587707404568381,1.4567666480395791,0.2912199433295128,1.4274327755113796,-0.5942338955708037,-0.7776763802293861,0.9914413765548589,1.402271185491443,-1.7376046076528422
316,-1.625206956910233,1.469416619058751,2.281249096054964,0.3268634504762631,-1.3354484883302702,-1.3250781383410988,0.4579399639389019,0.8052792110071353,-1.0242251220759822
317,-1.188345927854318,0.0011448071236074206,1.7119775336649963,0.3810994300263707,1.4602521785554359,-0.6451158258346704,-0.29566993697540617,0.9457822044475411,-2.253312387745264
318,0.04803321106417885,1.2291831259148205,1.2113843388064618,-0.7205607853950247,0.4920019729147081,0.0374106323769161,-1.13320985184975,0.22821453561266652,-0.48933808712349325
319,-0.3245150149198567,1.0529789524007884,2.4147459525094677,1.4980452195806055,1.135558968999038,-2.012949144316412,0.5634217546431457,-0.8338868005943272,-2.5090637722693216
320,-0.7479475266829914,3.0479867950994604,0.2921588735617782,0.8348780283614872,-1.0145906965888514,-0.6463871952632907,-1.2927716804810268,1.5544081981897055,-0.37994457871691234
321,-1.0764429273109153,1.5641439838312472,1.3480252854777675,2.0024155087075726,-0.6921853712116306,-0.8393914218860002,1.0644781091624191,0.4925797636872189,-1.288915639374724
322,-0.6179676584326748,3.61676740298452,-0.9644687933732922,0.7048300774680848,-0.24766908527439147,-0.5921443876152163,-1.1001441833153698,1.7634301001307808,0.6369076758071968
323,-1.5897792818735226,2.56401332681347,-0.5525730895279803,1.621454549673092,-2.1686503798531955,-0.9111650222951362,-0.7880486953452988,1.6882004740341836,-4.1144530969832855
324,0.09096315744251882,1.0744508044534293,-1.0782738915668189,0.5161928701382545,-1.6839448891068602,-1.4101287034034837,-0.038627179478195925,1.7377301767178432,-1.9940170866773965
325,-0.6440619324157649,1.1643744270128096,1.1100063292467304,1.8183427088210296,-2.949466105427647,1.0031983365634833,1.0510677146171215,0.14842974331157405,-2.8205126623173036
326,-2.6088135445467016,2.0803532813700887,3.030428564935983,0.040000223233886516,-0.11871948203894725,-1.605186357245465,1.9489617537835628,0.5733175474354022,-1.7722651357531687
327,-0.9236725914971813,-0.6454610090411526,0.15627766912188917,-0.09041803399128487,0.6917557101476204,-0.5168405448774736,0.4563701180911691,-1.1449981501877866,-0.3715915019350007
328,-1.8282054611216605,1.7831198028824478,2.0638996136935446,0.6669308147598706,2.764725045964526,1.8297967851135306,1.3388662264849818,1.4635082273351436,0.7060730297280466
329,-1.0257494480515248,3.6618597076430492,-1.0764965533369368,2.230287466980185,-2.335944310137451,-1.5025975349099192,1.144713353364638,2.2990657257181657,-2.211614402059007
330,-1.499969237733437,2.62977363407956,-0.5038219519496688,0.29557587456499135,0.1489473370695648,-1.797329076213108,0.4254031605167348,2.4642570874608443,-0.30941526610825254
331,-0.3366395777571524,3.39347528415524,-1.2722900389401581,1.604253036337428,-0.6968903659148298,-1.4827596073171936,0.10570642995968645,1.0744202696018619,-2.532867540164009
332,-0.6372344906053901,0.7785879114377512,0.9582803020952556,2.4565642915339176,-0.8470477773718523,-1.1304970978866182,-0.3967798807696615,0.41688635271156793,-0.6232790737480275
333,-0.49827432132757127,2.807507577082734,1.0122691956054946,1.1720731277002556,-1.1837234432226935,1.485398182079243,-0.12172016128411342,-0.7484807127201297,-2.680644746041569
334,-1.0311413607540767,1.6112044748060927,2.4733897919933607,2.712392818625478,1.0969555506663187,-0.40045563110180665,-0.548269418843766,1.4480893114452882,-0.9658816433258521
335,0.31008012548094216,2.074294398333784,1.5352343036435945,0.6486296016375673,0.098069064805924,-0.9828019449137612,-1.036562285953021,1.8774856964651856,-1.24858031100915
336,-2.6454435967522643,0.3547173231634895,0.7436019517416023,0.6339257429802129,-0.27827100179696235,0.7939717517718611,-0.30872488642925344,0.8322572852370201,-0.8593172230941163
337,-1.0376538922880532,-0.10249716902096742,1.9327369755087158,1.1709407193266317,-1.254936120488759,-0.8850796412711117,-0.5511009618170799,-0.27139431382331214,-2.258736653848779
338,0.43158294506111183,0.8323671274997578,0.7112802207549377,0.940766261991353,0.2187121642104906,-2.0907607628231135,-0.7845166468722057,0.9615075391321442,-0.9337698637334723
339,-2.338889221042316,3.1839106765749703,1.0820643892541717,-0.327740476714357,-1.4881948654374466,0.11309726730697826,1.615797837445394,0.05039955897438264,-1.3314637116519803
340,-0.3741525455307172,2.2379681380499004,-0.23841557053681553,-0.4214906633048098,-2.215497651736436,0.29319018312057576,0.36358376999826236,1.367203671301439,-0.2716639071222226
341,-0.9160305867369373,1.9350724150090384,2.3681151989744453,0.3359731923788043,0.34242892751157716,-1.205753021888642,-0.7656407266019284,-0.42869604044993215,0.4318058357011635
342,-0.9080085050092784,2.818480957574959,0.6034005469395199,3.2501145702123093,-1.1445229707017703,-0.3103902437929166,0.4161941240212216,2.0371149650087643,-2.1825156651818056
343,-0.5333089274343401,0.9364901008105964,0.936431104535864,0.5628722809398253,-1.7743602829666305,-0.8431962638809789,-0.6328541284514224,2.864941431227853,0.8215417396791318
344,-2.215799892509549,2.731100954075302,0.7822953469872481,1.5782136290782927,-0.18584374302309725,-0.97595844590137,0.7981468309935129,1.7478507564018542,-1.333444896174233
345,-2.893094069394206,1.3175114978253413,1.086451801541885,2.3322831258574204,1.2773455618123544,0.982628286192082,0.7005264966548347,0.023375609114328587,-2.3024682985382143
346,-0.4243247740133286,1.1016329035240324,1.762167168511428,0.3106358606082146,-0.388517530836661,-0.7212154113019137,0.036249327459251066,0.4185655528496715,-1.4889665798039262
347,-0.2660693474728081,-0.06524351285032189,0.24977309296498004,0.6067589853763686,-0.8882848838875494,-0.6304138686618344,0.2545411007631457,-0.8431667967979877,-4.058226312854951
348,-0.6257905990277223,2.5541998495722917,1.4086412003833724,-0.6192434081953133,-0.49867310730960573,0.7210066178939734,-0.05841354177193794,0.35496998656397444,0.6298127481697562
349,-0.5046444791575553,1.49609251807044,0.6769355181214365,-0.04862585932851224,-0.8306286615711527,-0.1402260085112597,-0.18280708618428756,-0.619749699990695,1.7838437907302802
350,0.02369004009237664,2.3487047937541856,-1.4837200537966329,1.1765923079349936,-0.5880896141862497,-0.4003718054889195,-0.17445836624957972,1.3477937682138217,-1.2463894804407025
351,0.11001788237989427,3.6161078167194436,0.8705790981187745,1.5350020450512014,0.11960885303678175,0.4814985237910533,-0.08989730482657275,-0.5068805640424641,-2.0927979041840206
352,-1.4706070714181676,2.5951886682218253,1.9175641187504482,0.7645028058483826,-0.5342667159332954,0.5735981622450285,-0.40633454296875393,1.634765351074006,-1.5527206393129458
353,0.10290349507870256,0.9237421638376276,-0.2537735721690966,1.7314612833471328,-0.20523380850430545,-1.81503335453124,-1.549881025047962,2.024807765233066,-2.145907116431172
354,-1.428533635168069,1.2701386071510077,0.31226739394157144,1.3224763151081695,0.40027823559468784,0.370193961240236,-0.9533157348878026,1.554536183594182,-0.3705514577230499
355,-0.32567026519279285,0.2058923742946283,1.2954878541948889,-0.29503686345804325,0.8715297814665912,-0.7236659162452814,0.837142321085352,0.15372993988827743,-1.5454961206974107
356,-1.4071419137357675,0.1601761868028351,0.6339349969741825,-1.9291166884305846,0.47937765614917566,0.014988187181427665,-1.1765642289345364,2.7061061912709814,0.13100424872075733
357,-0.11882183700313512,2.7172307143609684,-2.194829671890594,0.07941343236951459,-1.0424214282650297,0.6507067867300399,0.42165751418636543,0.4507171004652543,-1.4226569710942318
358,-0.8509272832572485,2.351073881649921,1.214782997749965,-0.5612233064625645,0.18177989460429966,-1.3352064516722055,0.7040692229271056,-0.8040059395290754,-0.9470103087198578
359,-1.416839379369867,-1.6273059380846127,-0.8799628386419661,0.7316093900570272,1.3351606579953554,0.9159481428034646,0.8818168928857244,0.6990312109823072,-1.3472597897982102
360,0.3414812851506865,2.6497336216476697,1.0814146520738752,0.517537252073665,-0.7395255122066087,-2.5405962856543485,1.057407563663004,0.5933170917717795,-0.5779883492609074
361,-0.6059895654913783,0.7235791331305707,1.925108148208824,1.1197919077248961,-1.563737755881643,0.09229098014245185,0.14609993707994198,1.4585331799900358,-2.713421230378733
362,-1.9276765603002302,1.5831478441531617,1.99804900889367,0.4431256803360162,0.11648922605965249,-1.6279682197710303,0.8648271325611735,2.516483567520194,-1.5012101775710591
363,-0.8719367761869399,5.522892927034795,1.4521905860719702,-0.9555522565676624,-1.7050984796323958,-0.21301062131492574,-0.3055697014565496,0.001831363876895073,-0.8761239177633936
364,-1.6578449183119572,0.3757321712889316,0.03734250956917688,1.876901364182521,1.202009282769799,1.0064937041579258,2.242932201071021,0.584297608317915,0.27998410673176105
365,-0.6065696111049412,2.407564853291136,-0.612123118342004,-0.4512214622164751,-0.7041473924910757,-2.0614497687832314,-0.08849602688203491,2.2922906098895672,-3.2788256183155653
366,-1.5866757751054128,2.254279938297678,0.4867890606769657,0.7109114299332722,-1.5207071417996132,0.7003261013233988,1.6734735300296415,1.1745382716100081,-1.1889226193791278
367,-1.5507944571478731,3.8317209053809584,0.8233517812565555,1.7003173133068108,-0.4738219934452978,-0.4630554319396822,-0.7212991346410111,1.8696735582147654,-0.46242119718360525
368,-0.9372048376117893,0.5711907046655703,0.5992465039181287,1.0638094750908633,0.1891382273486485,-0.16909352902339306,1.8963474217569884,0.06093944445270491,-1.204169940393627
369,-0.4708438198610645,4.108213738099476,1.6067132775730426,1.4489256048791532,-1.820671386956354,-1.1769450673250725,0.43423055990752046,0.8191801453823015,-2.6514314888571953
370,0.0022674507889179907,2.240051086919576,-0.42700719648430885,0.09291741065502881,-1.5468515659881374,0.3519395183507266,0.4686553238454712,1.488732220232576,-2.1802108180612025
371,-0.21224236407960156,-1.0508928530437747,-0.003564871469407295,-1.6598525191316662,-0.2925229591320906,-0.24521763155192852,0.22917598881652604,0.44587587816285007,-0.8470926840584557
372,-1.165971782351224,2.101483915192011,1.499539843631907,1.2090166336947081,-1.3044914506095604,0.9030579599955536,0.5715913178571407,1.2111841913491341,-1.2006877338393862
373,0.6736668582685771,1.767497942145657,1.8622960743292358,0.481207580038309,-2.2299321423305334,-3.072589317415991,-0.7466869212082374,2.1285763521939884,-0.6087119899246665
374,-2.209371932859025,0.29810566326500815,3.0316665433412613,-0.030592416149465923,-1.1950010589998237,0.9474368009996303,0.808213106331245,2.060412526139959,0.020310711286478426
375,-2.104569825974206,-2.9789329090702017,0.4373920841662374,-0.7869997655058643,1.4876072936325386,-1.1674752612395227,-0.6170617890887751,-0.6362765250219617,0.7821714380075768
376,-0.9433334028647283,-0.5356621918997818,1.6217459726097956,2.042265189515716,-1.7107589787868809,-2.3793911379723554,0.4885831538927795,1.4307124135215519,-0.17383932158661458
377,-0.7382135677019224,0.6145340314213708,-2.676581101728062,-0.6719833913932782,-0.5651741317425854,-0.9841471014734796,0.8132995073748327,2.0199600544437426,-0.3173397733095464
378,-1.6448552728233756,0.6101412090640634,0.20776535481142971,2.212643376114444,1.5883085350415376,-1.533864402717842,-0.7924742453040927,0.3392807035348148,-1.7693359682483019
379,-0.34438738012306586,1.1584792468757998,1.3007356842505504,0.4387432354829516,-0.551613824290089,-0.514953095803678,-2.1874545076343734,0.4766898242000906,0.11702762874656654
380,-0.8940314703686841,1.3714133205379657,1.636782872498194,1.3554997643928857,-0.4176147728173861,0.7158622391730981,0.2257484990279298,1.4887195676830838,-3.2121338274663915
381,1.0295810096707863,2.498600888208382,0.6074325178615796,-0.844255894121218,-1.6495819038863782,-2.561755002893732,-0.9596508940767915,-0.5212582805470436,0.8059508577431146
382,-2.597777493015606,-1.6309970974160093,1.4398189489192492,1.6225359562551547,-0.23375137443458122,-1.0042478313715002,0.6666591975814042,0.7791523451549306,-1.2844273500925878
383,-0.3537449031962815,1.592629652499414,1.322809666170821,0.3792867378387772,0.5804479003290017,0.28580443449360243,0.23909474303071687,1.390737088932138,-0.13001638179526426
384,-0.8043880047035399,0.8783641464626725,1.5535690336370813,2.006389433425255,-0.8316051872878671,-0.05062154409963827,1.1821828812696786,0.22509952456374577,-0.0940212964587905
385,-0.5255041507614235,1.097723899969876,1.091074422718515,0.2524397394692179,0.8196113596114145,-1.6333651478179378,0.706329231465218,0.883226864274082,-1.9257586177257
386,0.1681982541590304,3.476850876004745,0.8571823531753257,0.8700109286052737,-1.5939797355775407,1.0703094482771083,1.5557870986127345,-1.3719407663624927,-0.5416755466847717
387,-0.5848382781171703,0.5607643646951563,3.4898359387360367,1.9146512885870148,-0.0463290747678696,0.577143891291267,0.1696981035681252,-0.27659155129235075,-0.9088065357490774
388,-0.22271378243675588,1.0412050476786252,0.692458691582415,0.527755987890977,-2.4308378197839042,-0.10925135061233424,0.4582859246322593,0.1131735535533148,-0.9392841340666713
389,-0.18127107700434425,1.5802925927512905,0.5290011721406996,0.7371614197962423,-0.7097696178674702,-0.3509989913928224,-0.5311305043205053,0.7846952973176197,-1.6921197275862963
390,-1.2535463814232175,2.9054933116466155,2.385297274010626,-0.11876692671552527,0.39435471937216293,1.9419086089082087,0.7277844892796042,0.8528725058759197,-0.7903371250807272
391,-0.32915864850683074,3.675125440296965,1.7207033016378925,1.153543966074842,1.3823652076408173,-1.553348666875234,0.3943458813233739,1.5126697083861527,-0.8639073548488337
392,-1.3087950744481838,2.58519699355381,4.164669776078329,0.23288379797402556,0.5328425228893552,0.06715147868463556,0.6935920407527824,0.43525872646432295,-4.4617498657064
393,-1.2086918376789144,1.9331710740432677,0.03431736518830865,1.0188591093237014,-0.08766365065197863,0.3316344796086039,-0.721807649124203,0.7074165664989738,-0.020107663684557166
394,0.1049785731953381,1.8509966522173402,-0.7380100693290199,-0.34293273021371184,-2.6819846566114363,-1.2255484789814912,0.1059619120076587,0.8307518751657365,-0.40001741101777016
395,-1.320143760593452,0.518196793579583,1.8829178932135386,1.3687441288067685,1.3554795116582414,-2.2433532363261515,0.05079653337058087,0.5884171081097155,-2.9604057663438823
396,-1.1034168895592142,2.8357033552000654,2.673586107673662,0.41497235419226863,-1.1575435927581683,1.1710906574987272,1.1847133103061815,2.319440223492372,-2.781483066955504
397,-0.7757336934675798,-0.1578783820817851,-1.1174828191444108,-0.44481146432252483,-1.314052776377031,0.09868238550985281,0.1625901962400186,0.8497405943462272,0.0028537134937070413
398,-0.671633566315959,1.977256435347279,0.6434504886467382,0.9010918418851199,-1.7672894327770277,-1.1081922777435018,-1.5358456233241298,2.610026136884673,0.4986014000838162
399,-0.7412654376253411,0.7676056637051477,-1.0969638439232696,0.5438339444036185,-1.1114117976500475,-0.7651892810748466,-0.9326083417530778,1.1846513895340622,-2.635573616762227
400,-1.4783820576037623,2.106051908177757,2.0119760031498246,0.6231167773387418,1.9522581621599193,0.33769049404424817,-1.0908967067428168,1.0634625128931328,-1.7722809200770313
401,0.6206951514912462,-0.18946680686733924,0.04778964415949258,-1.3802504131340019,1.0636076161908263,-0.7359083166813417,-0.35253028537656134,-0.602458125669943,0.2380298986500391
402,-0.9917241602054916,0.91325204794603,1.705063881549133,-0.13822949488943156,-0.7852840332907676,-0.09625519532733298,1.779818547518388,-0.4771912755534944,-1.484883645392046
403,-0.8652323442637982,1.9170473616058255,-0.514085644411885,1.7937878330484958,-0.15696016838669186,0.8238442144000069,-0.43736355739958566,1.0176032661534389,-0.9391066443823877
404,-0.8151086908257923,-0.9880377606686115,1.624768034527804,0.7644024882748984,-0.3811494935539396,-0.3916384550310226,0.18987754234409618,1.8517168328787343,-1.841540182328946
405,-0.7083012703874425,0.7718046430720659,0.4909853712175012,-0.23406184015793333,0.8096200610283681,-0.13242878937967675,0.3813125177733545,1.0545351659535176,0.40926729051097605
406,-1.5648130329680108,1.8684567600941315,-0.992704547374576,2.105020997271013,0.9791986092394034,-3.5032199376001314,1.9423060093769096,2.394039817509139,-2.127147783357266
407,-1.0468406993186439,2.984582274868538,1.4120147178180786,0.9526932627742808,-1.0078872579189075,1.017027246117145,0.5023595247706776,0.6760385681832599,-0.7459705811516735
408,-0.04597244824812161,0.221298863404534,3.1335451930500278,-0.21511872101605448,-1.952364841111879,-0.06354854539898239,0.3183583075077653,2.7761826610565454,-0.9418031610286217
409,-0.8627848902275989,3.056633036563894,1.5955315258349052,0.5686624173902219,0.6370942225291891,-0.11045615074986054,-1.8532613352029188,2.8084539618088264,0.15730259046928347
410,-0.14519070066554696,0.4096553340714956,1.8844114915584294,0.8958235675680457,-0.4736047039108196,-0.2977862435149802,0.1491234606014126,2.055553136074182,-1.8928249618232666
411,-0.5513379234831547,-0.5932538950149021,0.9789732530532271,-0.05580986209720594,-0.945402928308954,-1.1290757518240915,0.08072571354924865,1.3076490941158232,-1.7171027859755192
412,0.7063559600068705,0.6749501637518545,-1.303619074534195,0.22716900507934454,0.8991363142282203,-1.1500979628709436,0.2030260167566234,0.5959225436940854,-0.6806623114767989
413,-1.2860541749456158,3.372468109603202,3.700100246074889,0.9431747267597917,-1.6524458209883308,1.4801438519531325,-2.060034278234522,1.6900728891468206,-1.772033576363739
414,-0.6836093422193528,3.845872338929602,0.4167283043665562,3.7120791879193344,-0.8007163221171922,-1.6982018999139443,1.5884407297200223,0.7603324482934624,-0.41101463491395174
415,-0.5117333738698564,2.4767620688231546,0.882396395662905,-0.21382241143045858,-1.9118504138765877,-0.5760989040634651,0.551971636531984,0.7871313997313408,0.409722055352472
416,-0.29353776974713497,2.0704333972443685,3.3835141624552545,0.30731313603823895,-0.29992194206252437,1.3488884717889589,0.6406165059979458,1.3155592085187195,-3.690485822199795
417,-1.0359459870996195,1.1250358529548679,1.8483659264343477,2.131926339080425,1.139015166535691,-1.8744055689764958,0.7404972676119591,2.344980530127103,1.6343994915834976
418,-0.7242217205690208,0.41381816238148605,2.618140233068278,1.4193106769798864,-0.9663063574008852,-0.02013339328420744,-0.6895470447740991,-1.6805943582171388,-1.0236775403726246
419,0.1871593511116857,0.06276576241834128,-0.07873538758965173,1.2491029459555996,1.0970605732433993,-0.8030395053585445,0.11683890448217275,0.5117214489468239,-1.0084800071456277
420,-0.4242614692277696,2.3441182136684158,1.8119697818043274,0.004299392619201169,-0.21326594189943573,-0.6827349076402536,0.38839047492161066,-0.481679767485767,0.556369716543414
421,-0.007165368258199613,1.1845032331958174,-1.1659906885348184,0.8411834515076163,0.04397059613587293,-2.3834156253808354,0.30539453808415107,1.1761408467729033,0.4643347244475269
422,-1.9724414015771528,1.3368143717242493,0.7403402132798037,2.368794170379626,1.8136613579377268,-1.2495585540438834,1.3203426317138462,-0.11725416327751713,-4.298589324959781
423,-0.9972789275720699,1.3686526246128228,0.5862856619285904,2.9356420756715553,-0.10393629806392879,-1.8168528079057387,-0.36400640706924986,-0.3207765656417385,-0.5527392242635978
424,-1.1789941973758595,0.40162613317070683,1.282872948854264,0.9556912408127822,2.0784705097926235,-1.363995530458052,0.6523803420363204,-0.07108586179526467,-2.954092708472237
425,0.11461416667668922,1.8438343093254748,2.4932556135922437,-0.7579359941573867,0.44907663265994324,1.0525846640004501,0.08855470207741262,0.7256540811064227,-1.105843090116389
426,-0.8577309340534428,1.6538540252642036,1.7165864014727028,-0.7450016026155214,0.5987813331597016,-0.28201351495132343,-0.3815489842751497,0.4496170991672755,-0.27584385635443864
427,-1.5753853459131295,1.4063775314457343,0.6932006726956833,1.698302531788936,0.17265761806531613,0.2142343278381667,1.2485606033202488,2.3059397909722783,-3.8828775873930566
428,-1.4574663219577813,1.747085043222831,-1.7151494818928092,0.6523167361157602,2.0642505868560064,-0.022182868387518505,1.4929371539155862,0.9191646467720905,-1.1308940714737223
429,0.6751639543835318,2.024667011793221,-0.273405301792781,0.7763939789264946,-1.1454463151294527,-1.5416091343175071,0.2232034351254951,1.1412104018690623,-0.5411682653827651
430,1.1199558317996825,3.5776584392952246,0.2705297518054337,-0.30233224823847304,-0.6186143759646934,-2.007963021831945,-1.2978868068980887,0.6178742304261163,-1.0054600797785513
431,-1.0738285637943596,0.7256932026034981,0.3384342733322227,1.200684795564199,0.563768363712168,-0.3401969414954963,1.8572226256107935,1.0944983246299584,-2.0292300661129103
432,-0.9793709553780003,2.0390897487926756,-0.6217365480174679,0.9300720714560153,-0.4320418096560128,0.8297447825161544,1.3936675392780378,1.1014775033721578,-1.3572918190820336
433,-0.8072131359178977,3.327009178659793,-0.8975925551762343,0.9530034885477444,-0.859718156671192,-0.37337549659179065,0.22264019168730212,1.8947119803863157,-1.3018555105343663
434,-1.073166966721753,1.0463436134779556,1.6442205542503705,-0.6108311895552941,-0.5966994973804156,-1.5285374866464883,1.4770047050782387,0.6233842940707349,-1.8390146905109457
435,-0.658859694982077,1.923232773341377,1.067762287190814,-0.0480294018062514,0.4983320119355977,0.6072070850734026,-0.6326681253771191,-1.5007075468760682,-0.8027674480407868
436,0.42683430000632816,2.13775229253083,1.357552428093424,0.7100127024955288,-1.222431800382432,0.6048375314767688,-0.9115841320356926,-0.670210257228965,1.234669297968388
437,-1.4941372533320578,0.5898501494345149,1.9169745635093272,2.1762324805647584,-0.309639315132025,-0.6821754982277415,1.0544939063203274,-0.4889299622159625,0.4902849924691755
438,-0.1652172937041621,-0.0250292638342929,0.140013105854905,-0.9615240184063545,-0.8134645052236356,-1.352728664534302,-1.158089877660785,-0.5122394053888278,-0.7844164084080687
439,-1.1854269566048963,0.9580594072454738,0.05921525539279639,2.281894873203562,0.6261035763376781,0.9811102446682206,-0.35632165781164465,1.152671502950529,0.026005168492280774
440,-1.853667887143789,-0.07303920531375196,0.24545011126862562,2.0244030976037313,-0.20030622707524018,1.8485013080529917,0.9303781835867787,2.69635431985614,-0.3881143936216385
441,-0.7819863857510266,1.6294512092187676,2.2027334780990233,0.47221065325569644,0.26657057152334684,0.10604944872561162,0.5915769336411753,1.82582890555732,-1.7947228702427303
442,-1.7877994646480502,1.8820720666475839,2.38473872955039,0.40700149072533875,1.1558732164085432,-2.4290449008600583,1.8055899811290108,1.3998164286778298,-1.1025103308838249
443,-1.8524979485055761,1.3814120719458982,-0.7902731778425715,-0.29634838928062557,-0.9761796521473236,0.9032010727102883,1.6798902592296037,2.980213618859562,-1.1088871977242758
444,0.46770225591181175,0.647843862534102,1.0565681837009682,0.012166629718731538,-1.1862312550632852,-2.1718876542898555,-0.1663906399281344,-1.1044000119602395,-1.7443572757358918
445,-0.7894267254623722,1.942298704345941,0.040855723344682,0.13836291530274467,-0.34292098237138086,-0.5013696571594023,0.47327131549312856,1.0350843853983107,-1.184711059519602
446,-0.5532252336063491,0.3895746582461192,2.5833627811196003,0.7376157993937881,1.850010392115856,-0.7873894264505912,0.304495948941195,-0.3342010423118374,-1.2944260475861271
447,-0.6201059120358792,-0.4101055638794712,-2.9937786408578044,0.19514829948950005,-2.0426906224058787,0.8847015235570989,0.6345601839255228,2.976919414050809,-0.5354833060580103
448,-1.0774312267278183,0.26985361227604376,2.430079995247477,0.2715924717593895,0.3681337685649724,-1.6594399755662352,-1.2083739370432858,1.8667727179254743,-0.38408086918099804
449,-0.07567016095861115,1.9029663544086495,1.4007735725504495,-1.336696063347426,-1.2170624164416086,0.640594217513534,0.1107652466887318,0.13258782876590686,-0.7520227778837398
450,-1.162315662043293,1.111463944722114,-2.1441515734446837,1.8035639913357306,2.2023748732313977,0.4209281264553478,0.8036991190710263,1.443745837195654,0.28918307214619776
451,0.3996986002372775,2.1124963456466723,1.003604485582533,0.4295223223198792,-0.03830519075379388,-0.3638450306205589,-0.7899180220546743,1.8478946274469517,-0.8946869542990522
452,-1.3891527624637459,1.971939331073405,-0.2695091344387077,1.2038814698385847,-0.5675046447030498,-1.0405966591353286,0.16646159982678177,4.734972349346529,-0.508290442328037
453,-1.11918516000139,2.2186443749789464,-1.1320245977515588,0.9651033896190889,-0.5592680355328459,-0.01775950683859632,1.0594883526698202,0.9994265811108551,1.2693753319385734
454,-0.3705709841924448,3.1793819040755142,1.463780558824019,-1.5114029110917537,-0.9334654457975189,-1.728082942441055,-1.5813839662673945,1.908277297775599,0.7404007436805489
455,0.2110417745063995,0.4013063583145578,1.8400883255659946,-2.343257136941814,1.090417183367528,-0.31154998873600337,-0.6830923361080423,-0.450448490080508,0.048368427926383406
456,-1.4850127580707824,2.029909426619292,1.2928195254215533,1.5286009408580936,-2.843361477552869,0.5738965282315333,-0.970077032183673,0.8842128709675036,-0.5181509010490253
457,-0.10763955348618182,1.4994395602656103,1.201281219116456,2.0083136762255487,-1.1105154207421577,-0.41215110587834874,-1.3073010246327026,0.8273291172099019,-0.9370266399176557
458,-0.6465217991550151,1.709153376217633,0.3259583908991252,-0.05126356871997066,-2.5271776929919065,-2.99748911858018,0.5474742312657825,0.9796813043556144,0.2546902105073256
459,0.19525771924351085,2.3246757659954733,1.2098378294116992,-0.7226947677943336,0.20109248080989245,-1.561230848456317,0.25857952815959523,-0.26222263479815494,-1.8894291492544222
460,-0.7262946419785012,2.7968259629037315,0.7687762233407017,1.1651496977211748,0.9063683832861487,0.4402866092939143,0.042843572453434654,-0.22683428520653043,-0.4882674817738512
461,-1.624536670945491,0.9235428214529652,1.5074425118952084,1.6050080314534987,-2.7035365624293126,0.36159896165314837,0.6089174701371441,1.444508072196458,0.19951499398695305
462,-0.8023742505119348,2.3506046000052754,1.5718624159227215,0.5595447723175008,-0.5687240037229901,-0.19264031099142748,1.2315632219782455,1.8686113929061328,-1.9562403300425983
463,-0.7557288847228187,1.0555688686867188,-0.3614103282009141,1.7787641383627388,-0.3941974181303761,0.24228199610470816,-0.2814123951549555,0.3836066802625169,-1.5504745636109796
464,-1.4693851649298488,0.6501686994898719,2.031980234448703,-0.1720518809164188,1.6276874789434488,0.854033704294906,0.30790417681754917,0.9845427220735539,-1.4098698216638763
465,-1.5292892008583336,3.1851128697416686,-2.252167028927819,0.40573070311064396,1.328064096536882,-2.314278971119575,0.5081547223110531,1.3314199903677557,-0.11930431472333003
466,-0.681425285741891,1.8679559315366008,1.8023408467384208,-0.5584083869205511,-0.4127644717575403,-1.589144005356836,0.6579891596388923,0.12911505370036191,-1.1281576742219848
467,-0.7294010450439897,3.876080298517435,0.6448163646228986,0.6383043100111091,0.4392364191877847,0.24393532118549877,0.460131467067388,0.31284214699224094,-0.6191708256465487
468,0.9347117960212632,1.862777804203274,0.17277036749090746,0.739915263639105,-1.1801489068491866,-1.039109934242689,-0.23609950033236807,1.729131471640673,-0.7223238169039163
469,-0.8995729147673212,0.35548352946792433,-0.3840028427899822,1.4546908305371427,-0.21917356654779713,0.8084039998207352,1.0683394525874081,-1.017489973924315,-0.8668912637322025
470,-0.3408671789135412,0.4047156843471941,-0.4042271936924459,0.20631086350238223,0.2206490309445409,0.6528370898440372,-0.31811910946148575,-1.1145991834420563,-0.7123945956231228
471,-0.7282022261833453,2.86993158515642,0.05244909611349094,1.8862302241126911,-0.6577316009245175,-1.2823328243009513,-0.7588585235540334,-0.5886897186400963,-0.921733225319111
472,-0.3057466148381455,1.4073349376208302,3.286144515327615,1.4122298580010622,0.12988436792217678,-2.1968253022293442,0.19716735959015458,1.79202761958955,-0.33580407386189487
473,-0.9618678028060939,2.550665060614493,1.875817475603757,0.3033856398109731,-1.065575807759031,-1.7363263377685607,1.185794489815076,1.6698834754619776,-0.19055465818459988
474,0.28790648650779493,3.869190793791062,-1.0471719179616357,-1.2258088111397367,-1.2698183389114632,-0.506369893577667,0.7722317705155196,0.6704111034784515,-1.5668978167532353
475,-0.6453716380903297,2.4818656772325314,1.5303498428509599,0.6203333440267254,1.1989359905141768,-1.3133499312500057,0.738519320467027,1.5449320874689199,0.3668045627294977
476,-1.3120542365125505,0.6032041708135455,0.5932343982753705,-0.021319610770991954,-0.42228048874175694,-0.15399335728984814,-0.26950616752401707,1.013795335392878,-1.0267776487465556
477,-0.4204890005165762,1.977481356309956,1.4169502500379902,0.7639897531154208,0.7602721798098226,0.08398613128861002,2.2982601177952877,0.9126360934464124,-2.4480056416923497
478,-0.5937903609330705,2.491728606391205,1.6300058780608075,-0.3618289782876435,-0.2317584370343782,-1.762049389659297,0.5910489060034076,0.4037140754174001,-3.010724847470828
479,-0.8743466611085722,3.141816181259782,2.6423974966043677,0.1866450890168091,-0.5967215655216123,1.2483712660584902,0.4017127252815396,-0.6331698374851668,-0.33843993000817857
480,-0.5445409755466079,-0.22737407830375578,-0.5196109070750695,1.9333567225201218,1.00629317787528,-0.6776174269026334,0.3541045642466923,0.12958516992329214,-4.3884313455283985
481,-1.7108236589543502,1.4397400117982126,2.6382534401056343,0.0722738533204024,0.15697969030860648,-1.4235174641402457,1.2553845125955203,1.4265016288294103,-3.113612779630143
482,-1.5464510040963437,3.0906136658850647,1.1624208562200558,0.3803764269431885,-1.1286395202942185,0.14529858263604312,1.3607540398503704,1.6971013803896042,-1.2004050433157423
483,-1.0847643206848052,2.98945959812441,0.1722838749156376,1.759464048830172,-0.30897634964544596,0.2947911064684382,1.3212460991454462,0.5822076666813201,-0.9968085911185105
484,0.2315444981462042,2.120914937766774,1.2315266294010325,1.0215349752207887,-0.837131183843635,-0.7926264251807925,0.668508676146426,2.1218685544171745,-2.1032682842917065
485,-1.4656113721969966,3.0195096526239653,2.017549183601552,-0.5077488974661172,1.3390728746167007,0.18447895938114456,2.054683857779888,0.4003211442248712,1.3893241871323552
486,-1.5579201762125583,1.256409561187316,1.192775154642034,0.8662913384415417,0.4799738309617342,0.38295308609145795,1.6681904062388506,2.247780887322929,-2.1592131335289224
487,-1.091833934331701,2.2958911690122394,1.3708613091576984,1.1416618974487776,0.3967890824088473,0.949653589495194,0.5988547540658046,0.8317209306870822,-0.9819060064539018
488,-2.371738529401318,0.3376666004278257,-0.4043904820980105,1.5734467740276754,0.3248467536697589,0.40622683422468153,0.6380573934616911,0.25534624504687925,1.4554814939086103
489,0.4920849422712297,2.423752171125908,1.3631500492453406,0.509995604510428,-1.7938825897948965,-3.0478675397344595,-0.48594875799605347,1.5448532523528544,-2.2397670870144912
490,-0.9172883245613961,-0.5294123647785962,1.7876802810722892,2.379499657179541,-1.663115411319205,-1.5572139113589258,0.19505405563799924,-0.8126344916460729,-2.3671222324257357
491,-1.5466170033118096,1.6970963166368453,2.081520570120218,1.4564042378321556,-0.627914945915784,0.9876401483734442,2.117939307603455,1.0402126421407922,-0.5831616194272577
492,-0.7641428768614676,0.04247107382803685,1.8249475308015233,2.255605430715054,-0.7399662050300524,-0.6118403178800726,-0.782280590103229,2.1356189558958207,-1.3003889117618652
493,-0.7193135722800346,1.9175865580303786,4.333406618162508,-1.1579197784394006,-1.0294031512103528,0.5999967953802617,1.3666810139947154,-0.3036650873860307,-0.9534144622903902
494,0.03683724512809185,-0.19903598737299388,-0.16646058331080768,-0.5810166802650829,-0.9564984714524534,-0.4346187296043243,-0.7941401494707025,-1.6228226550246783,-1.5592899405698482
495,-1.0051005855211355,3.86548496940827,0.8732876357859698,1.787204808415406,0.8911165758421873,-0.24887996142510013,-1.0072923865945622,1.2859545947840423,-0.3514827560993972
496,-1.454734368767658,0.9795720144990849,1.026813251840617,2.7148356779905396,-0.324163313604316,-1.6946419282354241,0.5402602263938857,0.8565580475519718,-2.22541057278819
497,-0.63725972976826,2.1241971808976396,2.593373832078786,1.2783391960900845,-1.0396180624575182,0.027104127950400462,-0.15348167273853516,-0.5484743200346811,0.9105200722712945
498,-0.4006737751230774,4.2764863356188085,0.9996154829882253,-1.2617520919162148,0.9700203562530862,-0.3319008226888513,-0.08827210715222027,-0.4670097446454885,-0.7362376983887121
499,-0.44149518339212057,1.5919847312857327,0.6998808241436109,0.9135675545048614,0.25280317110635586,-2.253405960747377,-0.09638584746022007,-0.03567094996031572,-0.3644918515942768
500,0.6356386805670512,4.470228716934504,1.3006518500208695,2.3087929651715293,0.6959436319713175,-1.4713752825766138,-0.9783412300099881,1.0480669555561857,-1.7363163381563196
501,-1.0109085720299495,1.9519404640667126,-1.8503403679539696,0.3761659129229986,0.6522097686231425,-1.8459517068432083,0.31204892159483083,2.314711089801493,-0.30774829877778415
502,-2.578740544103391,1.0227880451982982,0.4013111282074732,1.0192924138007675,2.26457838888525,0.17023078233968886,1.3970519410064228,1.1914529459468555,-2.654180144147677
503,-0.48689774797611557,1.7779189958766146,1.047965407638701,1.1816124016332967,-0.21541846504176562,0.5081038895918459,0.04160867189299577,1.6048232549134565,-0.8285411499290161
504,-0.24392812634246186,0.9509069547371074,0.9857972016673211,1.8588106493635705,0.5328086041144606,-1.086817690246161,0.28215056047575043,1.2774116906943749,-0.765948749488941
505,-1.0305221323745501,2.4698834776234007,0.7788188982883043,0.703907872346127,-3.5249241677812226,-1.639697113254041,-0.3000037206718553,0.9466148395314158,-0.12126433103997702
506,-1.0549073012745782,3.272721545728778,1.7265282475818908,0.05476735664749421,-2.523538082820639,1.4139536207954113,1.3748683316669508,1.5179448482512619,-0.47532853416507337
507,-2.260236541917809,3.610629226356369,1.0392215938441596,0.236428085285606,0.7697481642646578,-1.0350391153797982,-0.9500637378692209,-0.39864315337524164,1.3663310450190107
508,-2.3311205239596005,1.2515095582589375,1.511392269207492,0.8970581481257561,0.884254430805762,0.6578631946576812,-1.0548877342703964,0.18017693146384595,-2.836262730838657
509,-0.520941365246987,1.0870577181996093,2.3690840668744158,1.7007415133318295,-0.508208219307837,0.44474485349456566,0.5324433236688106,-0.9121057537205728,-1.2762449413124393
510,-1.3072685602269987,-0.6372355351850632,3.0073074873549213,2.1369346307112598,-0.14571824060450456,0.2618168816659932,2.183139875573698,-0.308943714812859,-1.8727832363947017
511,-1.7761733959652737,0.7517016712528531,0.2788155214741188,0.876958805724111,1.3535613840004446,-0.37742430801383653,1.6992014149691081,0.2713002583423322,1.0250426463414937
512,-1.1187996214446327,1.3130469275567023,2.3285540274704717,0.7541614971303597,-0.35653819799064473,-0.44537869509722755,0.3849038175634533,1.1305283247483024,0.33516807599555204
513,-1.6814399772871262,3.250706234155248,0.4297820910976739,1.034944315677788,-1.6100423273665718,-1.9321235789013171,1.1014923859589894,2.1122771108414042,-0.20365355850613598
514,-0.8500205766750658,2.119843877443365,0.4740705232634959,1.368068544744666,-1.0097187880131469,-0.21593703180412963,1.2335085076198107,-0.6687722463155519,-2.6216881134767163
515,-0.9015853449372675,-0.5011068545615807,1.0297425442191979,-0.700003607076075,-0.8193258370255205,-0.6245157029173971,0.7276275465685531,-1.7146522638425534,-3.522581924214155
516,0.6939723440569049,-0.2530401350554186,-0.38023971957000297,0.9116423843992669,-0.03055707475461624,-0.7577898904085192,0.32162567218241833,0.5527997757594167,-2.4034606005689785
517,-1.209897690404621,4.241032380203983,2.3592438380133256,1.1670161103908716,1.4276385646188932,-1.3864698036057255,1.076223353268108,-0.06540174448904508,-0.2925973419000571
518,-1.5449715753953979,0.10216510158567957,-0.444222910333653,1.1508552865045032,-0.6072278013575934,-0.19169963231866222,1.2659212810766274,1.8131875487052957,-0.9308047617040673
519,-0.7652068937669806,0.5856991299013746,0.32714967793092403,0.4614198543680791,0.3051657404750116,0.5538864020665819,-1.7108725900522714,-1.210826120950993,-0.9171481311145625
520,-0.049446898302984994,-0.19522840288066637,-0.059459271796239194,0.11094769783478325,-0.9964933133063987,-2.196683562298444,-1.4892326331726438,-0.21577847123923888,-0.41389716310017177
521,-1.5319897085340617,1.1195761054775977,1.9991438471408516,0.2209111379425782,-1.3720331951813698,-1.1575780045875412,0.8144254080191069,1.5788675229037392,-1.0725233059935109
522,-1.0053392404251251,1.8890747992126367,2.2105480196799223,-0.01886438557898855,0.28320756310895495,-0.6970611081379214,-1.259295984458223,2.8503553126340453,-1.6735204206894216
523,-1.3692080312017505,0.3910299940732376,-0.1719574851256545,1.338724811495734,-1.0697554383266425,-0.8116985967909001,0.1436103139857868,2.1223123669224306,-1.9979074187544863
524,-0.7972557482819147,2.577328340861028,0.43271230328755217,-0.016914357368788047,-3.039495076503805,-1.5663086042617298,0.5437734735656817,1.6479817500792224,-0.09914228105234635
525,-2.284363030086259,1.4839072245518714,3.964074525098166,0.08516846030358173,0.19115147413875744,-1.1909621340630347,1.3901588563419687,1.4745500099494728,-1.8544191830907142
526,-0.14462946029710588,1.9255283654562834,0.40152049477898577,0.5270532169234555,-1.6781095198240301,-0.9801655993588133,0.4510740971939204,1.6889695219462526,-0.7972711449698567
527,-0.34480068175898004,0.6531072517941447,1.3823951296200652,0.5706278831261739,-0.05711581049722175,-1.0689626631032156,1.2351217346438106,1.1374530002003829,0.2732919102405304
528,-1.0423052631265957,1.6476010860826928,1.4354141040174226,-0.710649324834309,-0.4633406732526033,0.5611976771705397,0.3428857565773251,0.6725073713897924,-0.6175075944991222
529,-1.3599079375679832,0.4344719688782486,2.0102146959168405,1.6715209430869817,1.009597955300799,-1.130937504100487,0.7683552688030706,0.38641384302191567,-1.3515035899788168
530,-0.8704194473660124,1.1391872012415847,2.170973007205949,0.9894056168473102,0.2939870335204748,-0.7022609559056048,0.07779373645308094,-0.06510721787422864,-2.8714480037482426
531,-0.6560558308656128,-0.9421061376034882,1.1090942268439736,0.8771682081211989,0.4053688574559155,-1.1701039706843916,-0.08983902707360977,0.4580355054141854,-0.7891939370290685
532,-1.6027254001500728,2.3849385547507578,0.7694184268284667,3.188834189491567,-2.003412513577975,-0.5949468829136194,1.4332962437979755,1.2442629842984785,-4.660730410683883
533,-0.7255207513189619,0.5904214896054399,1.8278760347704206,1.7899503065105586,-0.580329165990521,-1.6125358986988065,-0.166496727003494,0.7796749927762523,0.19095327866888012
534,-0.015471700885721383,0.579956824398967,1.6687160927130351,-0.49438242380417385,0.421857234557449,-0.5262987680994207,-1.1892453507328586,1.44965871421881,-0.8093782251274129
535,-0.7118171271508994,1.5250682722933715,-0.692704807674147,-0.2646694905322837,-1.052505270665998,1.5765171380815293,-1.688762092231875,0.5585819908772423,-0.5672738998475391
536,-0.9141940031935437,1.0412579100731894,1.6018247871309144,0.4445513700862379,-0.511974585197136,0.675916674863685,-1.3003676574474292,1.8689171628521886,0.6586459641734723
537,-0.2744166627082359,4.621310122693909,0.7322359749407491,1.260417082234973,0.12278559755583202,-2.812293372206445,0.7631898101718456,1.1676136772640144,0.6226970826174537
538,-0.48526063657074797,1.9756340714057237,3.1174630371234335,-0.15917479262713835,-0.20678146776519954,-0.9910548639291178,0.9465004878808779,-0.4425149360186169,-2.282200051270389
539,-0.5878355321471656,2.8117641935121123,0.7742311423399011,1.3249150437496173,2.5554880798964614,0.11233682013684464,1.1452284001485034,-0.4484681633198001,-1.132532954461999
540,-2.162097077522527,2.155216322456251,0.6951325392235354,1.0365742654957006,1.784135106267133,2.0358054787983635,1.8741168301011346,0.656009582337488,1.2001502410686375
541,-1.7594197224035732,2.710159090159129,2.348185428590121,0.6122785172798038,-0.20437828068889655,0.7663919239461288,1.6710976150282983,0.14552132467232673,-1.0082148640884054
542,-1.1911399445596953,0.23122821160411944,1.5901890866172215,2.831659285834515,0.8542865650610485,-0.12896160930846204,0.8842559534602441,-0.04810014342835116,0.48748197361645434
543,-3.2418516354768103,1.736369153749289,3.1705047878005375,0.6993181326080224,0.785866282344442,-0.703903749160416,0.722283035900921,0.8782098850822606,-2.384652235340095
544,-1.5003396327924723,0.823791227124865,1.047056984481134,1.3122750294906147,-0.01712527130268441,-1.3481305250810278,1.9871405387963361,-0.8227345514902027,-3.4446261711873576
545,-0.6752280368654042,2.4991576485898386,1.9887040765159825,2.5646029461570667,-0.35143497174516614,0.14790490926948735,0.7776318894863203,0.8435781538949509,-0.716497302419416
546,-0.47182707144539365,0.7294136067757584,-2.376483993431718,0.17604687458013668,0.6465034581850344,-2.210485874165314,0.5133659489207142,0.471931330105903,-1.9427192095526367
547,-0.1438280341246322,3.079756753184734,1.960900020616964,1.4336568486924566,0.1660125741257308,0.874758879239593,0.11429431165911355,-1.575158067905872,-2.2289570081070837
548,0.40675882160553134,2.655874015085915,-2.1822326371694625,-0.8416224313665364,-0.5386620447842174,-1.5694787053312844,-1.8198129408470323,2.3623364215744393,-0.4313931205713066
549,-0.9157359919178655,1.0918000718254897,2.3300768845747286,2.2635711518525867,-1.6684166227099935,-0.8474168877797972,-0.3237182542342143,0.8817258339314686,-0.8700224369988416
550,-0.030764947526062937,-0.02449112985327976,-1.3170900175889706,-1.1824423671273592,-0.5341094751928896,-0.956775164599667,1.0446299648085822,-0.6919494460144002,-1.8295110162806685
551,-0.9313070658842411,1.2905321516164692,0.40644161662190414,-1.515037273468265,1.4931304426862169,-1.31943951454035,1.0590519447363693,1.7516700420145233,0.2816424472575652
552,-1.4654836041069272,2.014079015209753,-2.120273622567443,0.650851888791687,0.8722293457300316,-0.05821620254153342,0.8654902448269697,0.26877581112390514,-0.4627671089618686
553,-2.664432384376642,0.9727723758434701,1.6861381946973097,1.5044672302932294,-0.6261373927361609,-1.5104689058183063,2.347999065061336,0.9663350545059322,-3.437577630991055
554,-0.46385476465696845,1.8935186508330837,-2.141658622025393,0.9812493766206395,-1.7421089717959977,1.5626381219179124,1.8261962073507423,-0.9239752239475011,-2.476490133285625
555,-1.299557127081024,4.368481567211612,-1.5166629640128353,0.0675129836040014,-0.9818113412806639,-0.5261053342772568,1.845094153198931,-0.055783596734299015,-1.4664297557767132
556,-1.4910640335593919,2.0571632309702634,2.6512900570258666,2.514058569010694,-0.2673721037977895,1.4584846692071256,2.5721898016064877,2.524657114492,-4.203806139348844
557,-1.0711195327292036,0.9370304056401967,2.5378161785004942,-0.37796556578546003,1.058736628865798,0.45558632802763555,-0.43389867437700635,1.8051105179764093,-1.9856767506994535
558,-0.30619959574814537,0.27184880530764727,1.8813067342247274,-0.41455715941813975,0.20073968367595935,-2.746283576323956,0.5066692520136852,1.5312175348805004,-0.014966620884650145
559,-2.351167039386612,2.7688825600894797,2.70018249513968,1.6288598412068243,0.3799389887918344,-0.13711081879508039,1.9000148898478881,2.4009633574760083,1.549047607398745
560,-1.528893649387782,1.5280116845274672,1.39891686774576,0.03188253664714613,-0.13248475729812847,-1.0629073136097411,-2.8328118127052697,0.6862858761274067,0.7236845569959726
561,-1.2537693963213632,0.33616803680386226,2.3021482599457137,0.4866908205842777,-0.10104633469285959,-1.5361526617717833,0.8284278969972386,1.0862860089488118,-1.2070186750141307
562,-1.1926542943318905,0.5398432194271753,1.2141711042344774,1.7288368407440164,0.9746536609036691,-0.00489254874469601,-2.9829495414034777,0.1546358695286843,-1.3751604293269115
563,-0.2065353962857823,3.166179947342782,2.4143419363472014,1.717989560533513,-1.4804071147216793,0.07505183959695504,0.09198688172290262,2.35074263093548,0.7477163579949713
564,-0.445217711661373,1.903407158569772,1.0720729609359978,1.6266837085665555,0.07227006251154475,-0.6156414276190016,0.8003689856866973,1.23670730349353,-0.7809431854849623
565,-0.7403112317661508,2.530527216667253,-1.4858051346063155,0.4307567764268666,-0.7054384834386631,-0.8384218933029655,-0.08377226797591207,1.0383397403916363,-1.8294881793865696
566,-0.44726733856479484,3.226709094357128,2.15410384321305,1.4410613815218516,-0.34363968352386676,-2.055251134977043,-0.4330749763863221,0.47022185712101816,-2.729587232625698
567,-2.141106038144705,0.8606197753222092,1.7576551874937187,2.468795617056575,-0.24004787155585294,-1.4666439830914042,0.22433373251060718,-1.0658483425069307,-1.4932211267582263
568,-1.0819300868215436,-0.33835513732097305,2.8716293641093458,0.8266609231868706,-0.5298782545874137,-0.13658519273474262,1.6564500194849445,2.3302542602158463,-0.4328351193071495
569,-0.2305758023585749,3.1582908317875877,0.4770713857211252,1.3366398919769023,-0.9559936260819255,-1.5243511823435298,0.443813779985198,0.2637331010261457,-2.7560372256240995
570,-0.2709809092551333,0.3735116096695356,-1.0549358261206376,2.0786971601858815,0.5604305468873998,-1.0680469304866909,0.9731555407787468,0.6877735239657498,-0.628451672241022
571,-0.6148057292088724,4.458661401860774,2.201927898604618,1.9510400974104374,1.0149516779801278,0.39584056623119496,0.61791935732861,0.9839237204214857,-0.6919441149779377
572,-0.4694557900302493,2.7682270663968858,1.7927786636923857,-0.04599347140497498,0.5385629033377899,-0.9393988958189635,0.40531851337954233,-0.48355380472013376,0.757330186655608
573,-0.6149639084214162,0.23693323632907037,-0.3112575515071869,0.3241341591487594,-1.9651894880244425,-0.7525897852438669,2.3235185145607136,1.49290415510929,-2.255956429910572
574,-0.7677575387412088,0.8534535956436416,4.009085359536782,1.8072249926645285,-0.43717413904785146,-1.2140724351209768,-0.12385619219902835,1.0127150023208722,-1.0205002735219402
575,-1.0480827143859048,3.5001788802019966,-2.0994942969485884,0.833498788176803,1.5223754616504017,-0.3572214773181333,-0.3578600146202338,2.1388469781380004,-1.5217546505064785
576,-1.1796411474588662,1.5461295029069473,2.0698843440000694,-0.05555970041710996,-0.580767555687274,-3.3401067919863214,-1.4791759050435882,1.6973039833936485,-0.2566620617294945
577,-0.16052541607799733,2.588648907918841,1.353156343299192,1.1378847300558945,-1.0844750978800377,0.46931317968310965,0.09892337896891545,0.5263443085978103,-0.6138660754207904
578,0.013840483611930101,0.5367844051752692,3.009763821524466,1.3808146933104053,-1.1583014470643904,-1.9175861412911333,-0.3834267276027006,0.8944662213150936,-1.9932507073783703
579,-1.5202721168541242,-0.453694530246141,1.751491050183655,-0.5753730159020214,-2.5603782273592155,0.5382849282862647,-0.5774396168695108,1.1991732721073725,0.7275350084675588
580,0.6459226464203003,1.8378455115929306,0.7429417024321922,0.8848760540845401,-2.205420174340139,-1.0252448175153954,-0.005215669655994592,2.5226868854390596,-0.13639214667161575
581,0.46219867025747957,2.365399079005212,2.038979034810387,1.702255381386139,-1.3438101782172762,0.5250502196354179,-1.107033164355042,0.004747730912618112,-0.9170349541541016
582,-0.09153917082996318,-0.4700483219928267,-0.6599784473176847,-1.785613326866814,-0.1592726332089099,-2.0724464536885763,-0.12131043738017629,0.34719394052204094,0.5351245623590876
583,-0.06835643081838352,1.6786729195120145,2.142795245116942,-0.11746453695767095,-2.0049193446839033,-0.3476889092716552,-0.36283930268226644,-0.6273035964617408,-2.0533352474260362
584,-0.29683580425988915,1.0353901842765822,1.0354670117290852,-0.24351738263730807,-1.298478447446357,1.2166845837942144,1.0259267317689278,0.7147167631314886,-1.6390845673266272
585,-1.210861826426252,0.7703451294105385,0.11637865311839266,1.0136992454263758,0.2695845268604191,1.862679934288463,0.08015591163930585,-0.478825765961422,-1.2047032490381728
586,-0.06593293329907216,3.00799076632461,-0.964644959137021,2.239124517898837,-1.1700335744251062,-0.42252699219408785,-0.8294702651577552,-0.3421362184954582,-0.9977622833246497
587,-0.28984294249352416,0.3874611856066787,2.217484798479836,2.116088976143182,0.1146203486723775,-1.933419315242998,-0.5680207511517253,-1.9323624119802805,-0.5907019504587971
588,-1.415536542057657,3.6557750755048763,1.1558879183802566,2.304880917007575,-0.6719726288766243,-0.5859869373240594,2.601796868176628,0.36749189442712527,0.03807662897218447
589,-1.1700480312817467,1.7141200539727035,2.059804263393038,0.9798920545612544,-0.9188098550411468,0.40273442925051,0.10532668764089138,1.6181806162969874,-2.8740231993945757
590,-1.1352736781822759,1.48993797115236,1.2784843101514876,0.48718456850687997,0.5137341088648631,0.9119714454322188,0.5309404757767026,0.5221113008379714,-1.851545764474383
591,-0.558264625542259,1.9884883300013072,1.122544145640522,1.7885784004678014,-0.9993489391522659,-2.3628139151822536,-0.4301234651987175,0.16280677041441854,-0.8713515946109016
592,-1.7023990746424313,2.8594222000693845,-1.7730967176207746,0.7365676072016016,-0.060507682752288586,1.154505283804609,1.2463967368484579,-0.09949156535949234,0.1124006704011354
593,-1.8964195534885824,1.2368961755913457,3.695177065606686,2.6720914558352096,1.100454963234689,0.08056636856526857,2.23157839252107,0.14141261199002908,-2.3958792554831474
594,-1.0915376844855555,1.732910588953974,2.960404119271553,-1.3235579175407615,0.7024613967549871,0.915861743220888,-0.15505895117197008,1.2805328151145645,-3.2624354450860853
595,0.08959845314951989,0.38897611952057165,0.01938338835154663,1.4328729385110877,0.9374532236006583,-0.3364504857129738,-0.5328753823273079,-1.3069559744744046,-0.270362141189206
596,-0.5056820983812469,-0.193434960883155,-0.8913563221806664,0.7026737554410672,-1.3096130181185004,-1.1857275377045435,0.610191896874294,1.0040982105864151,-1.6965761123840297
597,-1.1286506735911472,1.499831083033091,-0.1800181528795602,-1.1435325523921356,0.4777805424769848,-0.01658850614055491,-0.07809235926136399,1.6294519291360747,-1.872525145907716
598,-0.19963428508280104,3.1870087539441294,1.8088373425306261,-0.9822685123961292,-1.1189676444456105,0.17855620150129906,-1.19094935998673,0.7469613394282719,-0.8209297474605106
599,-1.4245283041476429,1.7724061302190002,2.530726097817674,0.6289600230927476,2.200938727177348,-2.434297686604355,2.608703184937318,1.1266232288961302,-1.4665370555953103
600,-1.363091216641033,1.0335918397182846,2.7532326555200743,1.1958628079984066,-1.5416118271424664,1.8113470851733273,0.9818587427092931,1.240598043568394,-1.214913439679636
601,-1.8390952082594645,1.9533721823401307,0.13644674560163647,-0.4823638726978815,-0.4146224668712033,-0.17416255478160894,0.47683028876963846,0.5133513568608651,0.13371854372112896
602,0.36905567053339017,0.2690271471049022,-0.21135128382389753,-1.0796385195299623,-1.5152791328157624,-1.0861013544815807,-0.22358457533771753,0.34737458405316896,1.360197156015039
603,-1.1190611984735894,0.04195989127528046,-0.805985306824367,1.6099237611551858,0.37875168510792084,-1.1209535046699703,0.12654214511629375,-0.8123142037105361,-1.980182462648591
604,-1.8784085558591914,2.6834772228125696,1.8089468438755596,-1.0466698655584936,-2.333228965644542,-2.2436974618726233,2.1384547515953147,0.737284328931258,-0.9334779377011855
605,-2.015712415417591,0.8864367456841598,0.7448795258332085,1.1421693020494506,0.13107705254753965,-1.0792072340652967,1.372262194940592,1.3790840097439567,-0.9059888660212818
606,-1.1231172560738163,2.4958158926341247,1.784599176029093,2.094661985451787,-0.2799683224176994,-2.2365268971116903,-1.4298649072190928,-0.4628984365684232,-1.3669607249578501
607,-1.2428590440964948,1.9875178787514238,0.867355290922861,1.1295496042065907,-1.2762164248572954,-0.3416064472974516,1.1431734891020473,2.041691619257048,-0.9230921044771674
608,-1.4150617147902878,-0.4891721458456309,1.200637263607172,0.44737261216439517,-1.5319921275821526,1.581647917662545,1.0182440761974358,3.062667039655203,-1.581132758102128
609,-0.4497379216043455,0.9757345457014435,1.6757986397033238,-0.20466765307057247,-1.0105552836270872,-1.213622934214205,-0.17817206292986054,-0.7898233237155401,-0.7454993183333744
610,-1.2695281503578668,2.7062731925871124,2.220211119165448,1.652903181655071,-1.5800393703461033,-1.2990231301594102,0.8671519616213529,1.9042124229330475,-2.010427578025891
611,-1.4838694653684517,1.5684396502230615,1.450129332754945,1.7007464027597807,1.3973237223695185,-2.6793849029087022,1.6091841342558952,-0.7714519840653877,-2.6422381277173215
612,-1.1978363496015307,1.9603742328097697,0.5022160481565547,0.22883461400110905,0.5671587755755381,0.192338715251308,-0.3045204715977435,-0.9762872709280946,-0.7004391037460653
613,-2.543858034984671,2.2556533374132224,0.48847240295235694,1.6239537217600761,-1.7334443579366625,0.2771374281044518,1.2160784869793604,2.6702589231654925,0.2809562279756014
614,-1.3007514773685702,2.690314206192086,-0.3049407912225552,1.266465304610766,0.46198712338551107,-0.9021587023516707,0.004146596201964682,0.27928115808221,0.6545694526380573
615,-0.8425937254343687,-1.0289038874056002,-0.2622301639358777,0.4420811130645522,-1.4120362445413388,0.6183585084565799,-1.6996638320762478,0.1916057827376733,0.8056297139198483
616,-0.23688975133157736,0.1048348230350164,1.3212879478805515,-0.4433281973431521,-1.340314534401672,-1.1975319342984452,0.5633553429196326,0.6628733876716598,-0.3844109966353989
617,-0.8497253198451646,1.599370630949448,1.8473628941147582,1.4250680626930572,0.7377886383081784,0.15532195307793517,-0.046088220991705495,1.9070470806557653,-0.047165069297520165
618,-1.6421981268569719,1.0764041551944967,-0.21731490227111927,1.609534292928718,-1.5154164829165697,0.5650357662740075,-0.4450027061736438,-0.12845025022138784,-1.7339357598648442
619,-0.9467863685993947,3.0381983848647365,-1.3180785957310288,0.259863956461141,-1.196740045276141,-0.4561284505103625,-0.044092561262255026,0.2897834838387932,-0.9090989655363811
620,-0.1725686136467952,1.9478142983852103,1.1115869154600362,3.3088133329747507,-1.7950140531253262,-0.6206855502204719,0.9339821711147239,0.6701736248572178,-2.459986111422328
621,0.03127562636965126,0.9172370198768904,0.07991970946705307,-0.5663884812902511,-0.10175371911828965,-0.6700896809477909,0.7771619825750571,1.3606587345462906,0.09110400726633204
622,0.29111140505982985,3.384579736817088,-0.2946806247036459,-0.5497379559044127,0.31887847303937944,-0.5150857839411702,-0.31382699011869075,0.0298441996964409,-0.3592477198888841
623,-1.8259220202684388,-0.12544891233562092,1.3180304142703985,1.4208231962264852,-1.0961303426843263,1.3015690420126387,0.570911246733827,2.0799923464787664,-1.0195334836853618
624,-1.5290037086881656,2.578988561098045,1.49621993805568,1.2131570518641819,-2.1887162245803875,0.6468357508145469,1.423021102333583,0.7848557251566909,-1.2269840815576372
625,-0.9192415875134671,0.7787322598796816,-0.2430381479129076,-0.5711936930601417,1.7378315397829416,-3.0442468223712678,0.4681561890760667,1.1485484750439665,-1.7571953044229531
626,-1.4192795512869434,3.2311307778766287,2.524945127613801,1.5251764866815616,0.50173967631163,-3.2547072824330336,0.639617315237247,2.1149213314730506,-2.5512999362319544
627,-0.8964708975235773,2.241870405911846,0.06803433493677763,-0.9916665830219553,-1.1863899614297666,-0.7751533751397649,0.21775168585514104,0.36680567610588105,-1.5259897189334592
628,-0.8716489669788691,4.230413177755336,1.042151587031348,-0.5318040399818325,0.7053019475897901,0.4208239664819138,1.126664439109104,0.11218738971685074,-0.04526222655156596
629,-1.9424013361726036,2.6033364684626763,2.0968649497851892,1.5055997229673352,-1.8189454656896256,1.4561816527269646,0.009017144750042986,1.2128723334332727,-1.426560064965083
630,0.5310907030893582,2.1212938417691003,0.5893708842223564,1.8922438832908972,-0.4331428298390992,-0.2684976215616491,0.030220212837870027,0.1859345207461619,0.5574985475770914
631,0.03485572711420662,1.7408573415716282,0.6871308817444143,-0.5194927976023159,0.9219048571890394,-0.9627167446328667,-1.766027317061248,0.3944068478452017,-0.15242644846635278
632,-2.035440338132966,-0.41302817220344823,2.479431462999251,1.4077166631005404,-0.988738978865157,-0.5332176415242185,0.4582669977097953,0.7859986721274645,-1.3737850941716367
633,-0.609670428454057,0.57065052772886,0.03330428064525434,-0.6730792976582312,0.22865191463070358,-0.052050858743328814,0.3295104103375635,-0.2738004069850331,-3.5239467644732447
634,-0.7233086421326053,2.3235944742408585,-1.528742626779426,-0.022424626756772245,0.14926823589883637,-0.9249855235478122,-0.31488216604605856,2.599148026352874,0.27501653653064007
635,-0.31634021556899633,1.1603742784589937,-1.0926423076446683,0.6410011667281943,-1.292611755640538,0.9421481512776602,1.4023178128236404,-0.22133557641401996,-0.8526780678082055
636,-0.08905772667524312,4.101183380670166,1.1662190636709515,-0.634709975462834,-0.3436761985506667,-1.7338232380445382,1.389597078484055,1.8503313787093647,-1.0642989176286217
637,-1.8903169721606963,2.9490686361050105,3.8193600004643873,3.035127434798193,0.7314701149207408,-0.3616255394568213,-0.4461334222959785,1.0051804090984102,0.34815504824927324
638,-0.23898904973504076,0.7722966043892182,-0.6323987815747034,0.021441605834614928,-0.01491568557941133,-1.6892043314674232,0.7541017049862351,0.23248404111142446,-0.8376670918557964
639,-1.98569800293268,1.8307617801974976,0.5622126672557546,2.602325894407347,1.8469628948791659,-0.4076062475976466,1.039453451514679,1.1685363401038895,0.1726066888721446
640,-0.5804563043105067,3.647838213270721,0.15377720591033628,1.1838840467195801,1.6570011729580374,0.4990328772101852,-0.09999606370435231,1.7354658569953014,-1.5811299034903656
641,-0.7574765933123687,0.3408281126704614,1.582506822661002,0.9441344877464447,0.1419163833154936,-0.0953628858349824,0.7525476036580742,1.38573665538196,-2.0635955616916797
642,-0.6476257849643515,1.3871065455074179,2.13917136380718,-0.701756551297108,-2.544778773410101,1.978632292457814,-0.8156099793404371,0.5371776485698683,-1.454458017800361
643,-1.3999715089400995,3.3132571119758882,3.4080266955266527,0.8498467591330325,0.6971381590980326,-1.9396697716389344,-0.37476150513824913,0.023183281237616066,-0.7897108736355655
644,-0.6885010229889583,-0.35727531306181565,1.6683544754715274,1.419700482408282,0.5876463018622202,-0.6255590186315301,0.03301704772964119,-1.3130485014791289,-0.714127009126202
645,-1.0163488942743997,2.6550802265481876,1.4648916908713265,0.6699087292836752,-1.7573496404817839,-0.9573500178303159,-1.5046436704203416,0.8539940408398607,-1.2967846285751985
646,1.2034060206533164,3.1077441511531716,-1.341308649050568,-2.4705938578859636,0.022346549127353718,-1.6697856177381232,-0.942659626298239,-0.0049630197163743894,0.6959201831993393
647,-0.33738322279692473,1.5395779764580764,1.4077219146923878,-0.17822611143756084,0.5667284258846859,0.5720065480875429,1.5040140934139181,1.6847612515427923,1.4871597923089577
648,0.5507497766784782,1.5749424068498505,0.27740063269596615,0.943659033028419,-2.156332923312881,-0.43824815556496544,-1.3102658516639876,-1.5882635137847745,-1.0171857334291536
649,0.4266122367487497,2.0446778154696537,-2.014847304484988,0.5177405426858137,-1.5212074646668217,-1.9745362502585955,0.7342022234489005,2.857851137147166,-0.8862027123046182
650,0.9598396583204963,-0.13989476597495631,0.8355857095178884,-0.8007109016881353,-1.7318430567613983,-1.0092850900537986,-0.7869497613781635,0.6088966382659223,0.3785732454544591
651,0.08451033101021654,-0.7708752070128837,1.4892964746193105,-0.1868965846039402,-0.6770246000844846,-0.8659165227319763,0.0051322244565879015,1.1136638550789906,-0.7209352581794483
652,-0.6006192508921346,1.1118894869983544,0.0629273290857677,0.955742748407235,0.5736816491129573,0.6354872042526509,-0.13552209606945456,1.1695336205433329,-0.2534117294115689
653,-0.9127371656121503,0.26617132018502565,2.2113595560474923,-0.029143907312544598,-1.3201959271357553,0.10195255233230423,0.26490786193185484,-0.3951163768634876,-3.2252683999400613
654,-1.770239461896171,2.4397121806640554,1.3455663232759443,0.8799761728734539,0.7452435662796728,1.319094515236342,0.7458111267148929,0.2778482974052888,0.6348767454770265
655,-0.33154312876288583,1.8085433747145299,1.5102650185622102,0.4143346631967889,-1.8027448537992954,-0.9476607379292438,0.7123613923998938,-0.10063428928852818,-0.020616561856507287
656,0.005793229956876152,4.549223550989332,0.9743748097735583,1.861605547541128,-1.2676449410663124,-0.05998488436390725,-0.7874830651049367,0.39949645753747215,-2.1429500744820373
657,0.18044926106473677,2.5821123875690724,1.8314046061095526,0.05923567866492914,-0.2303812300860864,-3.004231203186806,-1.2636573001270617,3.426850562471811,-2.090196177440131
658,-1.5322798347800353,-1.4392236697739704,3.1002750052140886,0.7358792937667293,0.32937139261558723,-0.7336652736949455,0.21920445277541958,0.8194561493946165,-1.8043069773573706
659,-0.6463277058549777,1.1094803259970623,1.7286827084437233,1.3556839609458795,-1.6778244346147937,-0.5544588973916447,-1.0902020216904327,-0.39598721291409766,-3.1189472094223127
660,-0.6000991586343069,1.567826105398412,1.1868111857905084,1.9937045713098716,1.6888194963108818,0.4236919264094192,0.0701436900428032,1.8436419109080964,-1.435616740577041
661,-0.1583825697746641,3.3074569136252405,1.5945884126512635,3.4451801529411483,-0.9920736550626201,-1.6595597509557856,0.6485457977935815,-0.9467222369636229,-0.41691243073334183
662,-0.5876799182265856,2.8391769260944826,2.8355405240537466,0.9698910668887403,-1.7954415134390578,0.04299800468744171,-3.018804167335628,-0.07758364549938189,-1.8721162647523415
663,-1.0453672287151623,1.4076569719180372,0.38740507060847035,0.9940388556340851,-0.39719135720275756,0.1356494995616215,1.2601646492344585,2.6628469623457987,-1.4131297882965
664,-0.446371762039681,2.3415291500017523,1.9865739687532635,1.0141681247068117,0.6878571447862944,-0.9978641291446387,-0.2666017014633778,-0.056532510060397625,-1.1697676706986253
665,-0.6354320833710629,2.126387218747271,-0.07816087783332445,0.1919404448636999,-0.5835403527223497,1.0364972676422555,0.2643621007727077,1.3405049264334152,-0.2958076466839325
666,-1.4279365013999727,1.5697383598908021,1.076943493157557,0.09016503680181957,-0.4894948961983194,-0.12893994506357562,-0.34687494606855257,0.9114004422187841,-0.682551938524732
667,-0.018323286673456167,3.2188080421321934,1.5383634140764095,0.7844509974859462,0.1386486757609316,-0.5355860368344921,-0.9843015356372563,0.5278944892288349,-0.6924630246249175
668,0.0017882583876425821,1.8147857414171278,-0.2321890831609468,1.492863100356053,0.9010294006176383,-1.6394613376304852,0.4064794623293527,0.45980747063870836,0.10808601917638268
669,-0.34952032246430176,0.8980819048969815,-0.05226934504957534,-0.9165315023982328,-0.5993538718285758,-1.945143918776526,0.6834966631780757,1.6128587593260617,-0.3923516869666103
670,-0.48506269533276486,1.257361851646809,3.9089538256866962,0.5636735148702288,-1.0310758074379875,0.02407535390410835,-0.10980661622020914,-0.4296797356198888,-0.824269895099989
671,-2.3330304252023475,1.2824603197523223,0.010635216403476967,0.3098701804060606,-1.159792198158517,-0.8004730001811712,1.1534080968032867,4.792192368938705,-3.155099020290968
672,0.046267937206822096,0.8594550974032663,1.417382648948863,0.5751748825199452,-0.025356305859421877,-1.2734547738470112,-0.06427011572072407,1.1077539789810347,0.18846365840604068
673,-1.2396779165586407,1.4130746852654361,-0.3876682908102809,0.08187916877785734,0.15205938466613123,0.6175492523862096,0.05876123463260726,1.1303663558935881,-2.5534966439422657
674,-1.4780055389445552,1.7058634595133626,0.7639775240014188,0.7750786385071055,-1.0928887965552154,-1.3185230097329184,1.2700951699646057,1.6655324583463003,-1.4412278997918215
675,-0.3708332646079078,1.8162805535163158,-0.6206580473709504,-0.10886120912514041,-2.2366813922841,-0.6554004220254228,-1.206196084748258,0.5527888669907842,-1.0476027132263819
676,-0.18837443251569955,1.7996094595093557,-1.001347006724247,-0.8963287233052726,-0.39383863286704807,0.41265577396883557,1.1470470596539377,1.2774386179150885,0.05371579267810156
677,-2.1611376583280557,1.3056786771118172,1.5952377118261802,2.6313141325240244,-0.7918584968660509,0.38800490915224917,-0.17413958160197265,1.8886729833986726,-0.760268995632694
678,-1.3414742460240365,0.1727864044486755,1.5792466610185705,0.4914240397426092,-1.633269401913927,-1.5895069350830517,1.3464354880165788,1.6599826932723463,-0.40473826719937006
679,-1.306368391001756,-0.13391547494724113,1.2422707261637402,0.8099301437422448,1.079732183025344,-1.1012199944476475,0.4397381268496544,1.1582984810188186,-1.283023049023842
680,-0.4964389376788059,0.36075429388462815,3.63251881921646,1.0941916216760792,0.06796448493743254,-0.8824366033949714,-0.6977859508721657,0.6442824127393009,0.6295196886886814
681,-1.6159022292006602,1.3427835592136488,3.3204722233523825,1.1347719347610188,0.6850288633354964,-0.10291910632951476,2.1077634906082765,2.6975819415812063,-0.6263622223697234
682,-0.9677997508427085,0.22489666092617638,1.1354307895187337,1.0948359302593895,3.3763679923757537,-1.361594531531712,0.2198315745769285,2.0733254261695415,-1.4516918990026269
683,-0.3634312801489891,0.44521258431053845,2.1179626177140345,1.5995939173027038,0.3221232226083416,-1.2095809438118363,0.24899768991475246,0.8155645982588876,-1.2081171128284558
684,0.3398028187563214,0.2376970552995572,0.10659142290825052,2.118783556747255,0.546227625213261,-2.151035239443519,-0.20927578008121386,1.4343865192394094,-2.215770380948336
685,-0.14425134867434067,2.3457044265530436,1.1724166645920269,-0.75282308562849,-1.2360096115977752,-2.41200968306321,-0.9888089068493571,-1.4098192552979603,-1.4244118856547319
686,-1.099202528619413,0.99888691032966,-0.0554401946575455,0.29505186276938,-0.5921787528124454,0.8499062580988467,1.4622934614770415,1.6270620571916512,-1.6178245943488874
687,-0.006136042271733776,1.4829258597753683,2.2071154591200277,1.8720652141357659,-1.4923530559893226,-1.7803384738908772,1.3428119873340578,-0.057451117595948495,-1.5538639952829434
688,-0.7963540895323059,1.3862119773723118,1.2537363053879447,-1.5489897983642156,0.857183730937404,-1.5093114774479401,-1.217904312483464,2.0258147784028875,-0.8113799796461884
689,-1.3389428821152138,1.868366211927959,0.6641728297656896,2.1612694822259835,1.2350502732700117,-1.7534923132256344,1.4507587584469035,-0.42232531956855757,0.5213894719257024
690,-0.7668275790286443,1.522421571564248,0.8169530482651067,1.2393852922028168,0.2082385280859358,-3.35539617194179,-1.2166467608563873,1.7006080831449528,1.3888535120282426
691,-1.464442592077735,1.5720177522396324,1.5707179954665542,-0.22602673972378087,0.32434063111079364,0.06439504135636338,1.2784721755987039,1.6635794237836952,-2.93423267068643
692,-0.1649500482074788,3.785571011783442,1.0146204960849792,1.0533248555535775,-1.076392044447535,-0.4711851865053976,-0.050790341651847655,0.2337320812937636,-1.0326829169320295
693,-0.910945185048386,0.3288515190330123,1.4203617863396576,1.998273488828942,0.6971905447614808,-2.071701718458422,-0.672155841074189,0.7952278148148977,-1.288536983520363
694,-0.6967635801503876,-0.3105066097156746,0.18490957708887287,1.2280153490044128,-2.2484079083906976,-1.834777074833331,-0.2709914703264959,0.8037509290194622,-1.3693320677406826
695,-0.37333181760499956,0.8056656499100537,2.653229194443022,2.565040297057265,0.930223332044328,-3.0730454248449655,0.5787834227722926,-1.8211281719704098,-1.4055444131705337
696,-0.4051842617819934,2.984625246879603,1.798266520696141,1.886359035249064,-0.3122714958138963,-1.5763620150748727,1.3062984365083383,-0.7005736995088139,-3.750473977120896
697,-0.16372499716772035,-0.5761941345150065,1.5934054477216795,2.705193388868593,0.2474363415424074,0.7226232853564364,-0.3720138771043552,-1.7062501599190274,-4.569189728198318
698,-0.24674072072673836,0.5384331150521798,0.5622580884136329,0.8993988353067316,-0.3401044259291882,-1.390520888700997,-0.6262310455481361,-0.610900539318453,-3.4008737046238906
699,0.6057145084333194,2.8851198037339323,-0.1442725995403268,0.05474850165923739,-1.556375790478378,0.16774505691107014,0.5230760463768562,0.12754093663556296,-1.3585815998436068
700,-0.5900076724296985,2.914838359862415,1.9511989022644776,0.8050004201605592,0.929853826773132,-0.9874115814316483,0.048036343220007285,1.4607243420225666,-0.24343935311766196
701,-0.8445788476576034,2.102326644075674,2.480977446787558,1.5632865427448155,1.8272246803924361,-0.11560798325796151,1.3712542106982173,0.7343203475536366,-2.114849108374953
702,-1.2351116968630267,0.9038317134489401,1.669708788105663,0.349387380113514,0.9152224397845239,0.3068004124993693,0.8062868313595885,0.16048276168135273,-2.2855119046697516
703,-0.47510435605621465,1.1250482159342416,1.7645972223581887,1.591594644573367,-0.7137835908134986,-0.629977752397448,-0.22910254789983445,0.7539124960175901,-1.6007266453206792
704,-1.4744560023801538,1.8470109981910658,-1.8072944256488372,2.0554083090508137,-0.35303639854552255,0.4736635316542773,1.491267229871639,3.08431360528987,-0.7439492641464088
705,-2.417257897521021,0.3265939111064581,1.5648827125955944,1.3902809630261042,0.6081407794040041,-0.7531298040847183,0.1041803316832905,0.594979036589983,-0.9437258260097456
706,-0.7723133317662602,3.7617188172607388,1.8217022613420029,1.6023746529992988,-0.34743607381020186,1.0272012903097347,0.18556553298322506,0.20376212519250592,-2.869600902019652
707,-0.4582631729380062,0.9294497677358617,1.4427048787652366,0.23078850949591762,0.48958084238773564,-0.0363901622104064,-0.08647708536300484,0.1332335852882549,-0.7848769244526741
708,-0.19775535353416587,2.1821889329729123,1.0614549221215774,-0.06703521943155787,-0.4998468644210768,-0.8813123792335993,-2.034393658132257,0.0034688400026315347,-1.0216661305493588
709,-1.4119921360771832,0.336088956366833,1.557037510638114,-0.5070545565467877,-1.267924666271615,0.8509848371977254,-0.09428315849665904,1.575036720226789,-0.08276835916960901
710,-2.8878588877555087,-0.5550819599002178,3.387407855078932,1.1876526154633074,-1.5307355416598898,0.8221578352584539,0.3304769814686176,1.7505358545010903,-2.0490096710143546
711,-0.9765919994189916,0.4549002575788469,0.21142570006905453,0.2838503519338511,-2.986687312745902,0.8851834564819578,0.8128258318285656,-0.08402104572210957,0.14901800337987625
712,-0.6486251730626468,0.09536949155610208,-2.0359768592054777,0.5046655379401069,0.43044010835679153,-2.1366131156754236,-1.9665458334403898,1.2884160022967472,2.1263822574822058
713,-0.6586272050539358,1.472233161545893,1.1578461528319686,0.16569325799175355,0.25187138885998056,-0.7957585172979328,0.5971271699062978,0.3785641932064953,0.5764050610750984
714,-1.3125844244355263,2.404823000251797,-2.069535780187737,0.5709378138479507,-0.09001042159312539,-0.039023107980389264,0.2991253509445915,1.7019356275685706,-3.3477671790701624
715,0.032263673491900006,2.4062864359619534,2.55950427768122,0.3360457118683755,0.46517067259705563,-0.37116857498003664,-1.6814043767451632,1.6693256277991204,-1.295572594004565
716,-0.4522427637043163,0.899587374737009,0.5295522267089422,-0.8497954473891091,-1.1154418506078778,-1.285797301703992,2.0557641998143374,0.6299769212047378,-1.305803186724212
717,-0.8411925795139966,3.7755438681539126,3.1463629824825454,-0.21004319975088911,-0.20527534853479346,-0.6357662670331138,0.7374816058818439,1.0396859392151463,-0.9315263907657599
718,-1.5824316236782896,0.5795531091759659,-0.2581290100640892,1.2015272102800203,0.2631715124661303,-0.36209533182464493,-1.399694555337037,3.1506943951385713,-1.1732434963559855
719,0.143837372781305,3.3633901017418775,0.5333335709527183,0.9026309157835233,-0.49619062986260803,-1.8737305025259368,0.06277313502600168,2.004560441802471,-0.20631922015758553
720,-0.5295544157668935,-0.3121349206766184,-0.044158997904240216,-0.8620387435801986,-2.7912220392854787,-0.07276017159980436,0.20249907783563462,0.7970048491698262,-1.4768034149211564
721,0.3446784250754762,2.0304450420429228,-1.4010542472666425,0.6307457180510063,-1.7567690850556892,-2.21213235677668,-0.5674652124784292,1.118271735170572,-1.7292254825385989
722,-0.9367277760578709,2.8208517507092288,1.796364175730883,1.0505877875066167,-0.9488441345846041,-1.2700465805811803,0.6522950033903434,1.736640597551978,-1.4335275006036658
723,0.2198718818269874,2.4916861459517,1.4417770081688093,0.588969054676907,-0.3732120814783294,0.3281891997294971,0.6105834580511985,0.47109788396116337,-0.6767082963696573
724,-1.938793873660632,2.0480814715841635,2.367054174742579,2.27170159613179,-0.13794082255257087,-0.09350565945529069,-0.6114121864807167,0.4038525640600766,-1.5535531784375234
725,-1.125268874020639,-0.14884618119058893,-0.3790490019451978,1.7407331561515256,-1.193075645086679,-0.6052452069427158,-0.7656178635495715,0.9163604849378918,-0.343923786132233
726,-1.2398679136666713,1.195844433639896,1.1877440496482645,1.7204282048744788,-1.4396422748025992,-2.420209835699932,0.039040878410693855,1.008146296469064,1.807961733837167
727,-1.0484974641705085,-0.0023724245383761992,1.6221047866168732,1.5630791635592938,0.6709652180135786,-0.9352475117047921,2.087191935828581,1.2614162727417704,-2.2003791539173454
728,-0.5208728471261466,2.108731520010593,1.0074484207950731,0.6035293074633116,0.9388585496320878,-0.21403323802280586,0.6959074063517297,0.021793315542185665,0.2615862178824724
729,-1.2312551527765025,2.317370353590578,1.7036615635253785,0.5037284116328493,1.3521677829776204,0.15941929455350135,0.6697970468330903,0.08468501263615644,-1.3020194827923635
730,-1.825296254531972,0.14330251045799747,1.114289671456219,0.9729816911568713,-2.2218015188631166,0.3434242474747704,1.8279667958230157,-0.5263172726916653,0.6962898554225659
731,-1.2804089603494742,1.9551642175158512,2.367235333767637,1.4924066975469412,-0.0741258614972593,-0.6086480806711885,-1.202879350955054,1.418139915736955,-1.5163115775489997
732,-0.14156832222207588,2.899573746598565,3.11661225547384,1.0490235077641195,-0.03267298341694817,1.3996491274421248,-0.07744986456956833,1.4102562419182532,-0.5843980441366254
733,-0.5357923783093868,2.882236586420098,1.1477955937875306,-0.12542205987333704,-0.16583072364717624,-0.1980442960052334,0.11383731232273868,1.8414259304131009,-0.15006984051776423
734,-0.9739312123930262,4.224746329058073,1.4988882668290155,2.607352226341312,0.9591913895552391,0.05549407507315428,0.21954829884580254,0.24231270985190817,-0.30057476436791664
735,-1.9985734515531943,-0.21713450458381353,1.5759838713438608,-0.05478609596965564,0.01834472877325239,0.07761737283264877,0.6622648016719759,1.9462443545575103,-2.4533279813641142
736,-1.8947319223817982,2.093812899645357,1.1136352038178214,0.8795056918838614,1.0192909361648972,-0.6749860576890854,2.251057713129193,1.7856229963640238,-0.9454149165813723
737,-0.9022259231660414,0.6120644197140368,1.7890906583950308,1.1214140175979903,-0.22068150734204012,0.09447723760379254,0.32798335943398604,-0.49143601862927866,-0.5632122490851224
738,-0.7023694878535351,2.3181800008466746,0.377411145659632,0.28061348740471037,-0.027156262180487716,1.2659030884074276,1.2387205298301949,-0.4061738535055522,0.3208386805809928
739,-0.5585123417194757,2.3199319629168387,-0.23351122429994098,0.03336499882035555,-0.2179228221923217,-1.6097942777835594,-0.539343532458212,1.2025640742651311,-0.5649957937224156
740,-2.0095277447468622,2.226833100944621,2.5966737646096973,0.7702014341256556,0.354381464096561,-0.6325126406471357,0.15393671935466263,2.2965687937395796,1.9681454182706537
741,-0.6492325679985983,0.6474829914292758,1.4494728502918006,0.09247927470659281,-1.7576980407374898,-1.5236232637153468,0.5200504605745639,1.0152770624869074,-1.9976486565941447
742,-0.9568567118331398,0.7861834701792615,1.358802320245031,0.9380655274520996,-0.4999278507305162,-1.0569815205906368,1.3651097444404254,0.9658140290063402,-0.4517094344636604
743,-2.1836478470565863,0.9246049292740686,-0.7113501710829409,2.517000318627755,0.7108919710675503,0.8882886077163482,-0.8292763060762215,1.3500026113732064,-0.5935952254187107
744,-0.04548268436141462,0.8892290737841144,2.8588888388258136,0.5238345402232889,0.5764529805219574,-1.3783976630615593,-0.2342300061281035,1.529422008337853,-0.8029974961651658
745,-1.2270513012586177,1.5156144298590821,-0.4087810918249958,2.5261597345892675,0.3841984750430557,-2.8145967318825647,1.067789148129395,2.0207115834411304,0.6159219554565678
746,-1.0073361133405812,-1.0719197231008837,0.8896667593600232,2.1400186795418006,-1.589185882059124,1.3766478769000268,1.69276257644379,0.7890721872748864,-1.958178947265924
747,-1.3461098113540275,2.468335973653502,1.1674511728041417,1.3875138840075802,1.2169775125056306,-0.4206500105970294,1.537057485128053,1.3687034039466688,-2.7669238752940744
748,-0.7535175202986453,2.6771678402355725,1.6648994890361906,0.980671075314672,1.7595179481995353,-1.6847832811287846,-0.9533514112991728,1.2164569791377353,-1.3205392803557392
749,-1.406355941378592,-0.36254710062164,1.1413246775095018,2.0214301568083597,0.5583881760134155,0.2648941482287476,0.14506002412433996,1.218901192160105,0.08346571687380025
750,-0.8009946199435173,0.5250260607547317,1.4817824047289085,2.045023838486048,-1.5331845609573311,-0.6971134455216074,0.09547645977318801,-1.1096004531196946,-0.7224989137518698
751,-0.6323183568107745,-0.4288885531802275,3.602527364451053,2.5607352400466024,-1.9663323413632319,-0.5157106150832897,-0.3064197170816777,0.2299802455302692,-1.5698481419688115
752,-0.6880871834692452,0.24635273952237474,1.722128395941393,0.086486922475192,2.061386837254177,-1.1654314435070916,0.009104229661093885,1.3218496343744721,-0.191027736619939
753,-1.187929771296702,2.6552514324970335,2.140363439248662,0.30682849256768396,0.5448099041727341,-0.7295264162332629,0.6280937506172316,1.7657318908652795,-0.9429056288830819
754,-0.5344207332465986,3.0859184621046585,0.5517237962278175,0.010578390198638661,0.14288107933602573,-0.9923596949637011,-1.2927821489115932,1.4162372480540582,-0.025392506240131424
755,-0.7184335116337341,-0.06522672957293485,-1.0408044585543,1.4795505368522972,-0.994627529437019,-0.7511709273520398,0.922176963838751,0.35904092408649085,-2.349448155576546
756,-0.643795845438033,3.192098549921378,2.4038855215179025,2.238366825167345,-0.027640358473286934,-2.134981218892298,-0.4672375689491687,1.4276921039668655,-0.7844471374640989
757,-0.47393929974786836,0.7872462600957786,1.7459231257964845,1.6255171584977544,-0.1439945073081321,-1.2312987272677736,-0.8219712677321197,0.41291541899368994,-3.434320015215177
758,-0.4341423118616061,1.7528429516578277,1.5829372943482038,0.06429325841659098,0.20684078143506904,0.13605216494491842,-0.4414800374143381,1.2275998199358273,-0.10633519428801981
759,-0.931374177232069,0.003322362094280766,2.235636792628898,0.3656773734133034,0.7557950690238773,-1.4743463299901827,0.9811526680044526,-0.5946338215065498,-1.6759852939870565
760,-0.8987185897920128,2.0239450137977886,1.5226232527503112,0.03293795233687706,-1.1952352241716877,-1.842391735164688,1.3448055952511173,3.0955487448143844,0.1690591620840472
761,-1.5443079095389496,1.647927298214309,3.773609462540477,1.93679989140364,-1.272501272130584,0.7625551218275057,0.4582912007212648,0.6595044030511661,-3.547830797333956
762,-3.188939757928184,-0.20214368868213087,1.5185272016411966,1.1255721388686672,1.8651081831967782,0.31941307847526024,-0.4143000974078715,2.1189845841938726,-1.703028542477014
763,-0.996216896699045,1.9063507413277212,1.171406186180982,2.573501030624629,0.5967622029277744,-2.4322977121556346,0.8926110172638752,-0.038658776527364144,-1.6925848613852232
764,-0.8007243540224249,2.573346779407236,2.877130711678797,1.9694199628823714,-1.6133953448274965,-2.6239252939894246,-0.15121651373258407,2.0602600466973637,-1.4668660076213385
765,-0.922714579075722,-1.1855533232892046,1.0511841339722097,1.480324246675354,-1.9907937243164995,-1.2721142504327339,1.3273455930255251,0.3436077943549785,-1.164827849003018
766,-0.23512358919015858,2.650948945151082,1.0207821805649164,1.0501675496042482,-0.36485558409513436,-1.6138290610707977,0.4409324910298327,2.14349322140849,0.4884142562343758
767,-1.5136725308960848,1.7004757583641676,0.9997670328496131,-0.3131029625362731,2.610101829979856,0.5404442314587635,1.8162525382718033,2.3577052640360363,-0.9604810537081309
768,-0.8354080116382715,1.313438109276476,1.2718553615324508,0.78317224347571,1.066449674526736,0.14870182101022184,0.5408529070588314,0.5743136518365913,-0.6604760503379717
769,-1.3622943211051728,3.0437441616260634,1.9971982272440758,-0.6118084428919454,-1.9205570702667796,-1.0988908092756435,0.500009110866194,0.954628364194583,-2.147846237409514
770,-0.5396487568932035,1.0397871418373352,2.0567280640100942,-0.6595183006342586,1.9042273344080163,-0.6662692235366959,0.6870207556439384,-0.061321915711797584,0.18885767878841686
771,-0.24977399228341934,1.960945487718768,-0.4822929363228624,2.985093075567433,-0.3942142518927311,-0.9505584272066626,0.2590133189854045,2.0901018957350153,0.02756464184857249
772,0.24260945058757002,1.714456327011672,1.5085850051277048,2.3333682416606876,-3.5638980963858757,-1.8091696799806416,0.16600451674296238,-0.5161506247505299,-1.4629258037975765
773,-0.7828514684023125,1.1623484331101799,2.4272504804943997,0.34112898877787734,1.0549511260874538,-0.9325687814489577,0.34530940762205103,2.011630783785882,-2.325043911701728
774,-1.5212598370115515,-0.865527200242163,1.338529328845148,0.11494175983008469,-0.7262260024455229,1.2660021004414825,-0.04540728098865484,1.9679900318298644,-2.405497282102258
775,-0.3744163154705463,2.795115949701512,0.296625937127796,1.8996277625022218,-0.13721473045716048,0.01123709557224567,-0.554616428296156,2.032911885394839,-0.588864462055112
776,-0.9018721611290942,2.5022253727130863,1.0345024362818365,0.3883669324224056,-0.5837052984684106,-0.002311055556318331,0.0720224802134107,-0.06538779424216933,-0.5885036475242658
777,-0.7329103644505066,2.8943424158229676,1.9766123248009115,1.5708471157662434,0.010942618301460684,0.005996951772829946,0.15279010168629759,0.9456268862919186,-0.09689632604168619
778,0.35938534734329486,0.16700197955447013,-0.18083540521733568,-0.5794154769115049,-0.44002850864279686,-1.193004664810621,-0.27613800203525685,0.22691883546625552,-1.9779389057217092
779,-0.36891144717023217,-1.4322101089442247,0.5048976922934343,0.5714219515156141,-0.14487717014345655,-0.9047753999379888,0.2680523062947976,1.007225336857005,-0.08805965493845788
780,-1.9231017344638344,-0.4623674160626735,2.498670060894356,2.6248494657675496,-1.7908907025990208,0.09597164418722406,2.829039361600488,0.37835465563205634,0.08812337279057303
781,-2.707918551736627,1.094267125675022,1.172904252180746,-0.004227798706205793,-0.9867017586199529,-0.6855039842321885,-1.0799748675117564,0.46811958735927717,-2.8080113098998627
782,0.011301426413195769,2.704874385417407,0.5991081818192089,-0.540604167289404,-1.2283016746905868,1.2744780110309373,-0.379619066289656,-1.022898452195609,-3.7013642438711605
783,-3.2795150865870277,2.1551076987616145,0.9928301664486239,-1.487524125184214,0.04356135015191584,-0.614202664361576,1.7225337880052112,2.995193264185004,-0.2536945878535517
784,-0.31908040251881,2.241932306070642,1.034059612842926,1.0627263824991622,-0.8237033689883808,-4.7069269101992965,-0.957309818012373,0.7742846822683316,0.11728741940673436
785,-1.4129307019305297,1.240193339559387,0.7979647266439815,-0.6096327317540863,-1.9633493316738722,0.36548376830648005,0.5512962971392864,4.330534578109079,-1.1896020169785713
786,-0.771791336227298,2.3013578227055738,2.1494296250026874,-0.29404030531103253,-0.6897938044563563,-0.7428222566642347,0.5947577453319056,1.9109182741637862,-1.8702139178902322
787,-1.7787827116492554,1.2413257032081044,0.04340575234001896,-0.8952568426776667,1.0999281753480565,-0.14696058570629122,-0.37789839129432296,2.850506818803603,-1.6381400266699617
788,-1.2308740827928437,1.5770337113883448,-1.6393939986377963,1.3719233528813968,-2.0439971233647762,-1.3455653068884992,-0.08659442600122327,1.034962320738148,0.04458589942290757
789,-0.27710972276213336,2.31429120436915,1.6847861596911486,0.7601706883830239,0.44566348265488476,-0.40556337365410167,0.18007919601827974,-0.4277244300868621,0.48319518634107333
790,-0.7909349516343959,1.7790156347780381,1.3980991117017976,0.3848403692871487,0.5922234939716196,-0.9277286030458834,-1.8082305017735119,1.4857016102049057,-0.4008702682613622
791,-0.7623338495188468,0.3197832310313335,-0.060673595173478354,2.2233596533760447,0.7117388935641435,0.21785879890715562,1.5006742453260233,0.603076141075275,0.4113569083006138
792,-2.055713261263624,0.8805979236807094,0.8961629047479247,0.39376675764151503,-0.11343161831420523,-0.277817022018344,-0.7009733367372917,-0.47029786649775474,0.25904009309857196
793,-0.6666316607432625,1.954482974721389,2.015921205206159,1.144853429393766,-0.11793618865155434,0.3676119907949784,1.243648648203619,0.1409614796604672,-2.059572070371792
794,-2.387042730252102,1.4624416818818076,0.7873090193669041,1.1209803759189967,1.179823137736427,0.6794839394563253,1.3792350071722395,-0.681440368176117,0.13159708441646545
795,-1.5878061585965706,0.6417272145424471,-1.4715466578787793,0.9065950616453036,-2.364817646328842,-0.014771728622045906,1.8801717703407228,0.1549804690136456,-0.7229926776275899
796,0.21820640739514882,1.6361475104192025,1.2386852141252427,-0.08405551834377573,-1.473315829517078,-2.468173358491548,-0.28554166759186,2.7165130754402913,0.17871234660537827
797,-0.5162671964105079,1.561773020173124,0.5639230782636133,0.2955341247513208,0.13791392600291696,-2.046501868806566,-0.5888860082193909,0.8170704138606038,-0.7659419487962129
798,-0.1497731396264807,0.7856004491243763,0.10274608607849531,0.9281982403439097,-1.7524926394170206,-1.8791272589748649,0.5397444677567419,1.6367518013442435,-0.18847571370438254
799,-1.6120372444760616,3.8371299220118322,1.533426392638207,0.6884131487176451,-2.982290769519089,2.2452401261398847,-0.364469991048451,2.9423273437397914,0.15694452560123767
800,-1.8914514932195376,1.3609596114890758,0.6244813078607073,2.5992924258659573,-0.8835922841934474,-0.1911278035023984,1.541999924314492,2.556273078065466,-4.316539123721547
801,-0.6917020936030475,-0.4022722096243495,0.9881006719593388,2.859305460279035,-1.1381125734969024,-0.3996113261441647,-2.0083073341301976,-0.07849668712974757,-1.038116838340035
802,-1.1442402011093917,1.9262643464076974,0.9598777953162191,2.0860176454348025,-0.9763000009856528,-0.007776965990903516,1.15998972472153,2.114529913499665,-2.3879031343824146
803,-0.19680865736032122,0.6998540641406015,1.3838687549196402,-0.2531063095541999,-1.5462634730565106,-1.5828705548316737,-0.16645709352536972,1.1703051016379964,-1.6977287038626703
804,-0.28619503525744533,2.6382711787438007,1.5930256094563748,0.7725532489702445,-1.6840391916760729,-1.5519204568935352,0.09434266593226677,1.3966756765847104,-2.3281362958320666
805,-1.588032235294802,0.22801643745568456,1.683849353784975,1.518384902656203,1.4824193123248546,-2.648172946454155,1.0879569564790068,-0.31850450028793714,-1.3015795367442808
806,0.21086623819742303,4.622505153858763,-0.3673784143030091,1.0999615681610562,0.8321967325983644,-1.9261547147894091,-2.1513950354529006,1.5455979684389773,1.549828259756583
807,-1.5458929289671806,2.081655913086458,2.466716692432047,0.6550857540453685,-0.33533104930080054,-1.540039184404908,0.36977358549726774,2.1830261122961176,0.3030717239005644
808,-1.3263184183503862,2.180766593511433,2.6156993166881,1.5395060511991938,-0.8515542006793113,0.5796321906895752,0.9301441094793146,2.9715099625064774,-3.4357530303198858
809,-0.2549352769632879,3.7147804213649507,2.7971360371565726,0.20026168220860746,0.7778459577079786,-4.692864112599851,-0.9530536891338652,0.6772456295154016,0.04309738205972383
810,-0.2735144453869898,1.2189807690258898,-0.2272528501324277,1.3418182176797684,0.2571891618254243,-0.2713980349569893,1.300733251324367,1.2009067524938575,-3.6682218654733965
811,-2.7903549537564265,0.24744777976267224,0.4918218300911781,-0.11178654122334777,-1.2286151511706607,0.565290417675286,2.2946514404104486,1.0084410359873575,-1.6687530511279292
812,0.1390074348654579,1.1813181033994813,-0.2349456043174918,-0.07208247896015971,-1.582450702115884,0.5117088628404372,-0.5076087364385956,-0.4854235027788736,0.028449540010217843
813,-1.6367209802601377,1.6319430742889744,-0.46035329065255587,2.4823368034672963,1.3354059619253946,-0.10674889438073396,2.2924416803390546,1.2010411452791663,-0.11623690844591199
814,-1.5133229891781748,4.6000652378901865,-0.3691684108883655,-0.9226031603079994,0.6475128139258441,-1.1477160113203053,0.7448976095899492,-0.1874070958261168,-1.2879543908433317
815,-1.1178059431897407,0.4899251323474739,0.9006036660908895,0.8403026800725218,0.8668889393104764,0.7904736411648778,1.4671543306525074,-0.8731216266141155,-1.2107374785079703
816,0.06578229290125885,1.9562190780731836,1.070254012195041,1.6391556276646106,0.09358687667250216,-1.229187299931499,-1.5133815437929237,1.0699350219130486,-1.7269558982691777
817,-0.635891312008265,0.21950000727467617,1.552052133405989,0.1852872611545325,-1.3925720602557317,-0.7683722519928488,-0.4940410641924686,2.161192191601666,-0.35761819834800446
818,0.32876693272793284,0.958280747207229,1.2553444859401737,2.596372594374195,-1.0302300993172857,-1.6151251406084368,-1.4836751527535692,1.425742638072066,-1.9902296885420907
819,0.7378047844563298,0.5019420761917415,-0.8986547182220876,0.03303198293848306,-1.133197031139173,-1.0239092704425177,-1.4562177155896494,0.5669445150305626,-0.2405601623084288
820,-0.3823340891169018,0.5727697129173905,1.0435194778322554,-1.038748064972041,-0.18308694224976188,0.12456934832665842,0.17229307047906975,0.522344926920097,-1.3004312271832839
821,-0.354624674212844,1.1319913504125199,3.82710919164263,1.5465820650505486,-0.2812329483458631,-2.493541202565137,0.6598285047631257,0.06501170248369191,-1.6869097252832976
822,-1.3261578807242629,0.24461254359809764,2.3848128400606408,0.4020389742561865,-2.0913313181053903,0.3963800273786136,2.304607336616289,0.2190657893334635,-1.24405214112151
823,-0.8650976250600204,1.978512684575515,-0.06998347069558535,2.9443115372321516,0.961504817503164,-1.1921575713858155,2.0126987514131827,-1.0922875478981964,-4.610580255405934
824,-1.8150966536837916,2.4976103151437936,0.5935661873505185,-0.15548930200834282,-0.9491931210907405,0.3193185065389195,0.8739578651960502,2.8341934649919693,-1.5722320786270663
825,-0.9030023791175447,0.666309549574584,-0.6740477057211762,2.200805733842351,0.37968112235257506,-0.12424337271942645,-0.4999724350776515,2.0031796917861175,-0.9040332050865517
826,-0.5102851838049217,0.23921866095921573,-0.07396235536562125,-0.5308672930267435,0.22592616419265737,-2.5431174031661974,-0.43368507651973015,1.783575878741094,1.2607332467055143
827,-1.8369238127391145,0.5629261808470449,-0.9976540957666391,0.530577525020821,0.141107116940288,0.5078790104399757,1.424957678240917,-1.2978085056160638,-0.8169455490319405
828,-1.303900911137968,0.787525237119994,1.6286291395512296,3.3094496330122785,-0.2239716703818332,-2.246740752035477,0.6939808801377395,1.1565619997071337,0.4470007661939064
829,-0.6062170903382991,1.0690695832106647,-0.33847952015680893,0.1451928665849369,0.7999604126887343,-1.9200030988295482,0.21566482515859636,0.39996971155212335,-1.7574594399701415
830,-0.5692845405593888,0.44205307572318053,-0.26140826874107703,-1.1455094829936285,-2.0828484418794404,-0.8174079189591197,0.037365997564873375,0.8280624784439167,-0.1248984512164983
831,-0.9050369038989214,2.3914513722848993,0.6097618304710016,-0.3624073217438518,-1.7586151039105622,-0.4852077014792024,0.6042928943764224,0.4610519624297637,-0.6313456608538763
832,-1.1419842337055892,0.947131641884042,1.947319751419407,1.7651634358117825,-1.155986344115236,-0.5667816056820165,-1.07379464109515,0.12857676274260904,-0.7414387170605762
833,-1.3886018039509984,3.5663199672328014,1.3741113966763958,-0.7532154200713431,-0.34363398851968696,-1.4790280376593752,-2.543028067664803,2.1967367717923856,0.34918892146226715
834,-1.1653996394919366,1.1075495696665745,1.9420498458926068,2.933791174290532,-0.4572276725160075,-0.9280092515410255,-0.33046224751054215,-0.1068386210334749,-1.1545822275920337
835,-1.2463805279520015,2.9350768128831795,2.732691955232098,0.9652364157795579,-2.746566339010728,0.8579813158086609,1.1258603798941622,1.700662586435072,-3.0190132966820316
836,-0.77488474733026,2.6277773113274274,0.16814952023606533,0.7207686852841135,0.8384086421575536,0.9954611552749074,0.7037364105825396,1.5619911306397138,-2.8123041422354462
837,-1.194187511412723,3.420810939955859,-0.23345886075679384,1.7640840524412857,-0.5619215724803914,0.6888770841446237,1.0799317738593832,0.7949054181211122,-1.7986981689993353
838,-1.1888138040079788,1.3226676275815752,1.6214493553666403,3.6026558135801765,0.8557214548641763,-1.2095040679171107,0.23118107013348624,-0.8612601858897494,-1.8173179619335633
839,-1.4816381578680433,1.8024323113790748,0.5355603027022068,-1.4737066017937606,1.7762548954835051,-0.1954750452601913,-1.5794611249409636,0.8368633809946988,-0.25909370818580707
840,-0.6990517378307687,0.16335532694881938,2.809318017979869,-1.0013875244935329,-0.02774891949046457,-0.10669858399817847,-0.5488572002832065,-0.19150477808065225,-1.3305245443821614
841,-0.4308271685064803,3.2871795811658933,0.7927896054813559,-0.40224701294488807,-0.6560408546836056,-0.7266422831962085,-0.38644762354809903,-0.22256881473557522,-1.0946388229082662
842,-0.35548280575042135,-0.9565446480593851,-0.8447876778084905,-0.2250599185717672,-4.118392848353571,-1.465858922336115,-1.339287858586635,-0.570161479265635,0.13631880117955253
843,-0.1728732627553382,1.1609342787936654,0.34210918226872367,1.183200875614105,0.7265178481610579,-0.3538514646026962,-0.2486315098057029,0.667403284261084,-2.125689748420052
844,-0.7233115384299839,-0.28912225771532624,0.9978208873463819,0.36809452113137986,0.2971884424326273,0.9992611067274761,0.805691973261085,0.532443364642497,-2.7725261348368897
845,-1.3725899135236128,1.9061959056688047,0.27387979215178637,0.7614196000226606,-0.20666218674015405,-1.3354212923422868,0.17899877023638586,1.2296225246267245,-2.819409606748657
846,-0.6322091663996044,1.0043024921288912,0.8090486279802864,1.1789396548540405,-0.8189451929961495,-0.30648218561338997,-0.1453919103707476,0.7408581875262176,-1.601494032129739
847,-1.9654487466891721,1.7045824843263788,3.1321400717918433,2.20732637611882,0.009964955415942833,0.8766439688411732,1.3528237430854004,0.14875472019273595,-3.2479981621387424
848,0.1920747091123606,1.9172572764694007,1.5225889131285402,-0.9018560530032852,0.03849400426480265,-0.04665069178456225,-0.23312068747784642,0.00589006958774313,-1.7121629642799119
849,-0.6325496882199643,-0.34838888874982243,1.8251442828180995,1.832525421899158,-1.5636461333143972,-1.5489655396900204,0.6687052732724624,0.9536580109758535,-2.3136704667671
850,-2.5839153172539078,2.1549745196320838,2.6068325109829296,0.40574098776943823,1.0115956455169903,0.8379732488194611,0.003635021665662772,2.4727878256375386,-0.4473214344094695
851,-0.0977358404469742,3.3157020829864012,0.6586017955403229,-2.6145060767870434,-2.983678675537733,-0.2442095148732991,-0.21376958420730055,0.682127688732352,-1.219663093856368
852,-0.27059052974418624,2.6927927704017254,2.4107702652787038,0.3603269272014783,-1.7547728185905427,0.3126191927286338,-0.781076636840652,-0.8434673759545082,-2.5745547790765726
853,-1.1825947915254764,-0.6917393923622306,0.6336704855253615,2.065754844398716,-1.0370489455719323,-1.5965500025453665,1.190852667969857,2.594640474490277,-0.6743220928138266
854,-0.07784178404518374,3.698560192426466,1.4164148322618042,-0.003465216546762441,-0.4636307834655277,-1.7908920928136745,-0.28565206766061296,3.04259490537142,-1.0905432946209637
855,-0.11966669729236734,2.533198472831271,0.24601095525710523,-2.081100847076416,-0.3192898556524743,-0.3481340344299547,-0.30609456762828624,0.8627950244967295,-1.0189607142311599
856,-0.4217277469053673,-1.2299541537220657,-1.3956391867569988,-1.2549348805443528,-2.3658432495815767,-0.34279390531419507,-1.3864872483447268,-1.0878924901775566,-2.1589009733367908
857,-0.21744767247962352,-0.5953724407389822,-0.20034421958133244,-0.6433843686016226,-0.7140369347494386,-0.5106854111590372,-0.6501086981955803,0.48898830507149155,-1.932644780888225
858,-0.8998320092556679,0.690001622198914,2.063088778134582,1.9525571688830599,-0.7279234486913522,-1.837268334296782,-0.5924535237352428,-1.121415176738244,-1.2659606147243243
859,0.47321779913674955,1.5928405905061098,0.25695892162380973,-0.8550207284604042,-2.730485489708297,-1.7985784811003782,-0.2745177402259164,0.511525577747958,0.09837342304774734
860,-1.38598669567226,3.673144976263202,3.8615090829539773,-0.28475315304429183,-1.9930574884779741,-0.12101542168110083,1.2462990035806902,1.9414490383000576,-1.284272865220742
861,-0.21449905555774884,1.0873376331050186,-1.4848708691313444,-0.23584528007830077,1.4777772139178178,0.16669773009417108,0.08486649079134564,0.12872454310131862,-0.11762102782929372
862,-0.7536694517839868,0.30960866953051236,-0.8897188828690712,0.36931626694071795,1.0541774430196142,-1.949135974166919,-1.453598095524721,0.9722639905342125,-1.1082894084375683
863,-1.7672872246025733,2.581164957039402,4.23856233485226,-0.46975808443453837,0.5478331557666294,0.08766734230194126,1.9497638868072804,1.5135182402629788,-2.9286792753802526
864,-1.595311871877317,2.3538609235104193,1.5675515669753857,1.7066514829172745,0.8392579515308987,1.9372759782610955,1.268984930092459,0.368831990017627,-4.553360738057652
865,-0.31102275839691057,0.576250147396908,3.816065499200185,-1.543993983204705,0.17188994406438696,-2.069900454469729,0.294451301381013,-1.3684274129080523,-1.7000929940752665
866,-1.6199447983302386,0.5116512354655823,1.679509421280425,1.1513105091068683,0.16253495751085748,-1.9919541315492786,0.3448373651509523,0.34198905880435093,-0.6466221157001857
867,-0.6009078876137421,1.5667789184144838,2.0868591548905604,0.2185054550900428,0.09233018606266254,-1.0602315005195548,0.9170817693134875,-0.2335771208127071,-2.205608802666003
868,-0.6961825001449038,2.7575640393179075,-0.7754763049022669,2.3891316616426934,-1.7860095815165549,-0.4530982875929254,1.475747823430718,-0.6486010003940818,0.7828222894893967
869,-0.3256330684593174,1.8332096501135189,0.5955732156015328,2.693575939455273,-0.4115577589968816,-0.9225312434488999,-0.2109508336561387,-0.4407954869850942,-1.173026797739554
870,-0.36795844120567,2.4428803433369746,0.10971731400152468,-1.8582419012616254,-1.0001567084951228,-2.174638541495985,-0.5702441201828554,0.9195710693714765,-2.2288782544061103
871,0.019222812673334994,0.8732907207753533,1.8141408868705897,1.537613505380102,0.16072772540320163,-3.048691210035091,-0.05058058047437402,0.9031462757970102,-1.1790478456197429
872,-1.0087621674184086,1.4086349262174716,0.9145407344707774,1.108467233885283,-2.9762537300882443,1.7685409396495184,1.4995109933214883,0.315623619398745,-1.638065638845801
873,-0.182755553537864,1.1995322677561504,-1.0825568833720036,0.34225583331969467,-2.211420698744184,-0.9975352616173138,0.2092853007608672,2.156398173041597,-1.1348949777770192
874,0.12420398314358097,3.3763935687092146,-1.6003868163381094,0.8296281315494715,-0.7346120636004161,0.31874689222012986,2.836270115961291,1.6429588501430876,-2.6988647254107265
875,0.22244906929790584,1.6303599308337084,1.8391485412232387,0.7795005359857083,-1.0070342635428582,-1.1537973579076435,-0.18900131936099196,0.059228645890219075,0.12244558741747429
876,0.24759441282060218,-0.4668832713802323,-1.0683673486912373,0.373534958107654,-0.44883981073479273,-0.43550078611741183,-0.3919603828317939,0.5433030640926633,-1.4588764530534888
877,-1.8508381218536256,0.829503349905215,1.9316251426528008,1.554746060921556,0.1655520430064771,1.5380585989612192,0.9936428456292441,-1.8260837538547605,-1.9127822243273334
878,-0.8902277216458027,0.04836364281854085,-0.4612600493896799,-0.1392177283638528,0.7123068446059873,-0.2522945467156599,1.552004561533049,1.5580560255355413,-0.06755225522381247
879,-0.6631439808157309,0.29813209446229016,-0.04752579058760091,-0.4383600327417111,-1.1871071132061153,1.1607015152390874,1.4068102769906146,1.1897802140191491,-1.257231799669191
880,0.7568526565472292,0.4339839296097252,-0.0828884560490731,-0.734836734806156,-2.8176907437120065,-0.7664732629549453,-2.153092428658654,1.4659840717312433,-0.09730225288378445
881,0.25665976155184084,1.7104285535936,1.1013063159901624,-1.8671320614838869,1.338307231554762,-2.0200258449826696,-1.5346205657055307,2.262988602963573,-2.2070804389886725
882,-0.3293431012741654,2.4280916621480544,1.6864018739359092,1.7503009236474554,-1.6445252426750758,-0.6542869656372517,-1.3732533934125002,2.5901236765338203,-1.4206034137678862
883,-0.4209486842862234,2.220115654786361,0.878466698997013,1.6421936484320239,-2.7412212425877303,-1.3970579137223615,0.6989254967577364,1.6698910994341074,-0.03682717807113797
884,0.6502406948062524,1.943578997437511,1.2696186432603045,0.6550570075810339,-0.4771269802459706,-0.29607034952098793,-0.646876004962963,-0.0813769366113319,-1.0054926559363102
885,-0.48056176645519794,2.2194477128524666,0.8236390251845846,-0.3787689915283933,-0.6658287662423776,-2.6783846582873734,-0.5000885509094937,0.979057436338357,0.7026720116906943
886,-0.22784395260764373,2.1852177776575776,0.2394472037388418,1.7124545594916456,-0.5573594553820562,-1.0178685067772837,0.08900553550818391,0.25053715089298456,1.084556935710042
887,-1.59402442631689,0.9750120361344505,-1.4822723584155382,-1.1020450818212608,-1.3925524627413481,0.5691257612110849,0.6045052778957529,1.2325493188636916,0.5876894253309064
888,-0.46993827179783315,1.1688638937640496,0.7525567089270231,2.270743099652366,-0.8664685791256193,0.19551971279254815,0.27684551579135347,0.9868059063108849,-1.2129712961711923
889,-0.4066883503863334,1.738889496303019,0.16082186543527793,1.2113208187670124,2.3519253479929634,1.4649355520428824,1.232263601856858,-0.8296871274360345,-0.8482095928900667
890,-2.111873129443871,2.3857504188169494,-0.2754946531549161,0.6575466115633202,0.40678942599853224,-0.8598138979952051,1.9518419958958715,1.670686750142544,-3.2854802220886605
891,-0.8057936191970103,-0.15395618424446936,3.062325868709686,0.8568123393530729,0.8415501907132721,1.4079147447079496,0.7622443015230911,1.6054489072646165,-2.42643149350241
892,-0.8760948662062442,0.6320015997167499,-0.1195302340960479,-0.17132464173402018,-1.0082665619472952,-1.2860955389920123,0.11280175423425225,1.2123322480033565,-3.5304697202685933
893,-1.9142240037392082,3.4222126460310727,1.2060458416371955,2.1600137422473114,-1.3404632745108387,-3.0328853201619346,-0.23277066503342927,3.300460352504475,-0.4280337882616017
894,-1.5273394134631169,-0.9750030025741695,4.028432232361757,1.789405725397359,-1.827669207092357,-0.19911742686826947,0.8067434224271712,1.8950216434245226,-0.31540883835022854
895,-0.5587012630599086,1.3726468048317686,0.013658710051570325,-0.8021252108732979,1.0739763763009083,0.9642209709527654,0.19729277138833967,-2.087236755097477,-0.6837544017500445
896,-1.7647019068111565,2.378343544719262,3.2214311476956805,1.5582885357727752,0.05142030674025669,-0.5703985478896637,0.532442904931588,1.1037505014459539,-1.7113819760853959
897,-0.6885762439694461,2.8295598923324583,1.555153211494501,0.5670688010800166,-2.6731136826006447,-1.4933389659368854,0.656761673344402,1.1826578830343004,-0.6753874087357913
898,-0.7815249642029523,-0.16806139517109198,1.4292607416397005,0.9013092528279901,-0.7900460617858265,0.08393335418510212,0.8627355401340128,3.334107699120093,-0.9863605441499067
899,-1.4150436749951874,0.7797197635149085,3.4281476114586926,1.7451933260489199,-1.4541033979162432,-0.9734010354168995,0.5719490450664546,-0.18475825214754044,0.07158106554599265
900,-0.31722739283171253,3.7601571598110053,1.0787629675049693,-0.1727990360876709,1.5512426003372441,-0.9922621415124703,-0.7200837917259778,-0.4776815212932646,-1.9946761661578254
901,0.06664369570328603,3.031404373496285,1.9123171647055461,-0.5869117708154691,0.9246080579230354,-1.0798527856634166,0.635291927222112,1.4696156778597818,-2.449121459054757
902,0.31003086773766897,1.5818319115762243,2.190140823431689,-0.7692591505883254,0.4392926992290911,-1.5599781832074402,0.4171815063922416,-0.19809312686859287,-1.7515722230061062
903,-0.965885712032278,1.176267783694302,0.21108366166802073,1.3834946056306245,1.3449105051511903,0.6491095527387324,0.034864997903800175,0.6555997532824696,-1.527998190185793
904,0.1674047824604284,-0.358230630319707,1.8883323405156507,1.3889978253908082,-0.0706023079736709,-0.4297756340356019,-1.101230471418381,0.4295109814332544,-1.3685954939468223
905,-0.7992244029857686,1.312442591020138,2.262794002183126,2.2261634874046856,-1.2671782019737525,-1.9344434119834495,0.19304713187725936,0.8025156022161799,-1.9303783870672442
906,0.8041108788616392,0.26088493152025116,1.0516213509422594,0.8514869093092574,-1.250477518466398,-1.3202504007915237,-1.4319095173298715,0.20438811210627278,-0.661827667027868
907,-0.13381730289728844,0.7078218764541546,0.8839514899631102,-0.19832197644432675,0.8735841704743963,-0.6727228519401215,1.544424412833663,0.17144118751529516,-2.3666715396039595
908,-1.4794144634921726,2.638720850145302,-0.9297467929056887,2.518107858359213,1.5319145936515837,0.6568603760666626,2.1857320264768205,-1.3135537923979426,-2.2887752296691546
909,-1.4926152904353247,-0.13716196135759037,2.4435409517795947,1.7489409882731308,0.6571284934832076,0.027085898346318454,0.9591033895660083,0.34363283585918136,-1.7764229617442264
910,-0.5660334053763282,0.9952758119474501,0.620626422513674,0.7098185163354274,-0.7707985389092364,0.19928599886655332,0.03559920128157252,-0.48172263205247534,-0.6665329907631139
911,-1.2498317559082408,0.2856751990761672,-0.7653933334597288,0.3441593171263154,-1.0287724294974387,0.9763278947841698,0.2087550119420972,0.40629326924420583,-1.7595775618978182
912,-1.2750392250097062,2.657463808971465,0.25865737508480185,2.0032033810115917,0.35373091455659456,-0.37050959584003673,0.5701864126014116,2.735236091081451,0.0980784744853592
913,-0.5502622386367739,0.4031911584665456,2.8341361036041692,-1.1150228038108325,-1.2401597621437503,-0.8105621033740081,0.36609757516702585,3.056057218030865,-0.16478595186695477
914,0.26802007426229996,0.12390426043631647,-0.19114699356782563,0.5126775821924544,-1.7221486521462552,-1.7309247765762124,-0.8628634699476959,2.61375150164919,-0.5637762028265288
915,-1.8881963859715007,0.8363623308618243,0.6905041363758928,2.9639761420485384,-0.01667033573441251,-2.2569971632581294,1.3130653137738841,-0.42343894668906623,-2.7694225001778405
916,-1.5338231475260156,1.4195001945866206,-0.12143957619724711,-1.046797159286192,0.054780932370827776,-0.4762749541693611,0.3986150329295063,2.2695835010679972,0.333503165664736
917,-0.3585337240332729,0.7839274395983515,2.2458428435831412,0.20658898132979472,0.9339566585343779,-1.6486861018015972,0.2504024067387314,0.04337426888745012,-0.9554927036125632
918,-0.6232991626470463,-0.147525100924826,0.758543103653991,1.3804634975027288,0.39307346905679785,-0.6579785100663988,-0.4956568455135267,-1.789147717644271,-2.239683295763349
919,-0.8545689220782867,0.028621563419636044,0.8483288628336991,0.9310534976665216,-0.29593114694600714,-0.5453390224853787,0.5956273369221928,2.0771361145370433,-0.5213265726754895
920,-0.7793137652814861,-0.6486587149716794,1.8388704954081838,0.9008273912733386,-0.9853743201456884,0.6316294671805535,-0.8336621597463079,0.7354651599643995,-1.7303718610386978
921,-0.8754780376159741,-0.2671926556936279,1.397613889342129,-0.03187198155184055,0.6275722592906081,-0.7695617691853438,0.16705636370941007,3.47857353594625,-0.19342864352532518
922,-0.12661081851141956,1.1779956166392054,0.08841516326115108,-1.2822972995667319,-1.8503262787213623,-2.0562637346528816,-0.05486395344343082,2.814045090986889,-2.5290653652148745
923,-0.24421297718963886,-0.8533801893286899,0.10318278839222397,0.33755273050852896,-0.5081442761359063,0.8000917079045413,-1.4068129206272793,1.15695479648399,-0.1414144582512386
924,-0.7342177530871685,1.5759319567713186,0.223571370246371,0.3162185967979687,-3.3342185778141373,-0.12171061871960631,0.4919641638496611,0.8138718331278191,0.2771974389272964
925,-2.7507534659432142,2.244814329717502,-0.05149121480481089,0.7810195463694148,-0.28108008354616904,0.059621372587273035,2.3403656529872285,1.0600577604884984,-0.7323960626299214
926,-1.038173239783698,0.45287119424685535,2.1335340593678596,1.611855422397888,0.33269243849054647,-0.5232769276839796,0.43513281300117473,-0.2952107105897639,-0.3879567602809372
927,0.06308202054969289,1.451864428301106,-0.43466558914733294,0.21550620200675233,-1.0652366200100862,-1.2588057975502835,-1.7567276658307522,1.4561240047970283,-0.48671364942425904
928,-0.5443759279717093,-0.1599048342672709,1.0834674080865336,0.6975318896966313,-0.09978763408154476,-0.9761187184140346,0.49990430093936344,0.9970445764568208,-0.12602225519490295
929,-1.4526286778221236,1.3556988653487612,-2.1483522202384786,1.484527300102894,-0.1769577149387567,0.13030693053709375,1.248011890063682,1.2117344961459477,-3.040157573924226
930,-1.1457389936270967,1.5163447835233328,2.9588511273971707,2.5107561819319817,-1.4740794625775415,-0.48963226957641653,1.5815982285120649,-0.6766809008088914,-0.2308826506177405
931,-2.3178331391005074,0.861904075724335,2.303227329999225,0.7550850932102692,0.02686934131889695,-2.125718531567761,1.3069458042545625,0.37576353921053707,-1.3733825099539736
932,-1.7248374351959748,-0.5276959569318729,2.186804273651032,1.166249397507814,-0.8943622908480213,1.0765130584246965,1.8742484810839373,0.43792561624714266,-2.2985872019697675
933,-1.1799861378523242,1.9168374467422502,1.2376808677895141,1.3839708190529876,-0.20135161627999656,-1.0073611335099073,-0.043966730726847265,0.9527209923586701,-1.950926386287782
934,-0.36531511471532935,0.25856414450600024,0.2843968269256403,0.37621234141341575,-0.28298399463103174,-2.277907578221469,-0.9769680231620139,1.1427232737003028,0.01363077283399202
935,-1.0103530621927503,1.0287667820234896,1.4135079657586658,0.8334787246621062,-0.2994521879677515,-0.6102463871498666,1.6343083676151828,-0.31420693208325473,-2.8618716208771944
936,-1.440026143166019,1.463144751729509,2.241491522938718,1.7027613528786194,-0.06527117687342307,1.1419342732381927,0.36158635157247676,2.696305656204248,-0.11277413843940606
937,-0.8740457771866212,1.36635149047268,0.6701643491556004,0.372742660028334,-1.4660436441797067,0.49918070886935056,0.842654159147157,2.0787828925170735,-1.7256587291006902
938,-0.8277544216885134,0.5401315752633293,2.121710717349489,-0.42323876024813245,-0.3621502896096016,1.3919949137765395,0.03183478243809001,0.5643324529622081,0.9523476909152309
939,-0.5526548285254889,0.8851346255393504,1.9790348449551407,1.4592910235350052,0.40480572204260606,-0.22550756590352747,1.0403466180106018,0.05259915097077752,-3.1134535930448064
940,-1.218975182897011,2.30073114754421,0.7814336152031607,1.1268986069516698,-1.1291103631397905,0.5359635508223188,1.8728562635660546,-1.293186269747174,-1.047350331962921
941,-0.7978045552594665,1.9069218257128662,-0.03792137834789222,2.1724283370176614,-1.2106029417007207,-0.6323334923567484,-0.1923231617483124,0.8995907471775967,-1.9067015654368127
942,-1.4190033272683866,1.1537165156494344,2.651226809049033,1.0811393780604908,-2.3033348837039815,0.08740024200350835,1.1401680445601647,2.2268495151589036,0.38526319603790615
943,-1.0492317996829925,0.7149601754826861,1.5946746121099948,2.81160167217142,-0.16705948361151637,-0.8139968943266302,-0.050297037798268614,0.20904350008801392,-0.9078881903532899
944,-1.1766864276246582,-1.920186113117979,2.633806809490581,1.031602560274019,-0.23349200049421542,-1.5397038819533593,0.9500640253931147,0.8295440433257733,-2.2498253955183625
945,-1.2816103445020826,0.2114864519374398,1.8206053206689985,1.0800550209615607,-1.3042064491503855,0.4680629597054379,1.6707078544214513,0.8128872052378678,-1.418970240003134
946,-2.290300770717631,0.7488814625028622,-0.37058610290094846,0.4927329311751315,-0.04074420715326857,-0.4064229079324063,1.5032178227113178,0.7725551760800845,-3.0948247325202742
947,-0.43612639969291983,0.41011242326062103,0.8024184529461864,-1.7155031450688643,-1.1196052336635647,0.38985649424837143,0.18866121539658967,0.5800531240468383,-0.32300626161701523
948,-2.2519314505605927,2.0204958278144125,2.188617966327432,2.6391923497613248,1.0574024066365546,0.20399023949540238,1.2480363443174851,0.5714960263920357,-0.7755577924769171
949,-1.2055746769374487,-0.33352769229223,4.1873605571743395,1.404853650133592,1.6412911689277856,-1.6149724184068615,-0.02102438916823218,1.5026472670667907,-1.078408927733326
950,-1.3530504983919023,0.04690007921549438,2.367179969887639,1.8155645021388922,1.1227020783128094,0.6707789026650127,-0.030575027564325716,0.4221541930288934,-0.5960378075568482
951,-0.599414929066471,0.8760219160738525,-0.8650770506095756,1.8578165780807765,-0.7747785930803703,0.6223617177156273,-0.5223163370259557,-0.5353420685941946,-0.8756350235195035
952,-0.33764463432317415,3.418892546604745,-0.25920446657321755,-0.6821520527243301,-0.8301650212308669,1.2798876373283126,-0.7441541472432877,2.206800415003683,-0.7731019028104169
953,-0.2515015922940271,3.335060973971162,2.262117371472514,1.5615942948707644,-1.9944564495047319,0.7770581111433456,0.7775750249714838,2.138730996434324,-1.7709766983383073
954,-0.6064457737041713,-0.4579385705413286,2.9289630419013806,1.1109005672958878,-1.8220366804584018,-1.787489133286212,0.32227151153777994,1.056668499346383,-2.398905479787935
955,0.7199828322944023,1.6788898258535805,-0.11780547841200283,0.7908429972270066,-0.5691003346241956,-0.022031663755572535,-0.22185498123954192,-0.5493547266034967,-0.6253754082712237
956,-0.8818583324867829,0.9503992199635126,0.5070009503263759,0.15821254913938412,-0.3787214117718653,0.04742542157923403,0.9105111960579221,0.8112156087953725,-1.383857004060964
957,0.01511934242642377,0.3005161031952011,0.5341912730873122,1.2618785153895287,-0.30192763040958587,0.8521503306731187,-1.019057060107382,0.33830702496653936,-2.0958073366549117
958,-0.8623515213884192,1.3982911197921188,1.6961820084588997,2.5603636435223014,1.8661893964903276,0.5064567634880575,0.98248508984694,-0.4546984895654659,-2.6065418793022723
959,-1.968583864474385,1.9364826472769239,2.3036635833574395,1.9939151539137063,-1.4414698686439493,1.034867001039933,0.4725476538249366,1.8505416056855388,-0.2308658168042595
960,-0.9309087836190184,1.0363978949884407,2.3441881914946747,1.0220044446045982,-0.31903720265454133,-2.0807049496382604,0.8660086415086162,1.234181254429895,0.0059595337148868645
961,-0.7088303825428204,3.329477340914373,0.43761879575078744,-0.10207916159179892,1.9734122551858235,0.2037106527627571,0.5737166605044473,0.69240451929198,-1.8899768988761187
962,-1.300759090493108,3.050991766444645,1.6471266323438254,0.503942281955479,1.6257955650548912,2.545786436569572,0.2834508861101215,0.6557171137896161,-0.5981093321454627
963,-0.4414480564962044,0.04517223561285027,1.9799141845554933,1.5994841580752448,2.460589377746197,-1.790628861513431,0.7465393107450896,0.0284796202060809,0.4829932225588858
964,-0.9054345241533147,2.706667102688541,0.8520539233861795,1.1011427865137113,-0.6529171030159493,0.24432830200783903,1.4940734392429824,1.540589505386237,-0.43037717264099695
965,-1.0995590214510313,0.2166133794837734,1.256769930647978,-0.2620080400176048,-1.942821019107255,0.5862139169845468,1.6913373624327621,0.82880695121178,0.23809939585257733
966,-0.6823202416318523,0.8331384921507591,0.631877598104499,0.590915594954668,-0.09666974491819096,-0.20715082916860897,0.07267986101347175,-1.2741684334816346,-0.4218425131652894
967,-1.2896762016958339,3.0682794747056166,0.5051743364912739,1.37138416699904,0.9752135300645812,0.20216597065260963,0.1087110160902625,1.1015437670448176,-1.473406594842278
968,-0.5509172156010869,1.3185688309785486,-1.5362633543515998,1.2030619005533638,-0.7715276669443751,2.064691939437462,0.5578640229817377,0.22505215860923744,-0.4231602943098846
969,-0.3105338840872556,0.8027542961604033,0.3316454089490453,-0.6026577941805528,-1.4284095490584157,-2.4059915703312433,0.9415119038525024,0.20537400727882538,-0.34950744871900846
970,-1.3698455476304388,2.9954978477744496,3.1219955167929148,1.1396297500316273,-0.029773121835489268,-1.185433504567016,0.7964915627523586,1.357160872354369,-0.00659442305782011
971,-0.8681133326418845,0.0766191788887598,0.8394341999863776,0.6141601040362459,-1.506719374033385,0.8442050010356541,-1.0757271971251463,-0.5201199971762429,-1.184981575963671
972,-1.3570230598762745,3.052963704285737,1.651166793966486,2.5023628887501532,-2.4066541520344638,-2.082279189500342,1.0933479469783538,0.4348398540806613,-0.8856543749687352
973,-2.216929117481756,1.182655521981951,2.039689654738466,0.6711100111510273,-0.49078644777124497,-3.3224881410598592,1.367912855156321,2.998985784789132,-2.146549068241027
974,-1.9598870282088854,0.9977654602075623,2.956109914528647,0.4115675420280239,-0.7832582868039846,-1.1913864100668494,-2.4142596719028924,3.1471241052114167,-1.1249722633318606
975,-0.8886018230488577,3.816810299636834,1.2177819329839235,1.3793302461242856,-0.2869580606727708,0.8961071264471115,2.4709955869461733,1.433899233871796,-1.7558383563257947
976,-1.225498472106965,1.0743954694629905,2.246416105024136,0.9706216148650543,-1.4682653658103242,-1.563021644968273,0.09122265488626592,2.4760924120253613,1.016426756369313
977,-0.41939999270225425,1.6370362807432917,-1.1298415789389677,1.4375989921284558,-2.526850230251567,-1.9282161213147182,-1.1618729172251376,-1.0737626744263242,-1.0900210685867895
978,-1.2114724486649968,1.1753167721637099,0.9834533472792919,-0.6478390168174512,-2.145419787803259,-0.1823516178989193,0.8388867803549318,1.9048351554650942,0.6463506895375235
979,-0.0838871221241673,0.5377315799191591,0.5770710361513737,0.31007121598031806,-0.007645073172881739,-1.2182579672330285,-0.6437407100083352,-2.035879732285267,-1.858400023152505
980,-1.0349926915053194,2.200692817356563,2.537235208164816,0.501419969386208,0.1228097385110501,-1.7845608137694884,-0.2965444068543373,2.730320088967306,-0.34104944396503745
981,-1.9289405044762145,0.7271434227150135,2.744188019630732,1.1574831589939742,-0.6643789689283086,-0.5700017275625366,1.442343982715322,-0.46680600615623336,-2.4435338084074316
982,-0.8533335271193193,1.584113520735149,0.5239115058276599,0.3526575854832539,0.9944567816880365,-1.283420669690712,-1.2064486670409635,-0.12599172197475306,-2.156752290271423
983,-1.2477456770335265,1.4006541540910575,2.8598918711454027,0.38719618840462877,-1.2762610636400578,0.23364620982291606,-0.41830544456373137,-1.602237281425606,-0.04779381328052587
984,-0.0661389531379575,1.8652065754477112,0.4079257102500547,0.6224575054198908,-1.8105724695443213,-0.15977374247124468,-0.7070124068361413,1.264584844222555,-1.9403784279074954
985,-1.4090867360497639,0.06469954021835705,-2.346017565632528,1.3000364541265128,0.16110471583614122,-0.6173753394008202,1.5294577395266464,1.714576659996249,-0.50636828110193
986,-1.1451153794258255,1.2021098210627073,2.0392250186316447,1.8554452055243822,-0.2466382685803305,-0.9251080445050311,0.07339976451509043,0.29078883433384184,-0.507541358617924
987,-1.4892848794554465,1.263627921165034,1.5652329416972293,1.302089592363661,0.7626919703358115,-0.18164656470147786,0.28641565033082306,-0.33460559947123414,-0.23790501654295682
988,-0.8638806009015682,1.9534032176814553,-1.1290072662916515,0.4006727163457179,-1.2331884907772326,-1.5639582267392824,-0.08393536612413612,-0.6073726678745315,-0.43115958814139405
989,-2.138900383563935,0.1770756975114677,2.158881080288726,-1.1625509940146095,1.4100004666735297,-1.3388425270545443,0.575432394400553,1.3063963295039462,-0.5285416878640428
990,-0.8669422354847202,4.308957828837103,1.8962108308819907,1.0475663739341416,-0.011339552720357665,-2.4202335162210757,0.045277508731192045,1.9779667293164476,-3.0902311584396083
991,-0.6553954336876344,-0.5857589879778802,1.503139196640404,1.0891797051245222,-1.8326933732798099,0.4387081652813399,-0.1752614519004788,-0.021408535895938066,-2.4639914675616073
992,-0.4544561141609779,1.6984599958927438,0.0553115762464607,2.5685554585523422,-1.2394082728421998,0.7139765918780852,0.22491393480631763,-1.0618936097298284,0.1850544753394563
993,-1.8138358540592467,2.049955869781092,0.8159874216049465,1.0950520766950311,-0.32613520880157526,0.9333059648013935,-0.7934652288152276,1.1190267517296788,-2.3110626949630078
994,-0.9035971130963845,1.6861710238712884,2.238182479895908,0.3034552509339181,-0.13439769245211436,-0.6555111027220702,0.0652183929114166,1.6895585143463208,-0.7109961716962407
995,-1.0296938740756483,2.2477060732240077,4.615930950623949,2.858717380117165,0.7063560258634238,-2.0373617024392483,0.5757140370565107,0.9004267887171038,-2.3314672919220714
996,-0.09662760328684283,2.6631964798761536,0.19611307579411388,-0.6799142121312963,-0.22852344434757704,-1.1673276011783367,0.8325539660943899,0.4772573234872396,0.133308665550617
997,-0.1028910325584286,1.4306507493625618,0.8282846854441888,0.34070415649924435,1.096515527843367,-2.4102473718158173,-0.05430546790693028,0.2500797429799808,-1.5116882819223372
998,-0.20934755622545204,1.5321201157282127,0.07405832147546111,0.22602245529987858,0.6166376837652501,-0.8299663170740575,-0.46545437648649324,1.4508790363960922,0.5085654224403597
999,-0.5650088608665167,2.15212063242104,0.8763434241182176,2.1675898265574127,0.8247360258726288,-2.309144073187056,-0.15025540712228566,1.9766112843990782,0.0002872338586554675
