,alpha_beta,alpha_delta,alpha_mu_inf_SC,alpha_mu_inf_SA,alpha_mu_inf_AI,alpha_mu_inf_AC,alpha_mu_inf_AA,alpha_mu_susc_C,alpha_mu_susc_A,omicron_beta,omicron_delta,omicron_mu_inf_SC,omicron_mu_inf_SA,omicron_mu_inf_AI,omicron_mu_inf_AC,omicron_mu_inf_AA,omicron_mu_susc_C,omicron_mu_susc_A
0,0.19865811505608447,-0.1673601443313399,1.3689499871050554,1.6275199448528057,2.543105778908851,1.3331105228105857,0.05745009374015784,0.4029073134753278,0.09407823100311956,0.0678364654196513,0.6906083261177032,7.967488170048557,1.4447114011117543,0.8084138537122096,4.98365018148607,1.1741017326701926,0.32758233630408834,0.955355298704217
1,0.22788176781578967,0.39358556435113745,1.3161595329444835,1.0797272335266563,0.23005231214779195,1.5915357490078128,0.33938753467059846,0.4069017031625231,0.07566455518689966,0.2135789866980876,0.471922515277448,0.3811833211557613,0.07218971614979158,0.883241323325196,0.4689688578328879,0.2886286817124645,0.21124378992964554,0.2811789064945506
2,0.1685922450814676,-0.2863578339427482,0.7977893116208806,0.6818293157861933,1.285297961408105,1.139840528475472,1.0434169831056426,0.248008630442488,0.4149833157274537,0.11586540510909549,0.7082688789566116,1.5861817770150277,0.2769638176767747,0.10655313743301541,1.5478680814263746,0.4871726387522701,0.36808367982513923,0.5920635009099607
3,0.11437307075098105,-0.24613645898508524,4.33981270692338,1.3751469527020435,1.2755487262337364,2.2486600178879286,0.21802726405635037,0.8222819321270124,0.0211528666213255,0.059333291068655036,0.9761179417170722,2.0932520043158758,0.6702293418698059,0.27691052561457363,4.873984730871917,0.38988159723472016,0.21682031429979445,1.278546189260835
4,0.08339659025306997,0.49309221986864415,4.388459347478784,1.6914804623107618,3.444936351608232,0.4402259877671314,0.3067862999246073,0.7110225516927,0.27893985572216545,0.0786177206725065,-0.01009962984885382,0.7670465688015149,2.14181899212595,2.9411337043014205,5.778831600103252,1.1468202959852964,0.12224224897209075,0.719803131312588
5,0.09938080946212441,0.560942709791677,1.7956036754225608,0.41495063153013495,1.6409429781511198,5.545802069854121,0.20895964248787066,0.6061870033661879,0.304356603083358,0.05655753673604576,3.1370748258208767,2.492553314498491,1.1091631180342327,0.14720730249344638,13.199582644629693,0.7852599457217075,1.832686104988875,1.7370307830662142
6,0.19907976438494385,-0.6595756810868139,1.0163385366143274,0.16884563191095314,0.9098744239053108,0.8363617422661149,0.6141526834430222,0.609289712316478,0.09908166440536911,0.0962409241226551,0.886409729163983,4.969488000535875,0.7318245713521846,1.29959340033834,3.0328560260586843,0.6704384961459489,0.3602450809068152,0.23932156727293386
7,0.2046081826687184,-1.459552082939919,2.060686365453482,1.136570834818505,0.7237592341664058,0.9185403406103937,0.3651698238503023,0.6815593768474192,0.34138075730021095,0.09535127019841909,1.7324724596290695,1.3151660514763728,0.053403334278596684,1.0518754142845077,2.4761784036318426,1.6550231862667495,0.08594404568909969,1.1767469683220864
8,0.168989662013721,-0.7692470701610797,0.7800269273913615,0.679505659981869,0.9915300683690934,2.1096805122307165,0.5729353054376309,0.43684067249570546,0.34469340767966855,0.08513297493929486,1.8224719492149575,2.0256393126163927,2.0351731688303913,1.6500161553951218,11.624014639413534,4.261507124247059,0.011830484198589213,0.25225622312795737
9,0.12138018328728668,-0.6978541459093179,1.9940801013525973,2.306856456026174,1.0211223483386211,0.5561604038417675,0.336572029793338,0.23134149782221142,0.26566989700722765,0.16971875297572153,-0.04845224955736793,1.33562173447112,0.1826831490952679,0.5275754525453532,0.9852917188083614,1.0744517544081011,0.29072465209458775,0.3345617090546432
10,0.12383708797027154,0.08541451336724815,3.3623264236627572,0.30020661608872906,1.2621587548425857,1.680932208150929,0.11067675657341547,0.2136004233964021,0.0737806514624786,0.04553625519029352,2.505489849165448,3.7180425113220053,0.2832405082824538,0.819146367013235,1.5524764503705835,3.861287201456525,0.22138891829575513,0.3818220553390971
11,0.15958577256289486,0.0593947755317252,2.4255916997667195,1.9087173078765678,1.5870032783741321,1.057116826195934,0.1475919490179835,0.5760245107000479,0.2198038993333949,0.036016918614260214,2.16794008349437,7.0641663584183325,4.369275795888916,3.354399120478765,2.5684787541696616,0.8997222635921994,0.2978852704190137,0.7170957047227392
12,0.10933086346349653,-0.07196623035565623,2.3674881216623027,1.0407427882420763,2.087201507324975,1.7478083852934316,0.9008886718237676,0.9300651192587249,0.19387884219087748,0.08810588313004147,0.4906656263203644,2.0909748024485904,0.2423295403017207,3.896212042791495,7.2313058906471595,0.25186704791471964,0.26478470288929495,0.43805849014158416
13,0.0842400195522203,-1.070026426125266,2.298857551413114,1.3835106174942988,5.998711327211965,1.5125203463942773,0.6228526079226724,0.6470332281359679,0.45334079325050175,0.03899625775045578,1.7297047516693924,4.41932286542242,0.5736792909009912,0.2502962081676561,9.377051816586153,3.764617170916198,0.17346445450201436,0.25749441871110035
14,0.16573153034151702,0.5782772991374504,1.5400454796023726,1.1174591814360013,0.5638943877176119,2.8361078993554343,0.48147212735129064,0.5729211902405533,0.15438545385552271,0.040235335237681275,1.1501158239222102,9.455631248484233,0.10114462524122415,0.6098547970055284,2.354106431736596,1.2302693015696298,0.024460337921439805,0.6127036262904233
15,0.13719971741734818,-0.842077960084359,2.082996843836318,0.9429271931648752,0.9405475086731225,0.7414299328976643,0.10757161080841325,0.8341952024431356,0.22310032500778756,0.05652765165959033,0.4544038540402914,3.260664973911039,0.7897245848475045,0.6067607834003256,20.099008689233212,0.6461796269872916,0.13813642501136228,0.412054874869502
16,0.16063060162397613,2.3667583487695696,3.248463643288425,1.043802615754163,0.9924795189562438,2.60268940343629,0.1384572250431858,0.7543320074406115,0.3118291962232504,0.03200820675006286,1.0531983107339384,1.0084499553813553,0.27426913124732233,8.060038809547496,0.5649280144858709,0.5614961126790646,0.11867195159807759,0.5414731539556106
17,0.17536581886860067,-0.9374980621275159,1.8227204961590266,0.6583160824615454,0.7161077522294614,0.545193044206891,0.27962507504435663,0.36900333804378577,0.1865156900600172,0.019850732438135687,1.0271310818730979,6.4347252909607455,0.5504085905274723,0.6273307757732274,1.0177632586489171,0.7345749098524579,0.1527085073745588,1.358854353852954
18,0.19453068055756373,0.49757034236544445,1.6353388743759045,0.3494391571424794,0.7385380665403307,0.6380056089276455,0.23023212259840092,1.4658268964433405,0.24958991238998754,0.017189485056780307,3.728434079887598,8.61601387357276,0.6897164829973803,2.3267827373616643,4.710984708850992,6.36024321073304,0.08478963640756229,1.0045283496084878
19,0.13150914745390177,0.5582944775835375,1.425444513520953,0.7178378390747097,1.1337862213613328,2.7273538328102775,0.1383719163680695,0.34178730635326526,0.4472452412997206,0.03207414695456889,0.8533816981189397,1.3277859574130493,0.24213489417625753,0.8866934147436478,4.112031910804318,0.041425957345387655,1.116719189158361,0.7420452905733345
20,0.11795275893295919,0.05218384485159219,1.914941511099005,0.09251386455455295,0.9499331601672795,1.4544642392565261,1.4216591315319584,0.19793551907239867,0.11898432341596125,0.1409070603360071,2.004249473426724,0.6447245990515157,0.8620869082731925,0.8427839157430012,0.6384010679634808,1.2969193142039046,0.6954642015990938,0.4008593835874622
21,0.21492890492123204,-0.6775840038436993,1.7114726924681374,1.105681135172612,1.1125329585971986,2.7230584619136406,0.4275631347735667,0.2643357292764218,0.15191201601352627,0.08362572531690884,1.254211624797783,2.489984164168061,0.7952979288394124,1.3009353021761039,14.424202152925787,1.5427691802353878,0.021982851542712747,0.8703753956760282
22,0.09031173036363431,-1.6784164676951978,1.975142249832198,1.0021291266575996,1.7997289328682526,1.9053763051647072,0.1760826401470562,0.822302872735348,0.14944778928281494,0.015526652088034087,2.5765613532424823,8.720925908987125,5.433902920045365,0.7614119473791058,2.059711571380709,1.4198554296830785,0.19969241534610088,1.336084223270752
23,0.10265246182050473,0.3279159070455743,2.8939204640906966,3.4224532221242647,3.0035539496929977,3.0077720399828785,0.4330553854542318,0.6984938248664295,0.2566437391107396,0.1621333586618479,1.2404632651672949,1.1438733065263,0.2664553021633576,0.2719478487370235,1.8649729666613684,0.6413228712755222,0.4424598229078079,0.49516836331186315
24,0.2664225616521009,-0.4991926958227364,0.6091571065521312,0.8965225308035102,1.0808614334048354,0.4086911843276806,0.4044302364751375,0.4599521116915064,0.2894188549935487,0.14107823280283152,0.6487570441513231,1.8029851457429247,0.3827321563741273,0.9101857786800154,1.4619632536335554,0.5525973714529455,0.41645422848613056,0.3176751215812933
25,0.1037572117142501,0.31942635045325807,2.118835527160478,1.3116031177574732,0.9194635727535532,1.6261812670768374,0.1986575269186151,0.5417903471068695,0.06628370616428596,0.028832227397420737,1.4578176316089473,8.782496330677114,0.7759460197031619,2.0706162702183217,3.6912546531158714,2.9307393718108288,0.028474158019469724,0.980817365566776
26,0.19412968472025852,-0.14068627524214028,2.1815230088800717,1.437057784537313,0.7415544367926976,0.5212710290169331,0.2410127874468649,0.4751489772440989,0.09347003539153419,0.06814855363578635,1.1764869885199178,0.6560325604645735,2.5471296087504633,0.18547502474641547,4.757513247222513,2.4930287145062464,0.319846092626915,0.5238516334421175
27,0.15496125965327892,-0.043988284404965314,1.4928898549832879,1.0332950941618804,0.8677839607240722,0.48168377836263104,0.9347289811592591,0.2065732433065465,0.4584038541360948,0.03625313817146454,-0.043027930802067495,4.577761382940631,3.3414906662436423,1.3579424157037896,3.4598425087799827,0.032731404649277464,0.8943168856184318,0.0717532023212572
28,0.1147708736238217,0.5389567048021917,2.2134697273546964,0.6245309071128088,3.7590252123632486,5.039198300640313,0.11942559682982554,1.391530440949156,0.038000120517883595,0.004336682783863069,2.290525161179466,1.6661174056398294,0.17181030090967067,1.2109867140660022,11.526740305604756,2.548666527786868,0.5911277651175691,1.2645542649494599
29,0.15705434487634234,-0.902232254807392,2.0012435192063207,0.969701194977419,1.981055073572539,0.6009725410914154,0.2701985663076037,0.7405786055574298,0.3129905520704918,0.06767406091487753,1.7893914040552013,0.45618442527181857,2.242886859106601,1.1190845943263892,0.7739735633847842,1.6340582582383139,0.5093605545781047,0.07758247046819478
30,0.20058932770888654,-0.5681444625090772,3.3119892122446135,1.4923368717498848,0.617668429398719,1.8689486661464958,0.12711563932638403,0.27983583104796467,0.04209942580731803,0.05963367369874441,1.9088333189886695,3.10004322056954,0.7051115947137675,0.22308310123693756,2.13000574879064,1.4332189546991743,0.6096815936978469,0.9314718990964644
31,0.16767874125629983,0.02804508626097102,2.6127277761916736,2.3433052692083485,1.4463085103205635,0.966862582228065,0.4465614511410442,0.3875894074567619,0.14452263398450613,0.07035244296209975,2.2729925951080037,11.658191025513277,0.5149499125602516,2.7214501178531063,0.950559691770312,3.617139852437475,1.4972719500593874,0.47319075990424164
32,0.10964586604076154,-1.2357928187079892,1.9003670448488135,1.2023136498473992,0.8477844819438093,2.074840089648194,0.30101827235198736,0.5798691050629238,0.28305704893419786,0.06826802275795263,-0.2026615639178253,3.654844380648675,0.2059836540497126,0.6591556698198326,7.508448339122084,1.6249305178459017,0.1231110537973403,0.7905980817086651
33,0.09994976502785645,-0.006504181084850718,3.792074945828959,0.42520125623306343,1.981908251866026,2.2319377294636333,0.7933798521485957,0.4464370218644316,0.1651089032553525,0.08454365737497681,1.4723362682099854,1.1525856252072944,0.12143781135978325,2.189955671107396,1.6922295276235098,1.5323288785741953,0.6603477170954013,1.676558265746479
34,0.19676513244193522,-0.571006110798622,0.8711418298670793,0.47391684630545433,0.3578741433655643,2.227369461563862,0.19175158067061482,0.31864534845903647,0.1917545628354657,0.011818676744290746,1.7786058698558236,6.245607753922675,1.1033028499432231,0.15268941660451946,6.295398761758131,1.6130332807303267,0.03846398265747996,0.32853648790297274
35,0.1496179125791887,-0.9745087726047439,1.5344626871718228,1.3247237473377576,0.5557044808916355,1.048502784395314,0.30358788609929027,0.7486551564466128,0.3739826447629909,0.07849469849992097,2.0715872540078584,6.35466867739627,0.7472117458910283,1.033974407506653,2.5620135795759733,2.4071451223074556,0.1134857070452884,1.1083626563121396
36,0.20498900449120755,0.12953642132563958,0.8578355058042728,0.8843675836322407,1.587072866159685,1.4473990427773966,0.6155027573701263,0.36386525225369704,0.079601475126992,0.1084205318930269,0.8266806056494209,1.539036100480489,1.5893770669508362,0.36495947933373435,5.4450080943609365,0.9310191338481625,0.27992709629567714,0.11528837431746607
37,0.1731828324547405,0.5186723389488648,2.5099443600612776,1.1178791592528867,0.7788956845888744,2.1361518944662174,0.5259825312350985,0.46225857898446326,0.1789023721092288,0.05913554254843184,0.5976806849171018,3.810763130452708,1.5652855317908667,0.646194698020794,6.190099922147182,4.065526438420544,0.1278799029989743,0.08446175892111125
38,0.08341345549762098,-2.0079109840820584,5.162763397274103,0.4857035000970972,0.9441154195391124,0.3126600349295659,0.3795179103393158,0.361746488425914,0.15530721748864837,0.13100260878106817,1.0713335154469648,4.205341550596962,0.19202346715863158,0.6675932778330992,1.66833544962197,0.03926060536621526,0.23467929238774568,0.6800501121944461
39,0.14630965932691278,-0.651679345340603,0.8066419286896126,0.8672736728260905,2.2157736072140306,1.6744455808034866,0.6187661253403821,0.7929431550495888,0.36072299650444434,0.09028843883766456,-0.26155538713161486,1.3885512079349396,2.1775298639589056,1.8007202637208344,2.413831084042846,1.2009993262561045,0.19536075628857763,0.12114104413931118
40,0.11053061866568228,0.07087483163213248,2.87656424936665,1.847195600427553,1.3639624531308103,3.3653754379049072,0.08830793370565578,0.35363544238922767,0.08644646447883494,0.03667256850031113,0.4543254667299358,1.6799313232301278,1.008559037784967,0.8161884241851505,1.713596406720701,0.08080378679939283,0.49641194353820395,0.22636067886407824
41,0.18190127192602457,1.067575359236625,1.7027148192179387,1.2874859597350314,1.0571093257547621,0.437151916826579,1.0701032431386013,0.46041480289594827,0.23558591228860806,0.008396716307786569,2.4691774554289134,6.543073459339318,0.4775768234287081,1.247517077722071,25.55700523779706,0.05973014024002319,0.3924614574162597,1.4648429636881084
42,0.12784441051776557,-0.1543507569480581,1.1529329165427562,0.3698438005618381,1.7064197095706333,2.2974942844283173,0.5226439104892465,0.3657667739487318,0.12200746627273576,0.02237705387056838,0.6841170319320954,2.32018160707402,1.4729436205441961,0.6621878202134329,1.6622596845944841,4.445508799945269,0.07651284841688952,0.12834954616501165
43,0.17438735928291169,-0.6313743549950992,1.6714543061379796,0.7440946558261914,1.955496270778132,0.6122783986597057,0.470005049760063,0.8371232093366999,0.0668538670713916,0.0521684665841397,4.808075452744232,2.438458773613237,0.37680418008316396,1.8018614514467406,0.8011466387940572,0.12239034471791102,0.4129021944527225,0.16646076965619475
44,0.11730076826455738,-0.432242571661633,2.766222179549874,1.0889046536252402,2.3444860395599454,6.659385072246325,0.054795368570004686,0.508705746427226,0.051632133014558816,0.050382610667495976,0.6027591592768304,1.878640544999214,2.211407932091304,0.21710779349300444,2.2147559353072803,0.9071737797911559,0.060638266452859746,0.7831260930455015
45,0.1123321722875836,0.6871712396818985,4.540211707376956,0.8646345783951676,2.8643487897848243,1.75678981674125,1.3760535648490066,0.3996775557327625,0.29578210576030073,0.11657921236073801,3.66034137618333,0.42735661937618835,1.2806527622398753,0.12081444855286876,0.6796287612299986,1.124722223095413,0.08174950851885635,0.3072399910938414
46,0.23371639100654754,1.1281620571059874,1.348223798073489,1.4735651407625516,0.3789728258606884,0.5945973979913166,0.35345385798916157,0.7336828655443346,0.35810388983917113,0.07300092905847602,1.7083656295208711,2.0288626378178267,1.2529163726438803,3.199878711925843,0.7252151148481412,0.8984735489778497,0.07099831260716069,0.18596861601691334
47,0.14134774866936417,0.0159353115474733,2.8866459473901447,0.24483112083168884,1.345172067727995,1.824453441725117,0.3240770103760481,0.3854565327004711,0.17219357657953888,0.04907816244636497,1.195623889003555,5.123517783843454,2.6335233806674947,0.6601631224099077,3.284520891915615,0.29761722969449805,0.09785464582671567,0.2531957858090105
48,0.14783135967634228,1.0309967555768158,1.9235651989143199,0.9973841921628815,0.6635173608630576,0.8866749422142118,0.766402308440724,0.8720587779060869,0.16267478521935003,0.0740413485789477,1.2444021976988566,1.4467674198295715,0.12627093622052998,0.8460643179309897,1.482351380648725,0.33545765017571516,0.1296573817174399,1.1464552452579777
49,0.16187508729121355,0.8762956401101276,2.8348340376955696,1.3868375709875962,1.0309368915495782,1.8570547861473756,0.47449674354887394,0.4513732922298403,0.22972859357615788,0.051454254839918855,0.3158346757772399,3.4740950117373077,0.37603668135929497,0.689058857808554,1.7649280005919958,0.52280762923056,0.053407917369982426,0.29628233048771885
50,0.17206508541199578,0.1422046674588301,1.3951406827747135,0.9530541073272113,0.5488520641420622,0.9339742787024882,0.4024047727762201,1.336627864410907,0.23967102618437686,0.12457407605484101,1.086859791419474,2.588709943751079,0.3548154262462494,0.38822567535145736,5.123100545767036,0.5587337351211441,0.28391638704628763,0.3008781226496636
51,0.1882216038803523,-0.40874905260531513,1.8293427589853297,0.33183467759233987,0.7508109260302641,0.8522779027046252,0.718631491406635,0.6066881153130448,0.5344195317666978,0.08816511014293238,-0.32560426689340627,1.6388414728988123,0.48615169363373706,0.13127202921509754,1.6883044815330739,0.4101181964403935,0.4474448341796689,0.044465819471742975
52,0.23200824738298514,-0.022095541531864663,1.091024863209057,0.40347966409686786,0.5015805264807304,1.5553046635752843,0.24040122227748226,0.45018396444858355,0.3364630667923267,0.08822917020510815,2.8001396692002603,2.708897069016109,1.2658934592635478,0.4653157199391487,6.8887287436842755,0.5648210250478528,0.10951104946153215,0.2046133733718142
53,0.14234938695345126,0.3094421701017199,2.736281048518264,1.3623133092097448,0.6599659764873855,0.6167208976162675,0.1948764036935636,0.8479112578474073,0.3142267141159656,0.03855498581497746,-1.1501794777579013,1.708553365808979,0.0865927097352138,0.35880397050980833,4.1855021333522044,5.055896428784203,0.07206464617697601,0.23045343996738324
54,0.1816052775286364,0.22277821695528946,1.1424241118279916,1.0496826809784565,0.5019012797109876,1.528282542114195,0.04323911815084265,1.2530332672539677,0.059734705528889154,0.05486939364873284,0.9864396639305469,3.3468120300256556,0.3276890357721337,0.13081025149590073,8.655375491895834,0.2899538754763197,0.3391061985538405,0.2451086745373013
55,0.10622835070537259,0.3113234141905855,6.356783436147695,0.802774389978167,0.7408616518846726,0.7653314283124238,0.35300020418364964,0.21821164558796668,0.361500138067921,0.11087884251806006,2.0437665972623016,1.8466850147008178,1.110350969077341,0.5284211483286844,2.3717225334286356,1.3311385826102193,0.08090455063018091,0.8729000838641217
56,0.061066065686061245,-1.2963757235672961,3.415881385867282,2.9545557141745022,0.9590863204183138,5.145593956711749,1.1562894916645572,0.1929239238913547,0.03973756207382054,0.08781805747047429,1.0527477062470658,0.46131617568195576,2.1498780577364047,1.343293762844568,4.971087523167723,0.39373992299811444,0.16852246908609989,0.466739734541001
57,0.15580938535898212,-0.5260698465445991,1.5631081205709574,1.7049716370428618,0.5769395731653285,0.19889620559106422,0.2956025145458501,0.8422444667362966,0.2472761393723975,0.03995872758173786,0.4327601579945355,1.0230621037638268,0.1601759606383289,0.13382603022076767,1.9955297661977087,1.7513510240999033,0.10343181224569635,0.6976667064333404
58,0.15143982664758257,-0.40434658287938785,1.1820335176248458,0.7219862081162909,1.2321806767691632,1.2625927604742744,0.06784881744433863,0.5440110273944849,0.12584645882575632,0.12822903631278332,0.04737425745221291,0.7046999930455082,0.3458478295263458,0.31489262007224234,5.414636938197346,0.6373053333635955,0.1585746697860955,0.47008602745497563
59,0.11829707910618918,0.8085620223094305,3.081499488330862,2.1906474100537747,1.063918944282798,1.5244898477162259,1.0658684292734246,0.3820508356745918,0.5793736164092147,0.134197986786701,1.9032074551532923,1.390153797165429,0.060182250914165764,0.2780474503206733,1.6095398662559592,1.1609160925486133,0.2374120116205958,0.7601763869921532
60,0.12509874172978,-0.47234212580415336,2.6461448981172007,0.9678341117288043,1.0579502537839378,1.106891737270775,0.1124155993140999,0.42887687159888016,0.39721939349799834,0.0746656757233668,0.4053485366993881,2.09591974420847,0.19301808991839875,0.29344556880863243,0.4118773293040678,0.6837712536007083,0.18482695459930598,0.6963271512958616
61,0.09613929962984182,-1.4608785696752733,2.9008750820244895,0.7320930908606945,1.0381232939932434,1.4554949473498933,0.4607423506678907,0.09583435981818549,0.18115726094650236,0.08364887938951059,1.2586334127969128,0.6833168369881694,0.20445684407965797,0.5998772633294843,1.5303969354932816,1.6657816525874205,0.34073843401673853,0.40306340843547817
62,0.1184546971397465,1.0795766801154243,1.6667382947172131,0.5554463102460659,1.4675517747104676,1.7756921210353096,0.775059874139238,0.6938109914359675,0.6568290435137963,0.10872218116736514,1.1349898696256555,2.336886813118491,0.3636316067166977,0.08781431597083042,5.623412085890321,1.0094035648703723,0.3707044256245133,0.37937045716161233
63,0.13003634166399156,-0.9541222325430464,2.0598108622017706,1.7751233516889537,2.8810544116651355,1.433495136220955,0.2393623210481446,0.8477661438977709,0.07339995259740269,0.09697560840609759,0.3695004138796766,2.9174334056197844,1.0684892398720047,1.052963072956406,1.1337659708305088,0.5805403662288593,0.035054018609433184,0.21479179472504917
64,0.13650576143281745,0.3283516883414844,3.683548154900624,0.31570673897484086,1.6680327724976478,2.8422830684603584,1.7875060156511438,0.27190021969959627,0.3661790189202717,0.03901250451109938,1.0232110235531255,3.946667115780115,0.74121503725498,1.6079542210697204,1.3664595277285136,0.24603307518773548,0.11367400347244493,3.252644351575475
65,0.14577151009699638,1.1595061883576123,1.6717444321634416,1.439852026740821,0.7055575003395108,1.1044570058809018,0.5179278877592828,1.0773682447960684,0.3828067017494775,0.019425568016656368,0.49838908591609243,9.931270672136613,0.6988136715219203,1.8176770997188816,12.560707708217965,2.476134185221661,0.1647934741256334,0.5029828114727406
66,0.12092474807851113,-0.1294521350964069,2.049667582434203,1.5715869163930085,1.8231180612628228,3.025074911595662,0.28024734114637995,0.7977054037962695,0.09089789883010026,0.0483007012896901,-0.2369459247953335,12.823642097705928,0.11193651560260011,0.3156448824239503,6.808992926544495,2.4068544657520317,0.5093080310098087,0.2144840020542028
67,0.13989741925379456,-0.4700992715456977,2.297961370812696,0.7679987243355413,1.2481110041215906,2.0679773799429304,0.1086133583365381,0.6568361991164618,0.19420593363814173,0.11281474914978083,1.0200629384739257,1.7981244870477933,2.008837595043161,0.3204337969344064,3.0379150047726435,1.2210924725244072,0.033526169424435676,0.6531276191780819
68,0.15923059807259055,-0.2512301455278493,1.3898202209985977,0.6970047028754862,1.449301508225087,0.595653252123896,0.08566061489499627,0.5624393694120755,0.6014479661025411,0.17762015574001386,0.9807650039919974,0.3725689850325399,0.12240508007986142,0.3952929943972848,5.398214214635725,1.0632918661313668,0.04360894363658997,0.5374513107540636
69,0.1730174410000999,-0.5898363314219133,2.9842317503387745,1.8786675070925725,0.7274303931963901,1.0578233967963966,0.11825527124857357,0.280747143579334,0.3976848215007122,0.06060647540334488,1.4700213469564345,4.550036793102585,0.4494959208239455,0.6160784979016954,2.5723860971736703,1.4151933346988108,0.0673636784829411,1.3462878393104076
70,0.14432484766966586,0.2719258039714651,1.7629183214234152,2.435816531326421,0.6409986449203063,0.9300505810878794,0.2873943760663975,0.8949983944384563,0.07306610422207058,0.05891364982177216,2.2568597347718287,1.7267163932998697,0.9765081466382204,1.2056995337509668,2.6869266672883185,4.133518842603002,0.09769668484904398,0.13243434134890117
71,0.10994999604401608,-0.8270666486633749,3.3029765040931545,3.908749131257692,2.552515601555008,1.0574776514883701,0.13762743737998492,0.3877628783993632,0.15909823145680088,0.08707475271475693,0.1274264227114148,1.486942317528372,0.12495985962667762,0.4995302000962036,1.598358391461685,0.9414774349416045,0.09490840263140368,0.3268605521440869
72,0.16085152890101118,-1.1548648005686848,1.8222511726735389,1.6994116242661637,1.959541064297905,0.3575696867073971,0.6645636315372226,0.18465318248350512,0.1743173542806011,0.08096613520197615,0.7981156884801117,2.3777251692329098,1.1922201048328456,0.8174543746079336,0.6220896875857019,0.7052827654996983,0.2726110880219849,0.2081908901774538
73,0.11674205096299008,0.2022178355381957,2.4818832383203784,0.7379160465550489,1.8997675717170783,1.021107019970594,0.1911089926830607,0.7548714291990016,0.26468150975611165,0.09037113543560192,0.24477177330125985,1.7785751784617523,0.3849740258002649,1.8667288492622995,2.640705067833495,0.8147272560638485,0.08162270228127587,0.2140349632525623
74,0.1986228574526216,-0.16971352927344477,2.397200333264935,0.693998003990151,0.979627912060629,1.6292503217464105,0.2930016941873324,0.26253736146614887,0.31315808101720344,0.13363929992008144,1.1251618648899462,2.620717064868318,0.8877387503724311,2.059873841249394,0.4723286119569334,2.271752883813378,0.35260454332183755,0.5618332863620965
75,0.1546583072871343,-0.8430001949198899,0.9372467166534394,0.556452662540291,0.8520591978517994,0.7851268271167402,0.2062516271152504,0.6647334740392555,0.2701627510901491,0.054980467233106046,1.6332734935870343,1.705641311382672,1.3196157972658729,0.2295313455573704,11.052179669559262,0.6315195867438302,0.545732131167483,0.6544799432993674
76,0.17653567115096852,0.1433530605189214,3.692900598586802,1.5486996784946856,1.9228743249988225,1.8305780854713045,0.3914042723812388,0.429765186252083,0.1036090000324481,0.048300470693279335,1.3595857523848223,5.07550098409134,0.9253954393714264,0.5582836297176009,2.244813656938455,3.8241998737217515,0.1883964370821404,0.6477635368346538
77,0.15909963868824037,-2.6270150937431964,1.1828549242690312,0.6402093006155869,0.45308179718582714,2.023285086949227,0.48086599229050825,0.5609027991443584,0.6109423763594489,0.04199889582975302,2.5782140624480823,2.467135445500038,0.07482831901704688,0.1348144205753351,1.8762708244179853,3.254098302933811,0.10088137879674162,2.224574418636841
78,0.1838007079639656,0.187522944127937,0.711899608968662,0.4930797044653911,0.7372073305632642,0.850954414786048,0.1955439729611406,0.6997606893821183,0.25609957592517574,0.08134083832442171,0.3660755274185006,1.773541606676732,0.13994301040299986,0.6679153544577386,3.050897651818999,0.9620869954456014,0.2390105326575257,0.8645638052781457
79,0.16941083178859376,0.8127108641207859,1.3169776610622335,0.20919488992416596,0.6963389913836676,0.8060515384350105,0.7305200471718379,0.43298053195575176,0.06898013918601902,0.029761910603535554,0.668284416083124,1.0742852537651817,1.1408416928423013,0.6959687651598522,1.2591248092737795,1.7479356198691556,0.20921881857870392,0.29525212558166747
80,0.18514729318256823,0.481056643367781,2.258818662950194,1.4186833872906592,0.6844551041755216,0.6940867080754746,0.18046685215988767,0.25094867209479815,0.12817602480431287,0.15563296044524608,0.0012402461097524853,0.7640590850997581,0.8356930558365567,0.47542521156108203,9.850204316967675,0.6082953017798518,0.19474146723165367,0.2243018173393935
81,0.133528088051796,-0.36018705596579725,2.044581512560226,1.3821473554325692,1.72659694582716,1.0666968550771,0.6313282903207964,0.28959501743836874,0.10633133255611929,0.06420456665781288,2.630097195513812,2.9608235046905116,0.5462209156453247,0.4150382750257263,1.2846915025500278,0.28805244273308556,0.2761173075816001,0.2925729122527485
82,0.11458912901366786,-0.1813376678984025,3.1249716205437195,0.15281756832327711,1.7415585682784662,1.7762746410944812,0.21895942583820718,0.6380630316044923,0.23800228028763554,0.05839632071260058,-0.4601068043228822,7.08242642810417,0.16121079127875665,1.5032851647565004,3.9782084856984454,2.180662896265289,0.3485806572507293,0.31938094783936977
83,0.10256332933739382,-0.2505864598682708,3.519044575198807,0.9876527121983647,2.2100508227419566,2.049696852725346,0.12518340837258327,0.3019429591155555,0.08004457695335246,0.04671813848403894,0.9786050217153679,7.35895620243736,0.5811330251570896,0.1973639571181067,8.565363157749443,0.5946594216800876,0.10885615590807356,0.5600847974269557
84,0.09850177883290791,0.4223860971329514,4.094239431614346,1.5402373290874845,2.7811596415720707,0.7554007988245559,0.5504034590630262,0.983721854966339,0.21368359448472338,0.010013800579726522,3.61634574439069,1.2726630573800572,0.9791591477414526,0.18332697972755851,1.0546007722563608,2.499388718678251,2.524222366662808,0.1347151912278348
85,0.0887624086349664,-0.1125512527441696,1.985025875054855,1.6478867336361314,1.44991044902637,5.7785471336625385,0.770675395911631,0.42181460219060973,0.09575388175056115,0.08750833694104142,1.4627330544318127,1.384941264572156,0.47517120059282675,0.25155544134211405,7.244452705170587,0.14961960799463478,0.22279621807948927,0.22400531531737036
86,0.1299666414408002,-0.2610920309379879,2.440290839857595,2.2524053762815055,1.2027128481488973,1.1906048093048898,0.4058625752223952,0.15956631604545657,0.0685540645986187,0.04356122945261336,0.7058382829488168,8.764209572335858,0.8118600533600444,0.39980501649263267,1.4367534091790306,1.3226169033841424,0.05596455435893464,0.30692103715015717
87,0.11830247887997425,0.09985616949874142,3.850528753369244,1.502738416725119,0.9931578268778504,1.7232376448433648,0.14887538125963476,0.08723506809060634,0.1770583460284011,0.050097655067742865,0.8872738913291462,0.615273260643284,1.3178638041027506,0.49464890278084256,2.9759044848837513,0.11319353974885488,0.15539174135258213,0.11526113881804378
88,0.09668937739630588,-0.7929452635959404,2.457504409059261,0.6427458795396768,2.1424678773231753,1.2108342924635525,0.18269508491713835,0.6374743771193155,0.310793137341546,0.0777573102136563,2.3458748135590355,4.580061041284375,0.6746175108840542,2.411347857864799,1.1195665272073654,0.08478567272854809,0.5627648240106605,0.782652747280495
89,0.15680091433104937,0.8005683721489827,2.4612819749562838,0.6072082532193841,0.4228983241067496,0.6912569629355174,0.17138445694040821,0.747139488568452,0.39261808231513473,0.031224754208041113,1.282029297245562,2.114562885932099,0.24862628895970354,5.378532881553532,4.697113364943549,2.3253770187415617,0.03620522242633383,0.8447726498057165
90,0.1438003414237388,-0.4490093948147204,1.5052265071677253,1.2274559571628918,2.0212753305412807,1.5280289546267978,0.1779368841902091,1.4460302383687453,0.19490567360210978,0.07767122591366683,0.871365795343237,3.639802714754993,0.37541757967491757,1.1092784675793776,3.3772414082154,7.817903124457562,0.04209199892714498,0.19965194530271976
91,0.22893556948670643,0.39232782592303933,0.7587584007608943,0.7828888361251414,0.655564354147228,1.3235733245788701,0.19180729525945545,0.34525503366704796,0.025310205764273227,0.07514355479049355,-1.3735394860781216,3.9979894188852922,0.16918380833181554,0.3962331651350813,2.537834836355316,0.796112207487616,0.267811305341976,0.07617359679536859
92,0.17839878130723363,1.199069298273296,2.065237264558491,0.5178996526204802,1.140799536581947,0.6796811936439775,0.7351671283807059,0.8412372943449336,0.12102830345450485,0.07880740914571427,-0.08442840754533276,3.215118311463187,0.4789466968948401,0.9572643201783041,4.956446248236373,1.0431378373438178,0.6182399593071698,0.9002246278124689
93,0.142435782966971,0.3277080619476881,2.257428471665377,0.4224767137062608,0.4673974783880692,0.38571247365928374,0.07794684019162929,0.7161304053216269,0.24036439206930602,0.07316949565135938,1.4427476360904983,2.10355931871167,0.19776677412829557,0.25946330831409786,4.109753313986179,0.5857316605552507,0.38230785525360395,0.10802642151499661
94,0.16105668517569235,-0.8171783307144118,2.1512108103035614,1.3322801404137974,0.6797053958866338,3.4258551335281267,0.775556074176986,0.29299445732083196,0.1597274384080487,0.037899929986451274,-0.14941945627854292,1.3949835119363114,1.5269590065051528,0.22033859948360993,1.7281193212906116,0.9658543361851957,0.4352993819005502,0.10281577822238949
95,0.10814551213831154,-1.9714887235554748,1.5558175604420303,0.8457698001772906,1.0556682518197336,0.6366145025092333,1.2673612981992466,0.3769593714411301,0.06632743113951085,0.041140777140023885,0.9618900127952255,1.7669738608955958,1.1045507598636588,1.5420986250681499,1.4234789607967164,3.388987590356247,0.0397106209936816,0.1529181117970355
96,0.12415832119933289,0.2827190807804717,2.112453097433662,1.5291955017460015,0.9303858580020674,0.4599159720046777,0.21589585749483128,0.9296818207221953,0.3010067637978564,0.0676516676626069,1.8523404613078194,8.668268760519629,0.1904911583734893,0.3772795366719798,4.4468676215064535,1.7682014672491135,0.1808126715471177,0.3217358677855066
97,0.11155278996422335,-0.22346628980683517,2.0328709569184777,0.9214882778534471,1.4538360536017298,1.2461838712104307,0.32809995320228597,0.5866502445778197,0.14861591254567708,0.06860691663275285,2.3465075277795093,2.972637697972113,0.2394243440641065,0.6733203433064395,19.114491613939272,2.5454915238680247,0.17594131027746504,0.5404081123335546
98,0.18754167046759596,1.514134019093309,1.5417811329135578,0.6487027819910839,2.1491084084902217,0.8782834857137486,0.49323265591215537,0.5467943519753192,0.1484964359736727,0.030306682833252677,1.9185842830626356,15.98266585360523,1.040160632756813,3.1029697339401414,1.680684965346292,0.35284468489118487,0.04062188273355083,1.2934595654236845
99,0.08313000135458913,-0.061877253284888786,4.849313520535042,0.7900739642546607,2.1998646555943164,1.6358745969935289,0.2597958930457264,0.4048358829434198,0.5399266482047986,0.08593578917847373,1.2436496575973737,1.7472993957708856,0.23391620796199153,0.19706807026005943,5.858525204673841,3.018502792197389,0.31810961065079907,1.2529998190985518
100,0.15158629443691918,0.5217635828783329,2.512293762407025,1.5785861499406906,0.8500581859810238,1.5317826665302199,1.6369927043588308,0.36931078278829443,0.20723763351056249,0.046350215368528555,1.7303219339824376,0.532529890293175,0.47084211152349625,5.091166263955747,3.1222673489847668,1.9109961996652902,0.1695398642067288,1.8385490311188066
101,0.08405396602548029,-0.589496323629905,2.85686002278519,2.3781129424520806,1.9964373309833243,2.23677975261366,0.5806603696565689,0.7066267922832387,0.44607970450260764,0.03947686687130034,1.8139629973659934,1.1178775599872008,1.1599100524077541,1.1604450132855788,2.218901455642147,2.7165904850313756,0.326070497576159,0.0967055486497241
102,0.10303720228229608,0.2865463464580574,3.4387054920970486,0.8731381965908868,0.38002000649303475,2.941268402465527,0.11763340596362169,0.2394232404414464,0.10953251503274021,0.0620246619927572,0.25948425810841985,4.544524285466626,1.043614757232282,0.733457455909978,1.0062290273520278,1.0578943001857104,0.10549234651999058,1.0197803035745125
103,0.13623855161803594,0.1050077142612977,2.388954951774195,1.1192920356143612,2.4433361569970593,1.997264671717787,0.6545063164571299,0.23169220687333425,0.15249967085440716,0.03636487026582854,1.2253924438518715,3.1893531713955943,1.9611646393816264,0.07397977975750153,0.46477010735144325,0.3299298536145467,0.8716408178697118,0.041451251030253614
104,0.14901985018612404,-0.8581796433647414,2.983207864718994,1.3976770203267348,1.7899009028986848,1.750760600165593,0.3621178959576678,0.582057080211073,0.26204439174989325,0.16702768345366395,0.5694417497415946,2.0585006620052346,0.381057395114118,1.1006499585717624,3.927755698943971,0.06334566674546706,0.2710550784003385,0.7238982709563423
105,0.076418767369221,-0.7372242271726448,1.7930697602401442,0.9207101640608143,6.837547357852965,0.3271969725085278,0.3209595982452973,0.7303241812797633,0.04266629916215562,0.03964027039624828,0.939981164056731,2.3551761175334374,0.05688778499347477,3.743613891849643,3.554563886478175,0.7111714387980048,0.08086918135566805,0.15637133730313968
106,0.11934748478921277,0.12535769474365147,2.369391317605544,0.7133201898815895,0.5743396043216205,1.4475317834748351,0.16197292858695467,0.8470359648266463,0.5393957518457786,0.1329683655739922,-0.46292781727764576,1.5737162712101112,0.6610750467772813,0.5520272858685904,1.7274605357395856,0.6868018418645905,0.06921083525316075,0.20605639651773144
107,0.1188904816682044,-1.0441532377524743,2.7190802322424927,2.1818130701119025,1.0462470652737443,0.9660615103213888,0.48537628311470155,0.6943404460259062,0.3470836758653585,0.08590409710819774,0.06282695276748962,3.5424142543526638,0.1298645108755432,0.4319653695089895,4.658460293284505,1.6281637914327936,0.13408684009345803,0.1984306333508626
108,0.06895710390017766,0.21266588916636772,3.354148193256397,1.8256139068586368,1.4949738658965168,4.508703830855701,3.28647707381235,0.3345408468454347,0.444309678092568,0.12951620350152776,1.1474670364706434,1.9125592822789466,0.9385671453166032,1.5729212657349267,0.6999564181020674,0.517799589018283,0.14004211769748287,0.37185860791618525
109,0.18984543262455617,-0.4243942708318284,2.1483842229313392,0.5473617430995577,1.4708957293830287,0.6452524917502214,0.2414278250302208,0.474272811818302,0.15883793062234225,0.05402391735306441,1.1036661835177204,1.695320752530131,0.511880971839235,0.2056742994236903,1.27101157079618,0.6385005736151799,0.5277758179569559,0.6671361315223786
110,0.11600944441735128,-0.48752083342672853,1.0748317125130848,1.1139900364450763,1.7824081465294799,1.4592678346695502,0.24431416207228576,0.6728458532136297,1.2577101147150762,0.07863808953940177,2.4200856098116206,8.977672610340848,2.136137691631021,1.7323757766871046,4.448186101580649,0.5525143596930555,0.17248156570188442,0.2442123983542277
111,0.09735326303862557,0.3345803146117991,2.2199001314439006,0.8740798737943212,0.9857661964338803,2.548459854176572,0.2918402725724807,0.5824450335803514,0.2592535560027128,0.08217301994098486,0.7593568513864082,1.3253853047057844,2.124339992710521,1.6794253386289424,1.653919358981316,0.4741791862952271,0.25241450828469436,0.831541788708143
112,0.13523204164084676,-0.03473070624629945,0.5254663139142841,1.996996723032966,1.1616800140191101,1.5915281324438877,0.35670105387135587,0.4175695611238356,0.24989935112775008,0.025641346038486272,2.949732542972543,2.5368425630348694,1.782909461019326,0.3210518012553698,3.2425557416929185,1.2997060306964607,0.2393936613684875,0.263030294420223
113,0.17603599400924388,0.9282668119672831,1.7594994403011706,0.2885623266958369,1.1209125499588524,1.0553193198845914,0.8222893281278981,0.5600990158334122,0.3035476561881323,0.09513392768723353,2.077515005823303,2.847218535880349,1.3484067112884015,0.47357650063467144,4.472905997729431,0.5517026779736531,0.17478801223078755,0.1551359207976656
114,0.09870391430226516,-0.3595070996475629,1.6825928364091745,1.7824070909592693,3.4381082292617684,0.6765579369864647,0.4578721206788229,1.2956830143182805,0.3372443896256991,0.059121598876150476,0.6845088632310412,2.8235013185471476,0.20233260532304448,0.303079630388207,8.42358387559199,3.7158467690589068,0.16333079379246399,1.1193109804847532
115,0.07442959456442501,-1.151905304472864,2.5603325529573393,1.2822936960308948,1.3414868441160428,1.4511308045313311,0.15826323422829847,0.17697706295208282,0.3542110302516731,0.12644093901257022,0.6810494124797735,1.8000758051152848,0.2708242531987632,0.9915336343874234,6.9547006737753305,0.4671351378474867,0.10347463134563949,0.40134122592791344
116,0.07704087033005878,-0.3157186950615923,1.7814531766793922,1.8635706435163872,2.944177649087214,2.1097023455007946,1.8065822529408797,1.1390410337963766,0.1755571484962932,0.0970883516935166,2.627286453863071,4.270735281163738,1.0232233790775482,2.3174064127691762,2.0622808091093665,2.356845131464962,0.47690820478514057,0.8155147254346699
117,0.11776369184055341,-0.9060376514113763,2.7916381448970076,1.8958613214242905,1.4114432382396422,2.146107246990738,0.8370284383725866,1.0040459196713956,0.336408333604516,0.1870055058394553,1.327135355880006,1.229616913388425,0.20252834405146533,1.6443809956732027,3.207009917248453,0.4792088687796946,0.06902024453377441,0.5109997560652542
118,0.11827721677440683,-0.8395489706298399,1.1961911725375622,0.5283847861584443,2.338205430047965,3.8517042334674376,0.32880550401296355,0.2249937650133457,0.2643058826332684,0.06823221699699218,1.7705410950480247,2.7748784070631407,1.2674091194557242,1.3185381786600574,7.019940089573599,5.0583435234805005,0.02498989167073194,0.7677786031806241
119,0.17590883088748022,-0.4248265850794847,1.4453636733249509,0.8531710758461337,0.9439013879307673,0.8002690399486887,0.08996851177974151,0.2850201804821567,0.05342812675053557,0.008087286825823945,-0.5741366657555955,1.8082057711802701,0.5075856331000789,0.8078198830181982,3.9667833217857864,3.12946290991795,0.016418337326977155,0.4137612012629689
120,0.15860150043676158,-1.4775583313944303,2.2146052476506792,1.0730657081884598,1.532758455578379,0.8841015026794115,0.1558450245895664,0.5352703369706429,0.090863496791566,0.08146323319607489,1.8276609682260707,1.3139650424697515,0.7209120036634746,2.4724338598987434,1.4698289075348352,0.6257986915715479,0.27761971280264164,0.715810955287735
121,0.05958090119228455,-0.4033939446976307,3.4851745701870285,1.9372246196135283,1.1654634751988393,4.500308409528759,0.17359839759732526,1.1844174232751161,0.10677694798979435,0.11393907554030103,0.9269886935847842,1.003286389760289,1.4078105055099253,0.6045072077247017,3.8573986962631683,2.1709587597527573,0.2055665004165864,0.2872032052677137
122,0.07125931130164659,-0.4814129611874783,2.132140546806068,1.7327231105890781,2.4141512026979064,1.9104770693032482,0.5673282577480652,0.4241212328200122,0.1578182802950323,0.0826336729455475,2.4234746497317454,3.5419898638794756,0.2914928990668656,1.8440383944152687,5.084171596264812,6.080089783766187,0.3027383426232729,0.05641636982871781
123,0.11239135203026618,-0.245798466229669,1.871131680510337,0.147790432984584,3.157199750605749,2.186369280680347,0.17372807225119294,0.5827814295520038,0.14970847993742634,0.06286281054384062,2.20324307445567,1.567122280483354,3.2991731534471547,0.8785190914755929,2.6581665687028218,0.2121171702630886,0.28998895870077285,0.5687727324846832
124,0.1114339477105503,-0.871908265463356,1.9028880197148252,1.091477162286453,0.6814817878440559,0.6190207601687375,0.4198928052802646,1.434248326893896,0.24097652381586193,0.06434524567453406,1.2009492988814068,14.548258720974717,0.21853831167935073,0.4893293714480891,3.0444437757422644,0.8017874978699405,0.049064828042714635,0.3844768840006273
125,0.11221746252249554,0.4446532293599112,1.9750576175784342,1.530834156746182,1.1332921941185978,1.6098993541212612,0.4140914687569461,0.38473204374909875,0.06987140918759659,0.049462265647353724,1.2739210005616095,2.316683043341658,0.799146258193227,0.9208015301811505,5.23329807671578,0.9483457727692032,0.5246552917368558,0.8473497334574366
126,0.19509051372332428,-0.16952515298498422,1.8123048518383849,0.8031362228869255,0.5737841499250894,1.021855949110308,0.32382459683064135,0.7618252669121262,0.0903200799413295,0.015062358869984412,0.22699937543162374,0.28804717163984617,1.0562603695653592,0.1954538219330012,4.886531852330482,0.872609621157252,0.5930469153182563,0.758824140694703
127,0.13126987889572764,-0.3103901085914054,2.897033177518149,3.088297808647087,0.4244230741681625,0.25033275825437656,0.3278792070627232,0.5004670421704958,0.16530979198358806,0.06538820597353164,1.721816615381327,3.8175363828924103,0.24008224552884974,0.13449065068867153,0.790457973856842,0.48516338664695224,0.2091073267022077,0.3126361338790115
128,0.08466620908812164,-1.137340857049046,4.485981189021433,1.7872488919820781,0.4663178558588045,2.0655284132590523,0.19959145159441138,0.2787893772656926,0.18038652636753494,0.04520297557024147,2.0969660981216136,2.0941769404809643,0.5032568252356833,0.5129861185814093,2.4536627599925604,0.2887267560262556,0.1387650196306738,1.0802307339237196
129,0.1255225387475867,-0.3767076297941864,2.223004499589319,0.9597622380622709,1.742481249431873,1.3455859389225515,0.24838117148235853,1.1919915950910953,0.5400166215804589,0.04499220654919725,2.742727636750307,2.297986937496295,0.24332842701607307,4.738322435000438,0.8363397873846612,0.048153418840970845,0.8415902924135533,1.0442007043758808
130,0.14869685966758212,0.3792491716569077,2.787793809434542,1.8003536077812883,2.047193470927641,1.474898565111482,0.36323008241901056,0.25982981622025564,0.16429143604072644,0.1438726949236358,1.4722607301991075,1.0894020998195288,0.5489985510235024,1.092208531811638,2.8955112784933945,0.6541450499106221,0.3267202845840364,0.4552137649206788
131,0.1694065848505996,0.5789520993326406,2.31719784673637,0.5782462900958574,1.713082470219571,0.6602105902291566,0.2876335696512664,0.4158586645215418,0.18701593954271825,0.026116122942590882,0.4629521481860045,3.0290726844118363,0.6445982093985277,1.4762611762776974,1.5081131671154506,0.30717132131020064,0.20708848516076178,1.1479400505075492
132,0.13086653508778676,-0.5214962468728075,2.029867045902738,2.5265321520236528,1.010007155906548,1.0490355003137979,0.2810153955653398,0.33486780228673596,0.15214917176926898,0.043675095029433446,2.520833589912888,1.7767665545475053,0.5079059052631799,0.4574649863128188,3.366076395276002,1.6389460247202092,0.1650097254874182,0.8217939926788125
133,0.10358019304219808,1.090257085242388,3.60119440835673,3.6185004073570344,1.8802819362169159,2.5529779416935336,0.40536217128295365,0.14006444264757245,0.10625073657157048,0.1023254334832779,1.1085133988621023,1.1954535285419274,0.45837420536645845,1.770109097181402,1.416800342064328,0.9767282101688832,0.03848054794710313,0.48557558965818093
134,0.08667202707052434,-0.5307271887665229,4.314909555446523,1.3806348538128599,0.940967594861142,2.3616469718682715,0.2633592863733305,0.3466546964322805,0.2372559955590934,0.1526062371182637,0.9441872898507403,3.785495626007155,0.44910348567186714,1.129103147592958,1.4762070209295652,1.263259561390257,0.138548031136612,0.7918703834483896
135,0.17256371416010097,-0.31472800824771574,0.980114186332703,0.5306715116328119,1.1933017303463114,1.7944741248450171,0.2648167262343896,0.31816731316598357,0.29132817267760175,0.03253996800140822,2.2503983277571074,2.2852487115561755,0.07732945866305709,0.796999040480662,1.7485239343549912,1.335680723007004,0.2689952437054213,0.14388362210516015
136,0.10488409504669499,-0.8718313977439496,1.6065411840867418,0.6105046575070844,1.3965417118469476,0.3203431142688206,0.2844202065094188,0.4880901625274342,0.40411848779321463,0.02080852674851205,1.1204541574255893,2.4430577774808966,0.724987306487582,0.19728918553047511,9.464652478250919,2.294363373731624,0.15646078192740945,0.9818074923821906
137,0.13322280995425967,-0.6260737419740718,3.6708147314477193,1.3129046749817392,2.611809962546787,0.5947836330499855,0.39620282196416445,0.5881046469966555,0.13827656897909116,0.06394042490040541,1.022249512627907,2.7172537658152094,0.8930407213337487,1.8396844313517948,3.3984375955449106,0.5731338991678903,0.2047128823480891,2.0415242222823107
138,0.16683413400756447,-0.9021658771314204,2.4533737410427334,1.0831443389289055,0.2820084719929157,0.5597095873560716,0.2561289531428417,0.45949962532992483,0.11324237530973619,0.008342772949274133,1.9345295858479146,5.678947199845448,0.521342582437232,0.49707339416870666,4.663678030411359,1.1889114312680777,0.4417640815799268,0.8512429037533915
139,0.1264082523332365,-0.1262966470591234,2.3089505156162446,1.8747670863597397,0.9708750309908434,1.9218006466981499,0.4189861821984452,0.18810360984821173,0.05490611459082979,0.06312154258392895,3.2760165473718077,1.2140081213337082,0.4468244916801941,1.0641474394750325,0.5605987803124246,0.17493557516860103,0.10938858321426118,0.35496049648774064
140,0.06536670338612804,-0.6237058961811303,3.067549255736135,1.8799954315015703,1.0769689897081158,1.7454754248250062,0.3861052032350384,0.7482908800645892,0.31152452457643276,0.05759356159360579,3.2700778477519443,2.0060280996687316,0.40867570443909423,0.3177522888076102,1.5571228175653027,1.2154421460095186,0.5747533709533104,3.2482469796494917
141,0.16553615656929185,-1.085184361091209,2.608250929542277,0.24653319361606407,0.2097395124257937,2.2707014340471936,0.25382716594885485,0.165701929448874,0.2106659508399379,0.04876350520291158,1.2873110680745905,2.215750395915381,0.3724427316822202,0.458992766353351,3.8006403425214157,0.8869097241009459,0.13065921308456216,0.9832525163784537
142,0.0629954317790049,0.08380803285250217,4.469450927099425,2.4725927462422623,0.6150455564254377,1.6679235191240076,0.20260000799463676,0.8811291265765192,0.39986581947507405,0.11869615901759227,1.6269605303262273,0.5082979367597124,0.21550451188307693,0.3684080659609059,0.19670334938632195,0.6923336667616622,0.0589097979272129,0.7491836480085234
143,0.12587663073900923,1.1446992253533694,2.1216118900163594,0.8517108339496454,1.271550834255602,2.143639105323322,0.9328586660653959,1.6532951322047331,0.18837828879935717,0.06460687669208995,2.0217154660165857,1.860153108220832,0.3935407105678605,0.4674330143478579,1.1346955633240607,0.5651771853432395,0.8514376313887809,0.31727802220688134
144,0.11284640285965038,0.2665232241723045,2.320078518225373,1.0884020813063149,2.0902206118278137,0.6997281701484409,0.49525575810979916,0.5381594006044409,0.13058173496004832,0.1046577005298693,1.9298488263515545,0.9257220239948328,1.8993287285109395,0.08743663197351648,1.113481037485447,0.34226241075637454,0.2735286963413444,0.729391728887694
145,0.14749502026073233,0.1776717561914706,1.7670659403451616,0.2594260031601057,1.3879929913897573,0.9647487122362579,0.22453180540671622,0.6857162200697201,0.2886190875248138,0.07733601757160506,-0.32379767471347065,3.148322687162041,0.9034670223753914,0.34460644211752206,0.47021311224693535,0.8492985285624092,0.020411638266874987,0.9894113020946924
146,0.11787955457542494,1.2609741856685166,3.4806609004243185,2.8276785235102833,1.7735829139866197,2.599655733150602,0.9775057342008535,0.7571945233900373,0.11967361938589562,0.05871423758826259,1.1547024498363425,2.097015802355558,0.23785926566799304,0.34939356114637277,20.357973280253525,0.2981373718142089,0.3609202480046398,0.11430763461668328
147,0.1520982405851326,0.6600167843655079,2.049777585261385,0.8510387357394454,0.5909079488927426,1.576967099577221,0.06278081687739315,0.8936147151723156,0.2908247765077905,0.019882823378035073,0.313513377863087,6.852525872025247,2.13433284060173,0.40157221842305607,4.970934019677418,2.2999415833162926,0.5291308513430537,1.7480777935493574
148,0.1786369219463001,-0.0747787250871573,1.1174278443961436,0.49584968848987865,0.9125979427196491,0.9416128250994036,0.18959494960429402,0.6030663532346046,0.22648750592212555,0.11044786252190412,2.149139100059185,2.749767248232942,2.26422786134724,0.45814144816616553,1.3374329585672606,2.844559376381486,0.21075451964087008,0.845945549189756
149,0.16960448097757927,-0.6024446524411602,2.1093924388012844,0.515675301542123,0.9697461934601691,0.41836470174766055,0.21397442831917382,0.7337992504400664,0.18246379545250452,0.06988502907834453,1.5304183801640578,3.592050739043004,0.6065520581457322,7.015814174476866,4.409349438760946,0.8496069182041385,0.3394237608354724,0.845206703621325
150,0.11257586740342423,-1.367695573109707,0.792305153084245,1.0092488628031222,1.2577687179142203,3.0267072765379455,0.3539742431166375,0.4020845487641884,0.16165938771215904,0.025263839398037436,0.8796766144092805,1.4970376738510538,1.5988859804798874,0.37357558540024555,2.2674451691773436,0.06084705231246986,0.6634015901624025,0.26334951776998616
151,0.15092825835602333,-0.16062455856079189,1.522579994146417,0.6814619574158607,1.022832971309522,1.5949433852267083,0.5222147759545052,0.413506989452289,0.13310532219338056,0.1107472717789166,2.0396028991997546,1.3688455717111585,0.6268423114536809,0.16343196091403395,1.6385501296507374,1.196316371193856,0.09555914239406404,0.36531368902098355
152,0.16098636700448057,-0.13259603667328643,1.2946462733152204,0.42072501566198584,0.42979802897799013,1.944127175112495,0.37013888478101986,0.801846143563931,0.25492817905379395,0.035234195792672444,1.3127443195193513,6.945057718874425,1.2335047485110855,3.5683772639925126,14.658666250170175,0.1927931509365203,0.6661223951248615,0.3972961212100537
153,0.12178994275921748,0.5034482633700788,3.006862619182124,2.344706922083144,1.8935489862720754,0.6728931684372043,0.1042920643433808,0.47487578688229687,0.10682403480491948,0.25109450013170015,1.5401176323331838,1.6592043095365376,0.519018443724982,0.8972158962703798,1.9502294600691472,0.1743806159884046,0.17055245681631492,0.5806218818154876
154,0.11441836046009218,-0.03336377061464975,4.287986160545118,5.841466698352421,3.4906702037019532,1.4900121489174623,0.9797594423895485,0.7528088696650753,0.07834951616419303,0.14958421100548333,1.7252260054277015,1.7379064018596941,1.2907027942053282,0.8526380845175628,0.5559179217925092,0.3740334033952405,0.08683319931893954,0.06929840940694479
155,0.1326794098874937,0.5021492759576267,3.9065263241537234,0.5206587349136326,1.3410905594912224,3.3345599841493963,0.6364046434656803,0.34634166796124277,0.10244254375071658,0.06074623766082684,0.7712811460240181,0.710398599555451,0.4583610548992278,0.6280616441394763,2.2760033993744457,2.1028949015297624,0.47888786220608587,0.41697348885718993
156,0.12205430003573883,-0.22640004973677147,2.5012827747103095,1.6779244320074058,0.45556922668684247,5.933098068203069,0.21818913327673034,0.47843120459244287,0.2121290047057124,0.04568943205239108,1.410996547908823,10.009752901254574,0.8087091854320232,0.06170266955721943,0.7073390320699786,0.24819053153137322,0.21821253428522117,0.3398646752517252
157,0.12581731302789162,-0.32053131363266396,1.8885743973120135,0.7669765762022943,1.0561836361777388,0.5726008076967102,0.2092881789020863,0.7270133639449596,0.2212511251021224,0.0431637750019635,2.2256532327328937,5.007347502369529,0.6064841842169111,0.9804681629456408,2.1316016447127204,1.5697208779896226,0.0749839653821959,0.4051976905742362
158,0.14976947202736524,-0.7904102290316453,1.1674693774119367,1.0280649511620723,1.6914789119085731,1.0547854399804708,0.3069911082821347,0.4445427049732167,0.2213382261512856,0.04365653185355144,4.2647258776547226,1.5426506741837664,2.3984262258664435,0.5578895430555704,1.0525896608012817,1.712898875395637,0.49082202454132834,0.1524303882667948
159,0.1357140129175036,0.320694075165643,2.400200944364964,1.6275327704926328,2.516121338913615,1.0789453014603172,0.29129690018474,0.5564366295846592,0.20544462011729597,0.11489306757448738,2.088216743270048,1.2123090287940963,0.886266217895826,0.1590196796809061,2.3387072756056537,0.28353535523755785,0.4340953838474811,0.49536505848640433
160,0.12048412857685238,0.06644307349750496,1.670919091492277,1.1345260060937226,1.4982258797975576,1.3141489688899872,0.7601695859426095,0.33303467485122634,0.21014485479793998,0.032515098017320096,1.1619352425355851,7.849335800298319,3.612343209615409,0.3530465193938157,1.8627520908569937,2.671557594774028,0.4695950271771059,0.22568531658835864
161,0.15580426340585102,-1.029753549202943,2.818405314140239,1.0080510540567948,0.7281444401601924,0.6532691607723933,0.294536401043257,0.39710178735378754,0.2608067150107555,0.05632581728763325,0.6258205501708327,3.5822338328493557,0.9109907133759162,0.8538036553194547,1.5520987096859553,0.09699975226711616,0.21865339787062096,0.4337447831729481
162,0.11102129341622231,-0.6588697070902299,2.3865956746654193,1.82087408354295,0.4770790800450051,0.6746092112290584,0.01792998166283221,0.3822291309603211,0.12086036847878057,0.041652439867636296,0.29955615591627005,2.069900510979127,0.5864289300061287,0.922455886629247,2.0429724291758586,0.3763208491548316,0.13202335923962158,1.1544983328866312
163,0.12195830044976658,-0.0020646119053456743,1.2213845694794374,0.8941043414287396,1.7804986469564277,1.6900996833562032,0.306015965556556,0.7489477874360304,0.11285202622828897,0.035332300943331486,2.37766375702764,2.5735686077263056,0.23477939822269192,0.37395702776276435,4.454697502775939,1.5697249426653217,0.07380243685544775,0.7138599555876927
164,0.1468615519128338,-0.19874439851745843,3.714879117227635,0.5190821052436468,1.1572693156681333,1.9224461633006336,0.41622080368027314,0.24992970409569115,0.12303312895268485,0.1305821590046068,1.2519202239508975,1.1952944128576684,0.3985769414896978,1.4417156847163919,1.189221355169489,1.1931704699121735,0.27379117700464306,1.6834153379808003
165,0.06182029496147698,0.1667296185542303,1.567628746766819,0.41992214450947757,2.799767457066962,1.693813648842304,0.7610051362771757,0.43971539642416013,0.34673986832149445,0.06336581609435277,0.14200612264018805,1.5370944123892627,0.371227835397202,0.25215995651291806,4.624832025463424,2.9451421016059336,0.11938349421180292,0.5804845185753433
166,0.1379298180579039,0.4384810537470635,1.1257382728460512,1.211963690817587,1.0316046533102439,0.7942423641217532,0.5156166153359093,0.8138225441256978,0.3140839577014554,0.07512493531207609,0.3959879981212471,3.179303605282543,1.4354425922479217,0.20846836861380735,0.648257397545839,1.0477912223012733,0.5164427969941532,0.15390902092853967
167,0.1361548680723056,-0.45242547449597464,1.7105251419677867,0.8093089204831998,3.5547373982972585,2.580728156683577,0.7521498302031291,0.5371615605609561,0.08451721236791888,0.07986207490008813,2.2960061598513635,1.6363416998498281,1.1874546536083748,1.2897120207223873,2.48647091001553,0.1307306092265845,0.6430872867752047,0.5949334567029685
168,0.1605433066816796,-0.16031566530439534,1.4640639834852085,1.10031759808445,2.191603076903755,1.2049254129334828,0.22904611322861787,0.5213989108407471,0.22338372793055114,0.024863898844282268,1.0147193161915176,1.0469240011668728,0.16301119244370055,1.9969772480751302,2.9477161370891944,0.2510033865375723,0.6608343405709424,0.3324288766064043
169,0.18203687835976312,0.125469158863369,0.9307543261436642,1.1971233765117644,2.07311015542135,0.7892548696320942,0.1329462892600117,0.7376121850740792,0.2087071959714869,0.015423985043139478,1.3855912801256873,0.8112795050741077,0.5864416586174603,0.06310103901174825,16.041189986572924,1.0491303429865002,0.18085809986414011,0.48499590198945486
170,0.08976022617178592,0.7647985093519493,4.03818435995667,1.1740256106138423,0.5417392377908052,1.2438562184082065,0.17886511176359277,0.2819237704372057,0.05181256638813499,0.061666654930627667,3.4992309879517594,2.220161898106773,0.07503076863717484,2.943332284545012,0.8422627836247085,0.11820464048927039,0.1686375007669424,0.5126180854288714
171,0.1341331625249983,-0.44898832582917764,2.243854809895036,1.2080351165600132,0.9647169551489345,0.7763412108655039,0.10646408928607132,0.22915686170044272,0.16251869285240017,0.0510604674504768,0.41082367799932257,0.3385430078758308,0.2866961799891694,0.11004723867031763,0.874343508401355,0.11277872679217753,1.5035479577037307,2.02452249016182
172,0.09162564745757772,-0.39671466142009437,1.5297450030942077,1.0960964204835433,0.7501515953274137,3.3420467595541887,0.7180806035656414,0.3076341759727407,0.18643689727694737,0.08243358613827699,0.9338258819505988,1.2246955661143513,1.0621498593590168,1.7069422457646009,9.002110683367036,0.09814569813810772,0.3915126698136819,0.7540283193689226
173,0.12221232842753407,0.7860220600544926,2.4407789587764563,1.026010006285974,0.9797734476805249,0.9406128930978779,0.29842646917439725,1.0369267308899575,0.5827673838856109,0.01843947900602231,3.4170163038769212,9.867497915074027,0.22386840572369388,0.8743842745210327,0.7989359895480226,1.8948124240008775,0.06281060583713988,1.0159006301208788
174,0.07019302753199395,-1.8190177794698694,1.927305540010519,0.6354642125615668,1.7759018080313052,1.8293140444046325,0.9795210740807562,0.7940293595819244,0.2749962301871489,0.03518916925295958,1.4014569628057718,2.1314520481093604,0.458037390571089,0.24086999528496447,9.214069401557115,1.6805487998260094,0.42394941563801125,0.7515184748957512
175,0.11669137056298318,-0.5287112631877952,3.6862140011525915,0.752769808969954,1.2953643521939362,1.5079751608453984,0.38337964714831646,0.2465021660547965,0.2518766802450607,0.10495858739055933,1.1876941514686088,7.215901871434247,0.19615179116398945,0.6485453449712907,0.3063121961897541,0.5000622968239659,0.14780961622430724,0.16526379399595256
176,0.11832746653428232,-0.998574769483426,1.720244183037617,0.23134592859024483,0.42757611524521,2.2363619141793407,0.6964864990065707,0.7295319605337314,0.07181798768957881,0.0744535969329592,2.6463157684568634,0.8813281857667781,0.9390047544885322,0.9361686488225904,0.7795380364953612,1.0011971584883428,0.1283385626312343,0.15482735544905668
177,0.26727009155690346,0.05978732243958064,1.3595775322274082,0.1778696553895377,0.17483964318164735,1.1997915193422475,0.34502242805598937,0.613397716240357,0.18981081569635055,0.0362301386654515,1.040903259907642,3.550388109749446,6.217571312350859,0.814798575092828,4.902097021159454,2.4260768796702505,0.04702163989534546,0.737042572607503
178,0.1209046161202906,0.5325056244186989,1.115099214924518,0.38871891539794073,1.1254045993050608,0.8555136189082253,0.4262721573406065,0.42285648689758265,0.12574737291475574,0.005562954904798791,1.434606947064934,1.38667136687751,0.15474358009504566,2.548222332248498,10.144611789244996,6.179294173844238,1.1021000844486966,2.4587952951303746
179,0.12092374712072512,-0.711074682457839,2.4204684112960964,1.5688576062484274,1.573241431705896,1.767625072050657,0.120871662569601,0.2921673637848585,0.2594813435193419,0.02338521299825733,0.9880757645174524,25.731968864563395,0.49225277860810757,2.0777382290330433,3.896147135774493,4.906897047319723,0.031079669259439027,0.9868435669764866
180,0.11716951190980987,-0.7136186661552338,2.6008729878913095,1.624264166053316,0.6589916584506551,1.7725550291686138,0.7943907951201473,0.5488032608897613,0.20534560795515475,0.0344389632088326,0.5639436116930244,6.939699218861906,0.12069193688289011,0.4007357648259393,12.628186557536205,0.90221292224054,0.021415215795658544,0.6509850510803493
181,0.10248474445059289,-0.21218500373142732,2.152919700468237,0.6011048658984507,2.6206754440714795,1.3820833228543683,0.11632910992188873,0.5838268866660177,0.2647520089819421,0.0571908188540409,2.4058258949383693,3.430754710590792,0.25513643888762627,0.48173038617633385,1.3672782613291246,6.983098901280805,0.00938703180506924,0.10171019738459418
182,0.1264935139162118,-0.6990920895661888,1.6202624791160358,1.106619509584703,3.196262489533086,2.1696479875474033,0.2134794646294584,0.7157303918585196,0.15140450683927056,0.08329069137024052,1.2576626039306258,3.7310503124854613,0.027361276063251488,2.8529801943401942,5.6514487219299046,0.6464558494306409,0.45116095618657087,0.7197789696461291
183,0.0896984089965071,-0.9861161538298079,2.647286003937282,0.9370668715650328,0.6880997313567083,0.9718686561706698,2.2060975019755955,0.14687314069964763,0.4781862035923218,0.04425332464834311,1.742107210218823,2.002869229937405,0.6544070141958198,1.9283792652922032,9.065039315004395,2.1489142890971165,0.07401104289297622,0.5173687147423738
184,0.12636894550755362,1.1300515687714585,2.681322218223707,1.217898363076786,0.6005401537183549,1.7799309301915294,0.7844293036344014,0.8222159960160043,0.3720870362730594,0.054954239431377165,0.4904371405690874,4.601495557728226,0.18395777223886883,0.7120679488278655,3.4679781612370735,0.19049326395482336,0.1200520470613675,0.5492140760330478
185,0.13487201374195767,-0.1252459832737439,1.7658836260305744,0.5723243640753333,0.19395106347490124,1.209904967474688,0.2762794678846513,0.872241355344422,0.2208610232684193,0.06896763404855304,0.35687256706359716,2.243496124860489,0.9314912598049563,2.01612606066504,0.9656737296082861,0.11823828333591008,0.07650326490851447,0.9701200156409525
186,0.10697905894573546,-0.8699428343309924,1.1630596519734115,1.8014303870602215,0.8828780797795059,0.9471992677207375,0.9024430150127598,0.24554892789896074,0.3605340721165162,0.05399302921063612,-0.42099884705964735,7.024976332467249,0.791019896326173,0.27400256335072465,4.654903857390897,1.8874865208195604,0.6785836657075809,1.2085701248696108
187,0.09101812562490914,-0.23732467433539603,2.944713735728047,0.370702299617467,2.7081015115134637,1.9081873376842422,1.359363585537725,0.3959370707206745,0.7500013125765408,0.05175743218110759,1.765146270599657,1.3013763750548708,0.393948429020355,0.10984841129310594,6.751205358142828,0.23742577879350812,0.6894429133753948,0.5953991152154263
188,0.1075796829789087,-0.7992185466330807,2.31716275396471,3.0459843168576692,2.288890600672681,1.566958088012079,0.23030669430784084,0.27995148037866463,0.08532615846433285,0.016817744765462977,1.2934721355328382,2.5797373119776674,1.1190358237316986,0.9176218877320895,1.2123609113231026,1.2651146549678394,0.43832846996131575,1.4834279566102975
189,0.1249413837217598,-0.17536203243550202,2.9453353210120374,2.3521644372872372,1.8760126194931306,0.6106745505779614,0.12282378115496778,0.6801823683909018,0.16532867490139125,0.07280223100095416,0.8255275100288675,2.3433863085324567,0.22948966013657435,0.21435034092053842,4.742947416619349,4.700482508615788,0.22651580339662597,0.7521488268590929
190,0.15904332053043035,0.7085651795080298,2.608908420572043,0.12052029762090115,0.347002045553674,0.7840233954376004,0.42408446355137497,0.8070195935263826,0.5605453954267,0.038804246681928764,0.40865183129979776,4.632226774009407,0.966514378671306,3.937547245604025,7.825899366705245,0.5024186504714552,0.00964056805069954,0.43573360311994785
191,0.17391027579544993,0.42867336689467134,1.5586585591870465,0.5636196922785518,0.7692783790303234,2.1551332201034983,0.20112809696344086,0.3165296527304512,0.3733978052627743,0.06125042566758995,0.2899503022898712,4.716336639123383,1.2492928037815394,1.6097547067802966,0.7917912369429305,2.0047182804511903,0.2932108211317773,0.7996890432261883
192,0.10151296056611152,-0.9004091800836748,4.253914923816824,1.4298905573583411,2.821549950958347,0.8763767217026728,0.22447191372744432,0.7649805032257372,0.10734848894586657,0.05517390063468021,-0.26859673395134465,2.955908382130596,0.7010033745179661,1.3564762232979506,2.4611381624169977,0.3156768476821401,0.14962507925407106,1.059659760105361
193,0.19636484799675574,0.21255132840953453,1.5026156405859703,0.8332305952528225,1.2787183900265557,1.192167705190978,0.9257423009741447,0.2065084978520247,0.10481844926985626,0.06511894347671247,1.1701446939635778,1.5684398778131696,0.33346937841630203,0.8772123471819427,1.6129526458281058,0.9460263820460963,0.09476959792319045,1.1039449927771288
194,0.18258817481861495,-0.5017510811051858,4.144023609562786,0.7142731720836736,2.2253061459004937,1.2816731781218105,0.5751360473760406,0.41934200235582103,0.18335736092724386,0.10577969789636255,2.180643144714235,1.4885448305065256,0.5670503599555831,1.6485828275550296,2.964356778389845,3.063863256934618,0.17646692187854612,0.6224751636505935
195,0.14504285921715035,-0.7924143014539495,2.0548878187187225,1.48546677941564,1.1015857947141368,1.4532738112455106,0.2066713849326954,0.3732708150495956,0.09843725507364692,0.06586372431716618,0.6986470808448226,2.1382254927792155,0.4834915345130869,0.10323708805981245,2.309924399257783,0.19377358469836115,0.5282681423090918,0.24107249385935992
196,0.19268222250512634,1.33742882257359,1.0599749255681168,0.8095493104889013,0.4804888707944518,0.4207289756194348,1.5404135467004838,0.4028052507523838,0.10111921804841338,0.008162084139614197,2.8028265354546473,11.36937133566406,1.2455610853825747,0.5055606497755789,8.548860699225234,4.654991901912247,0.3157494324697246,0.10292490897647762
197,0.149682220750376,0.16852909068021923,1.2778055092362313,0.6834252334552461,1.827580130055089,1.9470712016658593,0.4903116707443797,1.0626485835191912,0.3443863194107682,0.12703020568137546,0.4572291271304961,4.998557446328224,1.1136145607742536,1.4490538350784208,3.8053402008582644,0.4315348927898833,1.2408269158786274,0.023758830887059854
198,0.13823622104456967,-0.5089039868805144,1.7016379413028213,0.715214283183948,0.7186222823875258,1.2991781285767845,0.8529223379228321,0.3107436265986437,0.48797420187287655,0.05998871633323454,1.8431594446908748,1.9363968123666109,1.041074630624163,0.7080469802893656,2.8530937106174425,0.9562619663109527,0.22229294809339156,0.686131343004141
199,0.1273516784875947,-1.4638723213931581,0.2816141055874562,0.7346368190112036,1.5531089972321659,1.4876116550838743,0.2769858480241385,0.4455276276529688,0.11503045706565918,0.08101566300420465,0.9464033495959914,0.21066672014900076,1.031320544547305,0.1397123770657309,0.7042041003381813,0.8098439917238699,0.37695935296138416,0.3740447528855283
200,0.12937919939268294,-0.34009026631287237,0.9364411955805714,1.2807771391308547,2.290725892061765,0.26179470596372423,1.3034385000070696,0.6814340051720503,0.18395739085188628,0.036866371001562134,1.565469755906483,5.2895610445634755,0.6254409155674915,0.3737302828365532,6.43526560267896,1.728137173551451,0.012940779190199623,0.6225823073826984
201,0.1381374904469387,0.7207069602904476,2.0019621410632027,0.35458139801494204,1.938529683682602,1.8289439847952753,0.3771855209462765,1.217643976856858,0.45289149181698096,0.06348720778198516,1.323370144178979,7.9992694369443305,0.32025610399500115,1.9380655219745146,2.019690824521032,6.959223247061422,0.13138508731010046,0.08650375224685258
202,0.16869349145083962,-0.7959786048562797,1.3125878505323607,0.4044874780191732,1.5011443302006098,2.3276022300592336,0.01019628062537182,0.560671087444813,0.38813412343905346,0.05047887954193366,-0.025777312316111467,1.6287727409880721,1.0455958944764525,0.5219168117457874,1.5295814319685122,0.1242970706232667,0.3602634940650773,0.593022419154661
203,0.09783411011840198,-0.04304416938349896,2.0072590655747162,1.6477649208732381,1.284238788050265,0.9325766785976716,0.5442096546824913,0.8041747319727122,0.5140213931557759,0.037764852661110807,0.6756278840787757,7.35363915808793,0.6791908800191091,0.18400964869085695,25.703985128484398,0.7802703172434781,0.08317983807430733,0.8939078363237717
204,0.10521181228682386,0.1410827217540087,3.676555003306697,0.8195884767853875,1.8784770553160013,1.17466095846428,0.23522511877433055,0.5772512797741585,0.24762304915465777,0.1011991349813651,1.772247525175918,1.7885129798630295,1.3089403107414983,0.38721065992042014,1.697029890607562,1.2521318199451772,0.3965789885052939,0.7068916310541792
205,0.15953473424984813,-0.8445054865198929,1.6387154226506138,0.540571758177143,1.1364943909310548,0.8828176577652497,0.13624830501963495,0.9301119770770012,0.45568152041880927,0.07663992157281899,1.2322065990078548,2.381465273082215,1.0442044371389263,1.5804832543410348,3.408260416522595,2.411580228896061,0.2855954434882959,0.451175250078427
206,0.14752216159752238,-0.7956718451680393,0.8574158954736733,0.4910192125054324,0.6099851935851156,0.39818331753257363,0.5060123547578633,1.1895441478145845,0.24143234276631306,0.015081561721164934,2.085531366700259,4.154677250581802,0.42642303056029357,0.3192103610039638,10.177274243039653,0.16374454137949762,0.09129939186707807,1.7297067643233957
207,0.17547030305670072,-0.4416439915776095,1.9870392885359898,1.8160559966507543,2.5650951651217615,1.306290355675909,0.9407443006850019,0.21754803086481317,0.12390252008164794,0.23369912775999202,0.7985023686601568,0.6722547851571767,0.24325644147678163,0.22595607954563401,1.5874371154376015,0.5606725513165767,0.2367714826122423,0.2789952785995434
208,0.1087663176745307,-1.3335039580904633,2.079991613550121,0.3579774880213996,1.0209139543745456,1.4862402331371267,0.2528691990150782,1.2802257891992832,0.846018897880563,0.0774923659344287,1.0622838357872206,5.270172554528438,0.3371843018960222,0.6958560047933597,2.748172882550041,0.268996946403075,0.08558067266370718,0.8391896970050914
209,0.18138863838644287,-0.7739534251848147,1.9644632925059742,0.8610572761212659,1.233527003107314,1.278823500147513,0.845424822285436,0.43727262117719323,0.1780980266716395,0.09004705296032213,0.21906925508723363,1.9177784770125732,1.0659788823843972,0.06649244272574027,0.8751983871100933,1.572319025535796,0.0492760761013985,0.6939628095180714
210,0.12699577986148616,0.8010851697690475,2.534093704789726,0.9620329520367421,3.8507431945929205,1.9074851038580147,0.37537620689111095,0.35477827800230244,0.07015508329136935,0.04167007876858164,1.176934704100104,1.2227848089796631,1.92455682264129,1.381388465628332,5.513580150112465,3.9268923090031946,0.05840454796828601,0.3814614615219549
211,0.18915254266311085,0.11157559268489863,0.8606777809696465,0.3102398551629259,0.43374330854396975,0.17058389706439206,0.11656967353279359,0.5252797216514861,0.13120930659887506,0.0618376307996699,2.5397378517082743,0.6315166023061555,0.2641815336587627,5.397175803394251,2.112997942617306,1.2336879532560932,0.835812886986672,0.4287415020185122
212,0.12692761934098182,-0.7517561376820803,4.285540790760786,0.7223551907083433,1.8007870850545296,0.6671761457357676,0.11175816910117166,0.7076681285327968,0.2970415912980997,0.09122176692070359,0.5756161577537666,0.22475261216335685,0.6068604362004413,1.327523431671581,1.9861901715368562,0.32457054703408544,0.5820491564095586,0.43204721385972383
213,0.15405164608302183,-0.2821859377421492,2.182483297325022,0.935821440134997,2.0849366255907533,0.3627394040970622,0.2961321004181853,0.3969070036703136,0.1294509257016847,0.05869729490036908,0.8608924473109083,0.8940073646074981,0.10217266106879097,0.2566415232993471,5.140716162508405,1.5067301595639655,0.03448735360691365,1.2746302433195882
214,0.12450308788322953,-0.010412898319678461,3.445007302968868,0.5958272814097166,1.926511715368634,0.64346241137077,0.42432094562928313,0.21611556135663382,0.115016710092276,0.04727569312709323,-0.4182443134588126,3.736815868867137,0.38963825587533996,4.019567060082121,0.953005065141221,0.17185781191805008,0.16118195235301602,0.9195021800788357
215,0.18685707820133396,-0.4656913790007066,1.6221217316627445,1.494669467399107,1.1295510862932443,2.2420069776890195,0.4072712077456301,0.3469228884504914,0.19887930254113736,0.1945937681239458,2.52794673562821,2.520768287802327,0.6920855585757038,0.29655220366972884,2.231662927501049,0.6095642708402857,0.4640332858671109,0.5064175734738198
216,0.23138219979119123,-0.0016786342390268227,1.5342191599182207,0.3927337728714263,0.9364814961828879,0.6567584117276005,0.4813942315826086,0.19696527756938703,0.3709111718583849,0.15252471914840754,2.5213318909689284,0.713235391503454,0.7386243598931744,0.6075161238362673,3.6068361654078878,1.0734326562212513,0.3671176894263439,0.7704881165808839
217,0.2057376185322884,0.3925518209465525,1.871389210032091,0.7927520501266174,1.6812911039983611,1.8290425652109248,0.35526793109101695,0.329544637133085,0.08459376027331524,0.052428378251078586,-0.4929855008766293,7.678476861643605,0.11685058787842735,0.2044452246348417,5.627056864414702,0.9954669873016962,0.1303059636923516,0.5248664736180534
218,0.13833469504329166,-1.124353827682068,1.8301438410654662,1.3663970790114752,0.26576346326388267,0.7320882025423869,0.1885626307031561,0.2433172227052173,0.2053347866790231,0.024569514058408497,1.3806504017465522,10.857278574768662,0.4429305055464696,1.073029689865899,2.622645654921526,2.079636028386908,0.016148904839065146,1.1587694569580713
219,0.15386143510401828,0.5995684720973898,1.5564802491875032,1.2441731811809715,0.7209351491574374,1.25690411325861,1.3174688436403086,0.6217918177489123,0.5508277430201938,0.014339754549229804,1.9553333301774294,2.7921970729654126,1.8386158496757492,0.6626997985064741,12.234195498283917,0.23784815105198256,0.21141897988316258,0.3174957224916114
220,0.163257718446703,0.5763397821884642,1.8965583903103231,1.4306190541704888,2.489286785724622,1.14149222727689,0.3352412819706732,0.4009092869376945,0.2829472246161778,0.09895404224627004,1.2016710429614643,1.7474785207357457,0.39429451585520436,0.08592991659358347,6.220573167742581,1.043367806707582,0.10845988145917686,0.9506134825672311
221,0.1950328020666266,-1.359615631970496,2.296586562333058,1.0522018213687059,0.749995924157725,0.5768247374351266,0.10475840456715563,0.3113414661213502,0.1825160668799745,0.05401745978106365,1.3455124929408184,0.42173814335253307,0.8886943468672528,1.6316429351476298,1.3502927018373097,0.2984536397881067,0.37168799863197227,0.22820401673322543
222,0.14910431742816077,-0.479203592095919,2.3288575006465337,0.9522829998186538,1.2568034992123553,1.6431582637202473,0.6008643896702356,0.35444212556515575,0.12622142912554205,0.0470707112780661,3.38489024371605,1.1503334072498417,0.8488303212057159,0.6967231568338794,11.872368548947714,4.126691869566612,0.1649648290988519,0.33638190101462717
223,0.1075071954844515,-0.17488857291861062,2.338255471496541,0.35238489223368274,2.128808402054347,1.103963608242444,0.09587621452697791,0.5282988605883767,0.457609366610209,0.07324747156196577,1.2351813115254942,6.321530342107457,1.554729207709002,0.7548873600664614,2.709635723117696,0.29545122709885063,0.2211489351144574,0.9496289153302543
224,0.07493374660761841,0.15633500784508275,4.192708457729836,0.6179569085689192,1.0755676218701002,2.7448356745470024,0.30817923970662364,0.8333174991560321,0.572597129739394,0.046552436239280306,0.8990169903944853,0.5765616709827293,0.44671990871932155,0.9226999267770155,1.4617867347545994,0.11450615882366647,0.1859331484710449,1.3368092644564733
225,0.10088522789617223,-1.6061950670752152,2.6586680784946233,0.7752696576505879,2.7639274134747183,0.19587172033054429,0.18897060539092092,0.5028696803795218,0.20629703496448226,0.025970962121596417,-0.8709135639789963,2.412472536123033,4.771491866238462,3.0282457231883946,1.7883422462552458,3.0143029501484224,0.024154511635179444,0.14838117529197006
226,0.13550576963099822,-0.4254432455424176,1.4927497651301518,1.1500243289305305,1.0005017121749928,0.7195354035345841,0.10471069033611864,0.5150919082033377,0.5321178918216263,0.03718852485936846,1.5158098065342762,4.516295338062717,0.4409357746274424,4.479115934022926,2.6587850279095773,0.6019921123615503,0.02355023075293839,1.0432893748949479
227,0.15744960385846404,-0.3228892620399919,2.499940616726384,1.0727232298947338,1.2387275281251682,1.408266536111032,0.07911412896388434,0.41285158618679224,0.32313708405729985,0.09457840505190285,-1.092001593456092,3.2321815106300877,0.7769675489003798,0.20565347118460292,0.8200577810754851,3.431244774540304,0.3170493483083223,0.34901913913338817
228,0.29962443119572085,0.1852745337024078,1.3098460487300516,0.8022247279329032,1.3778273596893071,0.9251313161060916,0.37549072433824404,0.3812612137700872,0.113643725996408,0.054770631194214076,-0.18886311586799218,10.87552831033546,0.5013443527259177,0.7355285312973626,8.294047007638857,0.7158021021439961,0.1435887720364706,0.8369779021575346
229,0.09432580702948481,0.0699771958002918,4.190407578729535,1.1600284725881929,1.4991266847682765,2.0280613084245807,0.39231458713662615,0.4239978970723436,0.15299387889851532,0.08018026106574368,2.9079103209078387,3.8654887250435515,0.2434736666277738,0.34816877494385284,3.531024035866948,0.1050609590040514,0.24070117440483932,0.6354421772130142
230,0.1252204588204498,0.7277857838381292,2.6850936360030375,0.5441112003183526,1.1221001069141647,1.6709587959915462,0.3627930623548914,0.5566678875821546,0.2305623455183076,0.04368989549618495,1.822712069468594,1.7415022704502632,0.8683329730227906,0.13383491597876984,0.9210730125271642,0.3890892069815875,0.4258319569165358,0.5075349172492938
231,0.07548564609810117,-0.31954797577576993,4.314560530480323,2.3796323952261336,1.3522374069079863,5.0053523321811895,0.4146847061403847,0.1814922439424885,0.06071447864650186,0.1183683522368905,1.155994371669831,4.434767782841415,0.7997815005483894,1.4488747260121329,1.2007581985203435,0.10029413907429,0.4016684302686183,0.6967239108716483
232,0.10905823225152385,-0.5759785691840646,3.9704750481839657,0.6221676302373376,2.3746127327701956,4.860893705167362,1.1220875747253085,0.08177989711994063,0.1504411929840937,0.05421833206125931,1.5910052633498453,2.227585421326078,0.21376941584399967,2.296539337230725,1.86404314505812,2.115216684084644,0.00409700940481794,0.34357606978353594
233,0.18533593886632901,1.3198702678371943,1.9185961311009714,2.127609136860626,1.6117855086291817,3.282406815279151,0.35004649720504527,0.587426712339895,0.1864836380876892,0.08689579197331317,1.4295935621250009,4.007154323306158,1.3237617363786909,1.0556931625736172,2.7652983260030375,2.4748097214924467,0.028744398215452733,0.7211465660905688
234,0.16141595196289155,-0.14144183988191109,1.2122030611998562,1.2246479678257927,0.5524149026374015,1.9835534180943408,0.7019449740277954,0.45616758169370697,0.6116796685292838,0.11067223121753293,1.1472016747958682,2.4281423411174883,0.11504411102322543,0.42182550634622784,3.052803830991539,0.37881566249754,0.36795887793765886,0.11967793240030111
235,0.19130759567692357,-0.9490815592423865,1.2892645030646304,0.6497020639777302,0.3616692804804068,0.45971082851406747,0.1734392722040685,0.7537352272498826,0.17459992117099019,0.022705580106785948,-0.11869941465850786,1.4388868947816666,1.701530182502315,0.702437449800674,2.1882003243224513,3.072842810293551,0.1387324091047389,1.4381455750766474
236,0.11881391343459045,0.7293256273891068,3.1593212174314895,0.547007381841722,1.9055451120464402,1.407236862225131,0.4779123093707171,0.4107698576301766,0.19892696310112912,0.09597217552549173,-0.2993389297882011,1.2132003379102836,0.10168949794779555,0.7927612249514433,6.912328447312934,1.6079659059923264,0.167386621684499,0.44856823011351415
237,0.16772706943637813,0.6200741363811436,1.0092402008282908,0.8697965842074136,1.4615554629655574,1.024559994237137,0.3319683750328618,0.7781508418825822,0.18550252981412027,0.09143532765589732,1.6275824769545628,0.4303486153302611,0.7955115722744954,0.3478707747780073,3.329331228360066,2.9263501999979726,0.4555920497457085,0.38039800950030794
238,0.11683911176518079,-1.0828906567916965,1.1791439503598597,1.2069828136010612,1.4981494074427197,0.9071643556304844,0.5870467808816058,0.1778976988612736,0.21963409082687038,0.12259415978697479,1.0681050297682502,1.883476558825378,1.496874318206471,0.7847679517142317,1.1902258119304054,0.4957253965866753,0.4789137430196954,0.27633035932244016
239,0.15361263001267716,-0.9980078330116898,0.7320695821685593,0.8850814684546953,0.658176217232043,1.2073454343252012,0.02400466900978611,0.8923045396264083,0.7653437452639267,0.04428253071560917,1.056807966592224,1.4631349524937756,2.553954013410719,0.42380282811531905,10.173369575752261,0.6814722897832585,0.135220895766814,1.927317253785162
240,0.17000665620877606,-0.9707611601383243,0.745861888286029,1.3256804680795269,0.2783651475493163,2.2220886298250417,0.09936884272673123,0.46767549236794426,0.33648321306341566,0.03967474948972515,1.416901001599455,2.840729911518002,0.42963513134955317,1.1160798404143033,9.255536995806391,1.6468152600105823,0.07703591014691051,1.4089974743937836
241,0.20538772978090855,-0.08028704985806108,1.2850286544992977,1.9305276379665406,1.9038359486165295,0.15425177453926925,0.4836848361809662,0.5040644862838095,0.036349076464529735,0.01385193162624713,0.4112021272730943,4.498659580811736,0.3461184500114423,0.9801060759513032,6.5128591413819725,2.488089917169483,0.04425222212836326,1.4578307980429326
242,0.14353796335562344,0.15324487514902937,1.7981439811283448,0.45691584552732883,1.8845615458442986,3.5605681076547353,0.650214315873957,0.312141456033633,0.06404967827975193,0.07575114095114381,0.3632608785828404,2.530466337276355,0.5654644307051565,0.522983201147654,1.6629535018277426,0.5695204048106108,0.2261888131317947,0.24438417951430516
243,0.20086872860827648,-0.4139295931517724,2.5902720756781012,0.4931530450662266,1.7639903472090483,0.7521583161776125,0.5179405328545882,0.5663351642840836,0.16502636039641627,0.08070699083628115,2.5903635339350104,2.1241679859537816,1.1755774696144232,1.564004608866706,1.9251884260160126,2.3769229599812913,0.5006911721323271,1.1124036223355256
244,0.1190191902433009,-0.04911265210230932,1.475025068893712,0.4402208666205896,1.4523195549122374,0.7904055816161221,0.7554466873899801,0.6857998734046687,0.3954354246855325,0.05289100401375477,1.2945446713363267,0.7054438487061092,1.000526126771562,1.1704424160480653,3.1361219743958686,0.9834274412694877,0.24054610523062067,0.6633557561514282
245,0.1345021921341929,-0.2694636189909992,1.9701629610736122,1.0042929351707108,0.9745606371596343,4.388412330758286,1.0271161880523285,0.48470245375316334,0.2159933515528705,0.0788322032708178,1.1366646918429437,1.7917806949007749,0.7601016647870874,0.7834475102474235,4.762551276829047,1.427512912795081,0.14499319342705033,0.5010121341252611
246,0.09758366227548027,-0.20520630972263323,2.675991819683062,1.4731005031360038,0.5077146729978574,1.182546325565214,0.5161629987328913,0.4987165356391748,0.12111178855892592,0.022399396830388395,0.23358622203003074,0.38627999472551333,0.799659172069902,1.2605601526017087,1.3084154493929656,3.1809939077605214,0.855945278296178,0.5138732263008776
247,0.21959407092337538,-0.10926154993505821,0.71888850951785,0.5560237755896957,0.9224529580008162,0.9927744367655487,0.23752094040829894,1.0139519361901668,0.20530355793489954,0.04003605794647472,2.409979204445068,12.721887270958806,0.5684037706744539,0.4608168701396964,7.609029159382106,1.3886570279037092,0.12840387778904142,0.506010111048574
248,0.1191571120483176,-0.927459564686667,1.800997083390434,1.7396073767802425,1.6629355415814486,1.4470547789761825,0.866241319468735,0.43613393661033684,0.34762527633732215,0.08167460205716823,0.424238640536718,6.516441008205128,0.46934846389149354,0.807710593035589,6.135327852534548,1.3075312808825585,0.18793030167431482,0.8260433409530908
249,0.1170464021585212,-1.6506032732105709,3.188869809285881,1.1741328403086082,2.8332149077620175,0.3584843864715945,0.40913259429448534,0.2406836672993826,0.047135047941735606,0.06357300065634883,2.3510289639212054,1.6174114568187328,1.3819860301588736,2.207188762790059,5.914859194084089,2.658127022055788,0.2732229188583921,0.2842628418656469
250,0.15883468087986205,-0.3641657753495843,1.2077551570914746,0.21137696285558072,0.5274021778238245,0.631740741321114,0.24018499922938444,1.3415630937234828,0.8123819094704882,0.05475871788151669,-0.8975295614908781,0.36213007976070855,0.41603059742086934,3.4242799432897266,11.9036416793903,0.7450732210250424,0.07987430583620644,0.509023597354896
251,0.13966737978883323,0.3198969207632712,1.8833010131169932,1.8400098968613707,0.6351145377019747,2.451178503189419,0.19141885708684614,0.28654542272602535,0.1534625537515576,0.13286131830915998,2.238209739885418,1.2316499242696488,0.23113581910998676,1.2692996857830008,3.9412925491487174,1.5570455740081846,0.06367165066172938,0.5476919606998131
252,0.15898151390014445,-0.675212779901177,1.7482679188806236,1.3336764114777395,1.402346692122126,0.42002899523739934,1.1150985837547183,0.4950407547313258,0.17035841110460337,0.04818546271993356,1.9425752440921835,0.6629693780982426,0.5290086412095375,1.496409423333291,1.540530522584525,0.33402115035362206,0.15373785230816273,0.23794804274959588
253,0.17293423192330692,-0.3372599103562856,2.229823321263505,0.9356934270942837,0.9540374403273743,0.7004839555428946,0.36960175903446557,0.2027084098571344,0.06577034711667075,0.05211349598923775,1.310181394875741,3.1356066628561647,0.24676224267763036,0.21641094575049188,1.7399069009519024,1.075259530369377,0.18739541034380908,0.2689492390207795
254,0.14566629525641103,-0.42945737623101976,2.145932737938963,0.3467342484205493,2.2451750584837584,2.4354878494222403,0.12994475049809814,0.25436725078149547,0.38747090497929626,0.03621713850500647,0.8547474025419154,1.5572075317569511,0.09222685871517043,0.27499347218468073,1.9634062264952443,0.620182440638052,0.12284416152688482,1.511278517962262
255,0.0652957989651977,0.244153384344935,4.417378980228799,1.9600787002798754,2.384655267127933,3.6837349186044217,0.31851404490029933,0.6609494334972612,0.0911803843297943,0.061734643414744675,1.195478634094512,3.258739166624658,0.8112616610120158,1.0850504170000042,0.9121416528181868,1.0024810907943724,0.133660440246448,0.49460706737118476
256,0.14127514284860895,-0.2154631719376941,1.7517105589420123,1.09961231884563,0.12670912319289085,2.122353892966983,1.0270341478752143,0.5825951180227031,0.38513061000476895,0.07209262106222254,2.1753287846059823,1.4445221860192259,0.7610496930708717,0.2026086789096905,2.0417227890504512,0.40029004143423363,0.3289422211969191,0.60521746029908
257,0.10099797942113557,0.5857725240702898,2.4050652385946343,1.1239218115275518,2.397435658041186,3.361834067687244,0.4624561957804821,0.5668828363769651,0.2550630697810207,0.015484655737882599,1.5335642637909683,2.7290231186848635,0.9353816150237304,2.4400293401075435,17.6809411164011,0.49562632737020884,0.2459070080880324,1.3991482060102907
258,0.12593713800033635,0.608184057375379,2.8226161812701216,1.5395545954081604,1.6330725842295244,1.423114712372237,0.39880518031462925,0.5559887430530401,0.13007600049227766,0.10269405060553322,2.844475775422186,5.011534769805805,0.5061556313673242,1.9822962568195457,0.7323287584502094,3.5311471533436958,0.045236847853960954,0.8766929099957586
259,0.13667189828561618,-1.095224932834432,2.569317666529636,0.2467468193078918,1.3926860332875297,1.1431828885099067,1.989677662314058,0.21491633571273433,0.16916424525301907,0.1098646017512406,0.8673006289102403,1.844835813561353,2.3875647681041934,1.349915316666766,0.77569625432962,3.1678553650717163,0.07165083411926117,0.23151186067153529
260,0.10921524070229945,0.5623280474486743,2.4556982315102878,0.6331110540662661,2.491259722683455,3.326282415195385,0.44279407732767956,0.5835020464938506,0.15131501995192,0.012347229067251064,1.6274117208472845,2.756111771725823,1.555226196738303,0.24922633484906254,42.25988927844585,1.0364244961858644,1.0606021499861316,0.0946232290643788
261,0.15920527487156175,0.4200934299846259,1.609290216398501,1.8198600627505015,1.1019912998291894,1.1505791718863478,0.48225542647944414,0.3714189803769337,0.1331113348021301,0.05596417883344325,2.022767449022765,4.627425976669363,0.23814108829377675,1.2506568781598353,4.170355119064027,1.2502539999516433,0.26763499113839023,0.6316586209953086
262,0.1768437279317376,-0.9554370439193237,0.917562766677201,2.3092562548769413,0.783719675902044,0.7939625298725433,0.10347967952697815,0.387956116472253,0.28763916583655097,0.02919899870632275,0.015697450311928707,3.710466744643165,0.8767710343353518,1.6829050077401724,2.856981216318021,0.47239403597901053,0.20438569096669224,0.6895481217252352
263,0.11915821110705371,-0.033330592888998076,3.1242482856925267,2.080683367744624,1.2566971364285902,1.3863319458474435,0.2880290782338185,0.17234276620944206,0.432442500948428,0.026440786291998832,2.5578347355349442,5.472937029232253,2.6667224208177167,3.3597912701281807,1.1443261493839247,0.8530031922457809,0.3192782153761245,0.32718817671123585
264,0.15495752154053852,-1.472227611356087,0.4324135661424807,0.8261965480264137,1.218237206044238,0.25871419750316,1.0175932983668257,0.4332762629146941,0.0439723325685612,0.02492023352034702,1.572922007869966,1.6467723188707168,0.9954785958181548,16.020701842505314,1.3779057862302952,2.3677141420035133,0.06572763954313943,1.005366494363495
265,0.13790339786959713,-0.9280705949002986,1.6807505323232177,0.5423617956352591,1.2441099266544557,2.5121737814418568,0.18106710924682973,0.7283779885216813,0.18350244652742084,0.09558751166807741,2.9753187576966202,1.3070766907967315,0.07971362353471939,1.1163656677820741,14.687402362352875,0.7303622108163638,0.021248410289550965,0.2847249711382697
266,0.18926228683848434,0.2874301178009939,1.3466027330029129,1.0914580742383249,1.1022359114911862,1.9420367668196181,0.4648234828215806,0.17071074931235902,0.0969219025761538,0.13299233299122976,1.461294708828874,1.0985109114872393,0.13831900521795673,0.24106415195683079,2.756600984784079,1.6313249324402128,0.22720055956844015,0.35438315556854927
267,0.20300991161938373,0.26814242460553744,1.6151397674819117,0.6542391447711752,2.20752447176687,1.0595344443209558,0.2063602556574411,0.47084241241967917,0.17676154932373206,0.08736141272694678,2.9134681751658347,1.9962483926937529,0.7141705787100942,0.2821524330462845,6.937605413398644,1.496026958678539,0.11014476015468919,0.3702560274904237
268,0.09652428008468521,0.6361576843321981,4.000351869590871,1.1206898748037462,0.8162763535246608,0.572969768840639,0.7973312139873064,0.6369240668668824,0.0690231908123363,0.03864565882418631,0.5134999810337437,2.740602406706118,0.05831795105533651,3.007343628302872,1.4953366283979872,0.2277434305965581,0.04199894864382614,1.3337347028300812
269,0.1470912644823387,0.25196304388479895,1.6094981660471537,0.5277523128517553,2.7857442682378744,1.7159381789502108,0.3552083782536124,0.915168685340269,0.20990802418499319,0.04539384976302397,0.6997932119764873,7.10340169690398,0.6384568321618569,2.13400789699721,2.4574621244610957,0.14481693377747568,0.5195313029650979,1.7523298406577112
270,0.12902123520249995,0.09293710427498032,1.971407760361847,1.2653841074683292,2.2161299661689924,0.6404069503441112,1.1459632664989685,0.564694039363611,0.243652911110019,0.07158264242222898,2.2152395946371333,3.415160026758969,0.30496158335459067,2.3360396730101236,3.8045552652658716,1.6562895347212296,0.1987220223003341,1.6752311958397585
271,0.15180185481335018,-0.28572703859078036,1.6264936053962822,1.3383988271167457,1.696404623385297,1.211003689656471,0.18287448799943515,0.8117367431463058,0.12126903115163254,0.08656872400997118,1.130147307300308,3.3514489776531207,0.529109950119909,4.05015492935048,14.845915627034758,0.615298223681664,0.10609053939087616,0.6473774635145728
272,0.15243352221085352,-0.19390379168078176,1.686750653229684,0.781035149272368,1.3895930641287255,1.263155845684384,0.10499670800629277,0.714037254545417,0.1533674303669556,0.020025547712664404,2.8149852943037104,0.770032495190268,0.535991552089593,0.6364184508390075,0.35558396520844693,0.08869752354830072,1.222419197989946,0.5645178061086655
273,0.11386187334159738,-0.6220194290851939,1.87672296360116,1.5827110161782267,0.7157950086541695,1.380390626514773,1.0293023191303363,0.47214689720370745,0.44029423869075157,0.058962975070765054,1.6244164119545963,4.380875251023548,0.589304468306422,0.5070733966220329,1.9724106942180042,6.117499005140956,0.07839066577087622,0.33658890586738144
274,0.18111909166544057,-0.3136385550079403,1.2913446656171756,0.7891077153097074,1.6677264535836942,1.2170071328655592,0.133723903706064,0.3097823673130294,0.19313532299007924,0.03581223593906095,1.3897408835324732,3.462327762772266,0.33786062091874447,1.488293040330394,11.198385467344277,2.0400608411729917,0.22234659552401134,0.3247654273518545
275,0.1934434142235565,0.17686156331703295,1.5959955438984952,0.8950617678601577,0.8944708992796631,0.36989997539345426,0.2018335896674594,0.255028368151693,0.12041684366780064,0.04931552096216158,1.7048324926435299,0.6864780240484283,1.7176129641110096,6.044103475195826,0.32296984490516234,0.3768984516852455,2.1962639348495396,0.4849060063355651
276,0.2111379281124211,-0.04707672802622835,1.7771968094418296,0.5009180695691247,2.01297228814575,1.0552058729995648,0.12712153369651383,0.2133021884141222,0.11656662927321612,0.09268085805430071,0.7694936665250439,5.4577644495330535,0.8080455809000341,0.7230280075779939,4.367947419374228,3.173312961941719,0.07063226147225507,0.4502267111981762
277,0.17697924727397044,0.15317571198129823,3.4830065921099305,1.0571066313396609,0.8341504612480276,1.5790034243256308,0.26593552249613783,0.2524128216932987,0.10337506448978778,0.06780464812041835,0.8732153667481003,1.914275903353147,0.46234230882400235,0.40966589927409447,1.5642928201252917,0.3999434886620709,0.16865202743404104,1.0733366252164367
278,0.16268708613557065,-0.46389541837230813,1.8344892002686881,0.2628283269054218,1.0086794767477152,0.9573208558500131,0.46772146802753023,0.2592401042071698,0.22114327249705554,0.07349762730557892,1.4136642460657491,7.161487466304587,1.051098901299022,0.22512651187942354,1.38106386291725,2.534645380016289,0.3145733259749658,0.032991763524407615
279,0.18113637640406488,-0.4723529714422809,1.271258145556218,0.6950421464134736,0.9195008878671523,0.8728495051624888,0.4490708754922383,0.5680797567198438,0.13230547700043824,0.16448861332903736,-0.6568487948272504,1.3619896713100421,0.3465188404102015,1.130470808494562,4.853169336036788,0.9416428492226948,0.09448757868629962,0.39268192929403556
280,0.14156376453603747,-0.7398575836694729,5.329505477638304,0.6134404932845896,0.9997831463864324,1.3897887398076338,0.4006694149764866,0.38732802828837437,0.33105216240681434,0.03938593529851439,1.0696381667664765,6.780819672083181,2.0384018541428772,4.3414634204465035,0.7123829208569232,0.1973390796010812,0.10319195282975144,0.18542736135056326
281,0.13130319500181212,0.29987305765524186,1.1215208161530756,2.0123112186543155,1.6531254525318835,1.6176994093979193,0.5095308661049467,0.6287332495324599,0.19070195249368577,0.02180473489934266,1.66176679881342,1.6547712165992132,0.7069094535942333,1.3412431010798047,5.586558377049899,0.7783781467186415,0.3296151677180685,1.1194956858693983
282,0.22571301326122986,-1.338295952169358,1.458694387456525,0.2576770118706811,1.398985421187109,0.4875006000176125,0.27782850060359365,0.2944161807408696,0.15383989161305797,0.035945916142155386,0.9621679844965234,3.222611370248981,0.4323531098589812,1.063277523602478,3.4924917941917353,0.3077287478143894,0.1907595893574908,1.4720741543352993
283,0.14757980989377553,-0.06667755198150277,3.0344545675820256,1.4967193931284146,0.618210654146549,2.1923425331497364,0.1162259386263649,0.4933656380691565,0.15540074710417912,0.15428735102411464,1.2147874200383348,1.4316867774953541,1.0551669765173641,0.5186586667507983,6.845439145298216,1.1380711861761807,0.3101578927746076,0.4723448374250832
284,0.18595964530643957,-0.989148309774505,0.5275533535588162,0.40040355894657714,1.2752636805035065,0.30277800049754816,0.21864942861126999,0.23787300579894904,0.25910821953392027,0.031470443049860644,0.10949326431261708,4.955344156821058,3.269430031278892,3.640522388469158,8.091375505150598,1.02266408922089,0.02615181695207369,1.2424625513754328
285,0.1753196225621909,-0.9692032405238008,2.652591264500815,1.1802415414825682,1.0870035747844138,1.199176333516153,0.2374483842712037,0.2990980386582779,0.10646828317039278,0.06710630744653233,0.22322594137955198,1.5024667076136256,0.16708156772744823,0.02403552592088457,4.479228311312062,0.6662941846648016,0.6231442751934817,0.4831921896535266
286,0.17127741586328818,0.5967951298232002,3.126843453699436,0.6402378778145409,1.9592182865949215,0.5434951019913236,0.34936965587228525,0.27957833210329297,0.32392674484564526,0.0337629781138091,1.6974045491789316,1.3060654542450991,0.09352876153238088,18.676174945372377,3.6306223020998973,1.1512198212761435,0.054316140240401885,3.4427112911427113
287,0.14453854224250615,-0.7653080884842025,0.9688351858992615,1.9515125570670078,0.8949109358931648,1.0182605356914531,0.020944334866256152,0.4558253882947938,0.06841553328136735,0.028571133023861293,0.5559637160951021,5.600703305502979,3.4821400609722715,0.5140312938045974,4.443918754207755,2.5072015412810393,0.017053427076417448,0.0972704743137994
288,0.11125911865840714,0.47691574317122937,3.21616600315226,0.2643437314841302,2.403014473213331,1.6382729857266463,0.09830344719713575,0.9720204305076888,0.2543375951226442,0.06532543987517432,1.4956445533004972,3.324191344219468,0.5547506341028987,2.3055394095108386,1.360211581467279,2.1682888518240624,0.028840831654257295,0.7306665082078692
289,0.18019781349414038,-0.13913325987108707,1.1024793429393458,0.4441705148541868,1.4841514022250764,1.002036112262116,0.30732734142828877,0.5266305565621261,0.7561341003356487,0.15431206762676225,1.3553324606376085,1.9036575402945237,0.8302755539904115,0.5906844487820025,2.3956710306984013,1.7243906908631266,0.06889047716091574,0.5989858006270214
290,0.21391010584607276,-0.2387023963393911,0.8789229869164497,0.29055071727696996,1.086464177365034,0.8463588506160051,0.1682304898970203,0.6160838505327649,0.33219248663463713,0.06747403231561504,-0.4156517292216755,4.0458744693996,0.8253137420767329,0.1678953795709369,3.3543985234053992,0.23624276777721484,0.018904434224254873,2.5531984274840527
291,0.14503387213911964,-1.4471015274326688,1.8467159667842767,1.7940741852157738,1.278899999770875,1.5633932528865169,0.12475171661491892,0.42740042558180014,0.06550546617837402,0.06223836949802019,0.35794406200025675,2.3824193861952483,0.4961154861730717,1.8715335748866513,1.717492020611423,1.295532076126247,0.2773104495359918,0.6294735943263666
292,0.1300162917192942,-1.0372484185410897,2.261276524591702,0.519021757131213,1.2757518391891722,1.919297671125265,0.29590167066382256,0.777525096856403,0.20782550837445693,0.03381548691641632,2.32667337657579,0.797023542579183,0.6388661272762151,6.19186740005488,5.494727195854059,0.12492782016507305,0.11651777638581513,0.06706067440860564
293,0.17951415042187482,-0.7564696638654514,1.0991443877705138,0.22888337250397428,2.987884209181368,1.199549274912951,0.28344957052446446,0.41895070444688626,0.08396227305927127,0.1750398383902491,2.138973995002982,2.12350244480277,0.28291153847024786,1.6183256849475947,2.000305724093749,0.17976993159039492,0.33351125446283186,0.4059588689796828
294,0.17130498337091626,-0.37438147747896455,0.626001017502021,0.3380063063898849,2.569499220851196,1.1581195169419065,0.5616482367759377,0.4775468197257139,0.35524181841856595,0.086670118322508,2.0305733377115356,1.0542787775017581,0.11660310183535715,0.8290463721587903,0.9054901809348619,0.8775137894365844,0.43637653260344006,1.523683072044044
295,0.16574826779058996,-1.2464022234279761,1.5080243347520408,0.8399933019484458,1.691270199873974,0.2733748701892551,0.2846154393258147,0.24985688950601878,0.34784493548752865,0.0405524385272402,1.7173676151291442,2.0876443527935566,0.33778702530635896,0.8618770166093698,11.818982825132716,1.0210968284885291,0.7113858917016085,0.637801026722898
296,0.09917208077450693,-1.3922880279309389,2.5713350512479947,2.673081685441666,0.5205560771240209,0.40678843846747287,0.47985814116923287,0.43435115219103076,0.19266327853979176,0.121261453353042,2.1308007319796936,0.2787345094558711,1.3267812770430742,1.3938048277098027,0.17802342108600536,0.9236127505567581,0.07681634170378362,0.4440057313443534
297,0.15829225492546767,-0.2750461889704507,0.9461350840146174,0.7455624236625259,2.453708099173781,1.3963065757466357,0.25533647498507944,0.5572230128539395,0.14994942743865441,0.0779044171590961,2.6740715580043486,1.5351506456812056,0.9900659905418787,0.5405922245768086,0.9595722130113258,0.058544929365119146,0.3091055991134759,0.40443199355508586
298,0.1746624807092199,0.6360297887743884,1.593452309658471,0.911702734089889,0.5167064642698501,1.7181841740067632,0.5489751191161765,0.4049487846255598,0.5639181535944587,0.04916412516180834,-0.5051526310182324,5.73846419272329,2.333105969249707,0.21227641209410014,0.6692568218199223,2.641357081746368,0.40433637779351145,0.5042311365544867
299,0.08897213981697734,-0.4405356325533385,1.6315063253403883,1.0109581314814784,3.1385942135348657,4.200467188740442,0.4460962885598211,0.8734436174149007,0.1815028111247598,0.036610759763674366,1.2980859707759382,9.39615367609535,0.0704751708432369,0.38449849001180036,2.0026484844485752,0.9457497829388616,0.28329487669969733,0.5868344702742968
300,0.1619385167277206,-0.2998382213129635,1.2206815593918603,0.5725210279556795,1.246475417342041,1.4749901064969448,0.2970074643140588,0.3181153018927528,0.0865306835824904,0.043552221067505587,0.015336432055507387,1.7517323929663198,1.9894851155089655,0.8816334970714576,2.3968369376997023,4.311545807006991,0.5295039000897084,0.6869811430652244
301,0.2133277225780819,1.6470592267681183,2.3436789362201527,0.9336780345716206,1.3376296868589,1.0939505109432368,0.26244383573058916,0.29363563423617656,0.24351738017938876,0.03778460150734451,1.7711243764601483,4.273373458416438,1.1006353703401077,0.30176392840567684,4.661453736563607,0.42737707066202246,0.5908218417698152,0.7308468466593394
302,0.11221133203677988,-1.0164953196169952,2.156518453403524,0.5829252366556916,0.7489888621079065,0.9309253486628986,1.7985905477376447,0.5949785069440122,0.13458934567116632,0.14834347976281087,0.5518693001105559,0.5583325330397647,0.4456875272965152,0.4246001150271019,0.5188003856719732,0.18558063242999565,0.07593480046107068,0.3137564291963581
303,0.14948697502489844,-0.07640791921289981,1.078925921086455,0.9596652316077785,0.513408010671155,2.3667007319744857,1.0561990821799592,0.7029653206614235,0.10700868755138358,0.060232613044798274,2.264579476506498,4.410128738104881,0.03987659745064646,0.7078252329590465,1.9957504851909957,2.813921198068501,0.1528541832285271,1.5529866497399536
304,0.18195232227758948,0.0222070613140082,0.9652839641119537,1.2664594716653244,0.41869556714770484,1.0281058287908615,0.5633462597639266,0.36894090171237137,0.10040865190890993,0.024710340858030325,1.1251619510117747,1.9904152808048121,0.5029175087109814,1.4842390900848794,7.993500850073737,0.8890724895308467,0.5728887768832576,0.15982128809460036
305,0.07097197635997926,-0.5244907097800776,3.820659406755503,0.9307816573272273,3.059014500703471,0.6183977218831993,0.16960516965728106,0.6919239039769202,0.16300791663519393,0.0893271583438922,1.6270329186300958,0.6121025524182926,0.0711658358002612,3.2698851409703127,1.1084376911506713,2.0016976969890794,0.16340276756229646,0.5145256935465784
306,0.1190764575456195,-1.6942167252077307,2.6030202717349824,0.9842167141089883,1.1710954522605914,1.0971839456882297,0.2541804409835777,0.625030898841843,0.2596917959542857,0.16989213219692806,1.0622448773977369,1.3343865477277297,0.1997485061086229,0.9700042160216815,5.8245694520522,2.3893721099440817,0.3549631785585926,0.6039550241681112
307,0.13368196942099442,-0.7973165298875828,2.2333419042900493,0.9875931746377071,0.7995771375037776,0.4960058641282085,0.2965831748867538,0.6486676367227491,0.3647287596178158,0.06938776335919299,0.18787620660641235,2.6045099995417487,0.3120101758815493,5.863015035165287,1.7344236744905943,4.248821357042659,0.006533971988900609,0.9513261950294111
308,0.2864516471424131,0.9081191722733013,0.8173255263770134,0.39284053898330157,0.8831681300266042,0.7535176682305839,0.3635429451390699,0.8971393114702827,0.3386187217739587,0.03760059415990357,0.7019824544082353,3.02282577942736,0.4370398980405643,0.3149035558827333,2.883860249877904,5.108497337937381,0.36764700194614336,0.3532837366007777
309,0.11650652965539639,-0.45642576662445244,2.0874719347664468,0.7027012516543796,2.395783202763026,0.6012505408874204,0.11895993404698114,0.9666910582482015,0.42001011862991333,0.0166037009774173,2.1879849529383266,4.842614562864902,0.36111109252129964,0.4945362827248868,3.4352968751570176,4.049332240952483,0.8213770639497067,0.3930640252437132
310,0.11085547484938614,-0.5576283421301432,2.32136568575423,1.666887487339843,1.137165553473108,0.7662894852463096,0.2654224913229858,1.1807223042570771,0.27110679660127285,0.09796459386111597,1.6552891597551316,1.132283812494252,0.5036066542497414,4.403060440658065,0.8686946251679455,1.4048564014548446,0.04908528437346223,2.50654120529751
311,0.05591131186494747,1.2672029008375043,4.003831657839676,0.38799058367957623,1.8035139348598177,2.0080693088928285,0.12354360131611151,0.386658658850377,0.13667530688921833,0.0823493469549718,2.1238430757302362,2.4066398402317057,0.3072413714142749,0.5028849091641362,6.181011550326877,2.3208622520252793,0.04350440306151044,1.387269694530817
312,0.13793223200644186,-0.7956024449371797,1.9338334315535644,2.390123307333582,0.5347940746287474,1.7690375972814811,0.08903972894849008,0.4600840654867211,0.31878531282610395,0.037914662849013944,1.5298179987262324,4.949540904953793,0.3262672529849501,0.5558354833469185,2.6859758275113577,12.55676366790699,0.10999202759227181,0.4296819243735571
313,0.1356929912734265,-0.4468021296584263,1.0601404601104216,2.0245956086137302,0.7719439784616392,2.3002588711721024,0.26056080288698374,0.7285061246903196,0.14303465764899376,0.012805920364530203,-0.42564117400135537,2.744164116168444,0.8524653992437367,0.7725581192918948,6.727069453579406,1.0021560833622474,0.4446370997489085,1.5133519431459075
314,0.19895964556448054,-0.6602276046901067,1.5337356317813269,1.2329787242113628,1.2530554192433412,0.5205901887281481,0.15372355655558703,0.8402156358741913,0.1415532257532742,0.04066254014786423,0.48761334106546295,2.280175949103665,0.18732182151669116,0.37328396440271616,2.4506108605826524,3.3529741504549917,0.08505610683886954,0.14796258954045233
315,0.1492970154263394,0.6033434653551478,2.5216953494096757,1.227456065441685,1.7397806206548458,2.3593817076386436,0.23011868285291529,0.5327020466976904,0.303243442255406,0.02842209891647251,2.060110113394727,6.796262369882417,0.5639821978464575,0.960333297022332,9.833868254248681,0.30791233984398947,0.09372431447549823,1.2325088768492316
316,0.15961272284866068,0.8050226698013718,2.1233745973462983,0.7597114180685882,1.3253660485342618,2.231629861026092,0.20336080724009642,0.5236780763095007,0.13463490218941138,0.03142310473837545,2.2744392888601226,3.3566604910929767,0.20191776484066168,0.3486245220471375,3.0944050194089088,1.9906786166942965,0.18803949400494177,0.3012215069660198
317,0.11810159439690349,-0.041885960428244426,1.4504094675194263,0.8995935871484874,1.4367081518509555,1.8246774120823255,0.878233769954511,0.9268403221089372,0.1860176101978859,0.03598849469805217,-0.040741153304637005,1.0791524569705069,0.4719283936302881,6.187967431859568,2.6711327701790903,4.86533253429226,0.09736520519892516,0.4789630967475298
318,0.14643462764711357,0.31628558996283074,2.4590014093791592,1.0971635626525977,1.5160313744857272,1.8143509712556365,0.1887302458712149,0.25260671513147326,0.30547460476259086,0.1536400167144429,1.5454687158776512,0.7917936092857315,1.1389865804351111,2.4796017323636494,0.882644315507655,0.6337807432719708,0.15485600830772392,0.38378449494497996
319,0.15167492465280347,-0.5959041399924521,1.150056826618742,0.9117644891284358,1.0758311730627752,2.0253974015959475,0.35306894032509273,0.8159452501068403,0.2803580539249468,0.10964244398028739,0.45707481240833636,2.020273928219297,0.12180636074828825,3.348968928986461,9.059474793722298,3.949756809346942,0.06637254453046289,0.12177569046348415
320,0.16711913516737967,-0.6591050515110186,1.0714367730859098,1.0969500753265022,1.1285401733314435,1.765817823440948,0.17974703854513932,0.28519283371048454,0.08084604559461772,0.07910368146756659,2.388881743588442,0.2941189051435508,0.5747307980080595,0.40915313448463164,4.0693853463123455,0.24073804560023196,0.1950431824024094,0.382586538691565
321,0.1859150331737635,0.08983654080127425,2.2500458186677417,0.7481328673236404,1.065675462705458,0.5037406993695978,0.23943469633766895,0.3372710438324084,0.286671237554619,0.06336089234523822,1.6539805246325214,6.5236151231778186,0.32317344820008387,0.5333504662009374,3.7311700844479376,0.921779460877989,0.09294159192960322,0.4691468390475265
322,0.07670886688374869,-1.712738348903536,4.3886476590084875,1.9933711767124969,1.6277843997016,2.2440200701280286,0.7440539651539516,0.2311324865234598,0.06571240917862979,0.04134905832780461,1.9040290540809839,1.4606432866482926,1.1026130651138004,1.2706781583692732,4.540780933276559,0.283622682662301,0.4369849506603379,0.38326163810777436
323,0.14770381954670306,-0.6520226720164098,2.0441962144655674,0.6283086949709293,0.5436942639613086,0.8568804117867213,0.7592015743066864,1.4234533776362828,0.06601553077432194,0.03012724065086094,1.9119906547970604,0.9295598984869213,0.25261499629314266,0.06216155328447956,4.336196739948828,0.43689558534316036,0.023251928091799448,0.35712665798878446
324,0.0824081571045077,-0.35192445768610015,5.404515221809544,2.7780586062951214,4.011621645751681,1.3156655944897595,0.5950116026947653,0.5882728390697309,0.06822525688835739,0.09025577494220502,0.7225263467673292,5.199734553593161,0.6781570621946219,0.7447182432630962,2.204576800395222,0.20241236230214862,0.08009182313254234,0.38782143267251273
325,0.13498130681736398,0.3097426476170558,1.3361761698047134,1.0714662187483224,1.7333418857981744,1.505002924084554,0.234120656638428,0.9047105758490456,0.37257352312477116,0.07088610034547627,1.4741170746298653,3.822404384582783,2.9218773709174144,0.09077105384921103,9.27328374066335,0.7104104761305605,0.05389848794441871,0.43218949554909203
326,0.14574298464839444,0.9595455137954503,1.4593970526413869,0.587246857897936,3.8853422470243006,1.490402696288226,0.14748140204232252,2.0535808772250776,0.30396585874433224,0.010729866842709544,3.0398987951655387,10.247001503691918,0.11794977706172476,3.4504049203471485,1.5512275304686833,3.053765337026101,0.3490011376467772,0.5392789318100635
327,0.19208579735694928,0.4331304204059289,1.9164546501914381,0.7359912644026126,1.240485503501086,1.6060754099033487,0.6282652448890715,0.5111990306891705,0.9753077958240036,0.07626922706663805,-0.21233058863522364,3.0248063134531327,0.438946573302161,2.477521209953975,1.4672289232262694,0.734536810594388,0.35254120356895186,0.31036684195849645
328,0.1082053267665074,-0.43294919758182027,0.5522888881843626,1.3471591823056213,0.5781914551202006,0.5981260337157045,0.4936125352339134,0.16433684998309447,0.06873451977075987,0.01738877937712411,1.3501706053006275,2.1068252741966855,8.396331220607916,9.178601197663905,1.1652982073582774,3.888001228268191,0.33294966232510365,0.2970082070414689
329,0.07775000494111267,-1.7819825922246266,3.095219988018255,0.7053020516563864,1.7862492621740254,0.9545525806786911,1.3086975544906378,0.3026681932639367,0.09876879766613945,0.027875527867707715,1.8798771154184226,9.723759616365879,0.1569659053223613,0.17276443272524414,8.879763438053043,0.4459875938116288,0.03314933750563239,0.984218049473177
330,0.19961895464454216,-0.05407152010309012,2.4715214834413937,1.898925652494428,1.91582579303024,1.0165486829038894,0.4095253132566955,0.32811706502586063,0.1646764153195815,0.04454237952197566,2.57570211397647,3.7819400046367644,0.3147297968574127,2.223530149303296,1.3661398295920826,0.24744213692354378,0.2407972237683255,1.9357294604601325
331,0.09419893636729551,-0.28199794668127237,2.837518926007297,1.3103624951129897,1.9631742365007367,1.563516007646173,0.5555258684514784,0.6897644881572179,0.13106541301814142,0.06727369594938214,3.1114773374739673,3.153889593521399,0.29746586664192143,0.977919723875369,7.777151752751549,0.15565237212985147,0.05478862928652843,0.3837981656779623
332,0.2280366052055067,-0.20803776209618913,2.1961870629942584,0.6949786909333731,0.6514712795786497,1.5540317012107168,0.18078193982263194,0.5865123880631063,0.09366372744495413,0.12057496487100207,0.5705501493415621,1.476896346615382,0.22438965832270624,0.2792718093661543,18.127261094850198,0.4713363012881431,0.31447818703622205,0.142109424127371
333,0.1306552852181654,-1.963398707233304,1.8240025785501408,0.6437819840528735,1.3452640869414123,1.225356158698848,0.42430077494442964,0.7135442034620189,0.16802682885636233,0.07938330828790663,0.8441088698494299,1.6149647729887062,2.84340716135933,0.4118347500207927,3.9562819046119313,1.1676071635270355,0.04889130857600568,0.07949093178101806
334,0.18808650565182403,0.1574756370877167,2.4211876941442574,0.7831464097476059,0.29958737646974865,0.6198566197920573,0.5435253068555593,0.32204187771330817,0.28007381884957877,0.06707159511659427,1.7686801118938094,1.3993233294011693,0.5247196043890839,0.897274348806517,9.33831409815222,6.447618135187167,0.12258442162796836,1.1917076036895662
335,0.09330589695393801,-0.8250641171514057,3.7279562707509513,1.4214555278644647,1.7693265754934226,1.7443691736656741,0.22389656515422984,0.36472876352194294,0.11432583041811822,0.1272257968233971,1.249230281182378,1.3222011436180905,0.5319953242666201,1.9516361521903154,3.336834445864092,1.0394203553668924,0.10464499824689123,0.7473534478419729
336,0.16226210009871683,-0.2508750842271832,1.8952671100223937,0.5661267543210724,1.9794960089617928,1.3488562852949544,0.46774390422870327,0.5991745629902316,0.23323278553592913,0.011516368059324824,0.10384223893630629,1.391851530818249,1.2523658888632943,1.4986598412398269,2.5425888144799575,0.9838986410630723,0.253721131548983,0.5360858518508433
337,0.10580233911986368,-0.30347471043791285,2.7625858366170974,1.3394636109432916,0.7197113408526143,2.117178919472174,0.23388180354767704,1.008572276007943,0.6884777352309532,0.03748417094668047,-0.40597187945888025,1.592119546495402,0.5527715916425507,0.20518542769652282,6.827955062013274,1.6157472953445815,0.10537805080798263,0.524837486811562
338,0.1134745205269767,-0.2283653178882342,2.301802432514648,3.081827275365188,1.235108744395803,2.3393196685572555,0.33591223546493987,0.6173107836511432,0.15443930975772674,0.17471590731502357,0.6040018096115236,1.050405032962748,0.3808925096624324,1.537059510718,5.993205489583527,0.6841178120465079,0.2426457921756756,0.403957123021929
339,0.2145425553087494,0.3359168765301136,0.8638038137195225,1.0870468801115587,1.349750288027025,1.328751898264225,0.33888694735852676,0.965608571685225,0.15126378378203695,0.020689346184374225,3.5198275531050838,4.346575240706254,1.2172107886426848,0.3047464188100553,0.9574321735763778,0.9999756737107636,0.2550079790721453,0.15908279407968817
340,0.16428955545734353,-0.7906155257009004,1.7615486386116315,0.33363582345060616,1.0885216620630591,0.37778198325318524,0.6695119652765935,0.6226279208385994,0.1418765783766406,0.11301018049639064,1.447352612349,2.533944299640861,0.4473047959071272,0.11875685048896513,0.24785071320810476,0.5274918771130163,0.47451118759795496,0.5567749866429708
341,0.12419256394562458,-0.1068199256516031,3.6248876802516827,1.4023499148157303,2.403307338956733,3.3885227484253178,0.29630319095942115,0.3558124434259604,0.22301764612274882,0.049689950495989815,1.8282524893574352,1.6857028128665386,0.4199566943088338,3.384732147930139,4.741565006548793,3.1637028952455113,0.5479639956455583,0.14526430241750657
342,0.09732140273925617,-1.1366220816435246,3.6928619821767317,1.254268747473521,0.40397601850463727,0.6311708023833141,0.3568797250802487,0.6861845725714079,0.09899128459881645,0.039252315121701714,1.6818588759314343,5.599044097935613,0.9195806644446408,0.12861617035197936,16.279974632579094,0.6524923189588306,0.07737246613223948,0.7591100626127866
343,0.1964627460125499,-1.3277921590731043,1.9569345756978551,0.8744111842617971,1.0976308672556536,1.2695135708379404,0.2666681253446116,0.24544080758472728,0.05664706007252588,0.11525694013773523,-0.39130205826250797,1.0392768434854833,0.3762878705730739,0.18614931046268215,2.228895325384342,0.6802334265226426,0.5581331467739009,0.9940440494517645
344,0.1236494084034527,-0.8135700521017504,1.784639270199555,0.7627683748750131,2.2058409418208953,1.497053879469315,0.07370733172131001,1.526182222865066,0.1600247328562076,0.013485975815438473,1.9175309019735516,3.964434160302868,0.28743477579623095,1.8317376881566858,7.255158444846237,0.16115999379958093,0.40225238726788404,0.9189016885113859
345,0.21632041718197237,-0.8371768577005859,1.9083716457264115,0.24234585044024137,0.5531256476717878,1.1988293611123357,0.8859882397985904,0.5835059835016314,0.5530058495516001,0.011985129248292516,0.48033464012475535,3.845012421796562,0.6474192828806239,1.9841199575779243,12.349661750847453,2.625838305958797,0.05835741377453903,0.566084968766529
346,0.11222704373581383,-0.5169992185915117,2.1299710176621884,1.211110191027897,1.654516626421476,1.7690459575249644,0.1021451030978477,0.3513636986381543,0.5484673072158608,0.07342020876835195,0.5846336849325208,2.208597503677707,0.5887945550750434,1.121863752148858,2.413495845672526,0.595000086116313,0.07926964636200443,0.8335496152438335
347,0.1479008987042548,0.9623203377141929,0.8012370991270673,0.9187129930312009,1.5013755048338744,1.2420361370878343,0.9174695785061395,0.8750729852257667,0.2258234111987754,0.11334917500811546,0.897076824863871,1.0334913484145754,0.4890965439409906,0.61760684769289,2.2784857198342365,1.1777869793657632,0.015120946707341517,0.09718209927526023
348,0.28517615630176363,-0.4934672656754906,0.8725635041973844,0.3476217882145216,1.0558386392594266,1.5263419420908144,0.3538491180842115,0.19667631732600013,0.26251739433035287,0.15252316445648845,2.060732583896801,0.8230540672460233,0.7148850004171923,0.6412488105236103,0.8217086204968077,1.447382168324818,0.36921239193261396,0.374385992427673
349,0.1648736263927848,-0.3006966269011538,1.834879741815827,1.9199304789523308,2.458493716245851,1.2231049426957188,0.07058649443943289,0.06627130664931818,0.11470284472277757,0.09953753414713397,1.1953958911692864,1.5283242250121785,1.6687301834234805,1.0713507016281385,1.1650532583516007,0.13890279159425756,0.3944927702250601,0.06171920367896333
350,0.09559599124158777,0.09802212319710966,3.371782730172063,0.6220110479127389,2.5673644831414077,1.8899710553979745,1.0529003907103598,1.088090698890043,0.14063014068986987,0.0978877022919817,2.4467269169512953,2.832000176895429,0.41679148009945105,1.4258815665063194,6.12974911855928,0.2387898456346146,0.3128707939555202,0.541274799130047
351,0.15741121708455072,-1.0063480694659608,2.0069999658354134,0.8683862938357204,0.17439229491202393,0.38414400559979195,0.3532679728162793,0.2565818834810706,0.30591107920543226,0.17571783190065374,2.6097597472534826,1.8344482369221198,1.4054814307769585,0.19654986853118486,1.7829410265710517,0.84370760656213,0.031647208426533034,0.18427218020368433
352,0.2418340856293752,-0.14382956934475308,1.5848437891807465,0.3990721667708998,1.7727409241815726,1.2340001729310663,0.13957608276972736,0.6100255503031365,0.10704580245281989,0.055570074227402205,2.4513590988770724,1.055644313048964,0.7082098385259687,1.0390015226677387,2.650541268671141,0.9497264231937977,0.12912490642059907,0.5489581198925264
353,0.05061868694030586,-0.5571512525840971,7.265340696202344,0.8016846829108565,1.35726833188408,1.2694807256624323,0.397635463322371,0.5774368132848372,0.04899121167240359,0.05610496494554367,0.3665909112535305,1.542237318626159,0.13054030277043985,1.105436513544245,7.171172879640221,0.3085124169914501,0.06753810153103014,0.3710915113949776
354,0.10970139930609812,0.20841905138428102,2.8780890622598148,0.3385596832034612,2.762353725721627,2.7630377635388497,0.5229875491972968,0.6197953735154035,0.1294776986024217,0.026291047652212126,1.4785576585352886,1.1093905594294988,0.49023965077272924,4.122094265460951,10.368859428061606,0.71467296840672,0.42787792080134185,0.6128038115745204
355,0.10430106135725803,0.8397207701945919,2.0004218831421774,1.6368531965871644,0.8439111354573287,2.7209041989795453,0.4250517024561588,0.7925764954168719,0.17702335882235376,0.07530987533594245,1.0456131444892203,4.62048843317206,0.7938265438724752,2.017424507838691,2.025724446024366,1.5526193215854416,0.16898211899823634,0.20644037597340553
356,0.11893170951660106,0.4038824309691277,2.270887302183602,0.5497575596805777,1.0051904272753909,2.1618852483352597,0.8998954748147431,0.5502578264305638,0.08951726532906708,0.029119485212823964,0.5640586177719628,0.7001969742078265,0.5580594889085786,1.6234518591111526,0.3140710492263603,1.6963151428654601,0.6272788586726538,1.3401511788947489
357,0.1534468564952725,-0.6536471471042513,1.4232864703832506,0.9982150925266678,1.4947802466631508,2.3472823680780963,2.2841469572982733,0.5924458702711322,0.3900852821534012,0.13625558974072255,2.063583567256717,2.1697807540054805,1.9134737058734017,0.5270592940055306,2.541289558060457,0.25440264766245024,0.14282249129218588,0.6122143632134271
358,0.13443477183462396,-0.49074501050548625,1.9532149091329563,0.8226786426494147,1.6503763268669849,2.9630141308441678,0.817305650910577,0.3074594290169834,0.37520907059881237,0.05740617238462269,1.8603288711444348,3.949329861827071,0.21644991952531406,1.9793791469721707,1.6904313468959513,2.7539627030506404,0.1192632019320039,0.16791828339088635
359,0.17514403015241514,1.2050495712836473,1.7014254491541185,0.20013105235270703,0.5495986460171779,0.6656313598396668,0.060123638928893254,0.41180189463792755,0.40080326116206866,0.04246878287683837,-0.42225636680096534,4.10942572351178,0.5001562534613548,2.0888081838026253,1.3834634682944527,0.02493918477257295,0.1070485645353221,0.8063371032809558
360,0.08293413972916519,-0.9684753974536154,1.4548397720121296,2.3264582942880563,1.8228217739409478,1.6818524382251359,0.35898034715849003,0.3082904541152173,0.26319684058621184,0.11669084424408614,1.6812582241940541,4.188335233022175,0.18337001641773745,0.8701063907915394,2.821963953119505,1.0585785491160544,0.17295890487043253,0.4763816350472698
361,0.11724291306965594,-0.0020843594491528027,2.0181151148600747,0.8666838235074882,1.1525548063424678,1.0364298635583196,0.14965088347841168,1.1127159414194838,0.3189222151739516,0.06396003256458925,0.7214947736814179,2.3355885181973646,0.9504781860037433,0.24128976898534152,3.1758454860669065,1.025990007209427,0.07378370217437018,1.3712532935704518
362,0.15322587992081177,-0.13893326748933146,2.2980351184738743,0.6079026106640987,2.0224760028020485,1.096420109480153,0.3751603349472396,0.8262113080654228,0.06470568202122405,0.02229219487794155,1.4442145766638301,5.456903989608537,0.11934834304577602,2.272343620461431,1.7077489622969384,2.7666777284560555,0.18412969696952664,0.8013778720550905
363,0.16821804024895254,-1.2271055218336377,3.103001848114405,1.2043570209567986,0.9105338209474216,0.9899523020041264,0.15542032084733237,0.3844261299614478,0.11645166976190048,0.07033884596252009,4.295787405201158,2.2859924887340215,0.9732981801246158,0.1654936067749041,0.380735346673209,0.6640276434023433,0.16007264332659435,0.11666513054583055
364,0.1917985853933842,0.6086766745563399,1.0659445425960388,1.1569324675169448,1.3894916733429699,0.41030111498893834,0.4283913829763294,0.2633004784806198,0.30238224447996914,0.03654706451285524,0.9844088458452716,10.042172764232513,3.1653567993517755,4.622553510909563,2.680591293638114,0.44469103315492736,0.34837517581630345,0.5423922973939324
365,0.15711935967227614,-0.28252464168695085,2.131141315694117,0.8514857783076493,1.1213301050872093,2.7087084445267724,0.7019098578883356,0.23023054545980393,0.09275004927104875,0.08566429903207795,2.125040211604185,1.9506480258121508,0.10836802024083725,0.5545314156459021,1.7250403997174224,0.3805744683093367,0.008673353938741763,0.9180013329192737
366,0.1624247775998958,0.15842883829440393,1.072162010589202,0.5556810609088436,0.552831841699074,1.9696908395605215,0.29131004936646243,0.84577043360371,0.415715460051695,0.033232862224680436,2.412708776592082,5.715322411066805,1.1193692091641787,0.12082542434079516,4.009987107132839,0.4739857331428598,0.25757871129461923,1.3455246732193182
367,0.10194952160345874,-1.2952149439587421,1.3002544828874643,0.6538788452850374,1.1997520290223873,1.0460644839909092,0.1553060879849114,1.1942272766363247,0.22966355722720164,0.021621395295789582,2.5365059614222165,0.6320801120701329,0.41152371558531115,0.7469872961502858,5.727919210371177,0.35380634382014964,0.7520730254877716,1.489638871652259
368,0.1688260990098875,0.06448895842541448,1.3810204514639157,1.018456448838626,3.4144151059297974,1.3109206197981542,0.6651030958522354,0.258274462362458,0.42879931976370017,0.06613276732722202,0.6356796630909848,9.199692920069328,0.8600150986211806,4.125323469855946,3.7982450407970574,1.2109840395629734,0.0774670656506536,0.45574273279481936
369,0.1516347181632871,-1.6333734065017993,1.5954776840164036,0.24959815596792956,0.36229340933633025,0.7652262035522877,0.4265955064813333,0.32910750825834606,0.38710091121827395,0.09469210600134545,2.474840331597677,2.4630581781750562,0.07693086652309557,0.05866146394029149,3.2587438757327853,2.127173857501866,0.02321858374118612,0.8781922708170476
370,0.20003866930647157,0.027788579325827133,1.4737875209333184,0.4100751625034477,2.3177604796597047,1.403013093626098,0.3999635061389957,0.7442301707882127,0.1924639889185127,0.20049276176660477,2.2678396662454032,2.354882790844047,0.5830541037886842,0.49349124691498547,1.5396260223790097,0.26095973197760086,0.0841111836287841,0.8528991288332817
371,0.12328000432711236,1.0536126965644284,2.781876561572233,0.9756057022165845,1.8394863320071067,4.482803852904342,0.44102159369127125,0.2627955779365894,0.33705196170600715,0.09970500357646593,0.0027198435206536864,3.4983859708347325,0.7634448428925761,1.3729523293628565,0.8524814680230021,0.4394522073867795,0.11264978695729524,0.5264271659186874
372,0.1277022319645797,0.04155108385728384,2.7823450510651777,0.3200520429269076,2.4031401509244503,1.5042465404268681,0.627168515259908,0.26507675372385736,0.3365702239766257,0.03979452972395342,2.143034999049295,4.927764483173786,0.7896119140430271,0.6519970952251303,5.039509565644237,2.809481181952712,0.07978469442735718,1.1300204490443562
373,0.12147463610236311,0.6250939481264981,3.890622865440568,4.376180726114131,2.343902047222361,0.9436126052270322,0.11694756095112703,0.35782333117262244,0.05924070059184914,0.2382623417561537,2.392591890272155,1.8438989849810572,0.2026220305854956,0.25205321069305864,1.5267907861970185,0.7529672330579401,0.19467419888733462,0.49779341809267486
374,0.35256989909188163,0.9438129378060959,0.848897151477358,0.07543801505644702,0.6236290362820153,1.6193852885178015,0.1598469602157511,0.6637099385752556,0.17810686782305066,0.03870144605235188,1.241918601071104,1.904835904582754,0.19456146477925826,0.18877477531280545,1.5705944991307992,3.3139078859999342,0.6773281895449383,1.3979976996069823
375,0.16854484351301985,2.5557076188116414,3.506238333730525,2.2032019655156025,0.7829829316079141,2.3682223395503947,0.5610494611658347,0.292469286561483,0.29044614324451046,0.020545296254543658,-0.42322529025856026,1.891711498216576,0.6855296552690617,3.465867325436914,1.0780348932822874,0.8688766338800415,0.6394005494570651,0.1537213642832848
376,0.2396313076990558,0.2350730812529168,0.6168250346082363,0.719013110367076,0.8357580091031577,0.8349999927610592,0.35011784482636593,0.5848013752469283,0.1283376986418189,0.09329514978662651,-0.300589110646865,1.0054279625193567,0.06658560771053398,0.15104535101951477,6.436221386664025,1.7722687242595005,0.4914857461721348,0.5366668301584959
377,0.09685652089662618,1.3165148763168284,1.9929184762681933,1.1739797837814332,1.190710246874861,4.727430649828439,0.7974589450718391,0.31295859994370645,0.2453642779448582,0.04629422159506565,1.9310489077381991,4.494703226576195,0.4387841817283437,0.6766344168703966,2.4142736130771993,0.05486355320868863,0.22785993954007366,1.8495617710122592
378,0.15547432639254022,-0.08336858160748466,2.144505565098129,2.418557049188454,0.9311466270614356,1.0474811448932622,0.2958388606181047,0.6284024092086536,0.2780091806802797,0.03001284154516862,0.5267726274565788,0.9708675504716123,0.5216839673121537,4.55839238899366,9.573814818556926,0.36415524395577537,0.10710876055454689,0.3903074807657668
379,0.07176695224845503,-0.22441783157162312,5.979441286212862,1.6051437882499917,4.737787226004549,5.222607278682705,0.5062062287882079,0.36172013771615713,0.19277760407080963,0.05085796334632647,0.9340614153041767,0.6709052397342874,0.9591193535945811,2.729057666384589,8.098995092716484,1.858787806441235,0.4066278693802212,0.3105133942644466
380,0.11397265731727707,0.06585225661968672,2.6949745687901716,0.7365792410504861,0.7946439209886725,0.6363979427276737,1.7112701171236373,0.6282171171476041,0.09816061899547306,0.04661522018250741,1.4372655771576524,3.3775049853647667,1.5070043131012814,0.5233651182676323,2.468396005471962,8.793552001937895,0.02529867460466223,0.4349907097876869
381,0.06629109225681254,-1.6994803563807166,3.3403228265031077,2.1024948997760706,3.2291813391135036,1.0907745883034905,0.48934474715287196,0.21122357225088725,0.43158724469112314,0.18560792944369958,0.7991205318276655,1.2794324266104862,0.16224782709375843,0.6204233234581364,0.46889903129980487,0.8982961149552491,0.472892464272628,0.2562648292079142
382,0.1538605072001747,0.19920471872600404,2.1320225362810548,0.668312453990695,0.5186162810976416,2.2738589537743534,0.25597680954219054,0.46774969419483187,0.227605527163317,0.011453196960064064,-1.4317923786900053,4.152581854106581,0.2448162620320705,0.4105151738427749,11.519189812918919,1.080204659356489,0.12947734985951934,0.4960944498399072
383,0.11565441260247693,-1.072455493471135,1.9849126670067916,0.84363058055389,1.1269302324376782,1.671368175959207,0.2521041083277464,0.39818599378133124,0.04608137521769439,0.08119564717828825,0.5201741590282789,2.521035323304725,1.1227307119238636,2.0136424130541184,2.4422733244339057,0.9463872085334281,0.3496395740251166,0.1851462306896472
384,0.13823864035555247,0.4201477767068277,1.0143346590782636,0.5883296478214125,1.4962382710362971,2.360543157117905,0.541032258427966,0.44388401326971816,0.28799012010315095,0.06184266292692143,1.2985119231695001,3.3082381626250705,0.5592887416427289,0.6513871921721296,17.553988293824837,2.558171279119528,0.4040513607588954,0.3606924654179711
385,0.1472900169507014,0.13223218469103742,2.279827448674776,0.9109945326239539,0.8401041921445095,1.554421314623935,0.8551252075787245,0.6369196553481713,0.12458721152050987,0.08708628395936592,1.2299560846609134,4.620158404350661,0.17789113248271646,1.9067152611992861,2.0007919374318117,2.5461108639837637,0.09284067947370528,0.301338081589736
386,0.14839136112754003,-0.24764631405031134,1.199491956174587,0.7030017307860971,1.8792250614561725,2.3938407220725155,0.5944361840919902,0.18568817524931044,0.4807529549690288,0.17557237828565067,3.2292045619544334,5.684170441109368,2.05015115197462,0.3817000283083387,5.713946846251697,1.4007957117948873,0.10802830142361985,0.12192581239786172
387,0.1732654850167181,-0.37954062307807734,1.7442688262496242,0.47210609705736084,0.8119274975414774,0.41968640876027885,0.0888253831409653,0.4830219118094665,0.5484253402162593,0.0965428291782305,0.181223741617079,2.066866228023079,0.8407947987899583,0.7751696996433932,2.8473928786532965,2.911746622625879,0.19466020165643538,0.4159061371163449
388,0.15681094578943658,-0.3514431602695237,1.6686055514739597,1.54977376916487,1.6572817830145257,0.8508559957512035,0.659260313572393,0.6375023542765179,0.22906369866774473,0.12550268218979813,0.6897618874091015,2.6386678911807975,1.3893800136416357,0.14577965061896558,1.442306553641903,1.3176131526552886,0.24920449785850948,0.2565115463351046
389,0.14496280122935587,-0.822414284767149,1.3892061981376769,0.20913882213938498,2.461055427002556,2.4556511883477925,0.20003504829740454,0.7283014481367219,0.4244638944071298,0.12092930144508099,0.7578783079841416,0.8167697882283844,0.14723048158427288,1.2102424064271926,5.132297402643727,0.33950672821792127,0.13410127686971937,0.93031407580319
390,0.18723014354544487,-0.9753371897071828,0.9317553410488938,0.43774187270043097,0.3134874534058845,1.8770183819086539,0.0533562467725204,0.4950856563920534,0.2896196539260059,0.05345243499155143,1.9301561219394328,1.9291885631662413,3.051956116895212,0.4650356445568182,1.6668200075759256,0.5795710930847026,0.2246163118145998,0.679556941944466
391,0.09973965265861333,-0.4472408446105513,2.170797854481697,1.0856182107865817,0.6420096566686536,1.0599398920742975,0.0647912899752201,0.42701318354746787,0.09621642598940175,0.07176555812671735,3.227884595686414,3.22019094077722,0.2296499553541165,2.5579682058405497,3.3593791059405484,0.36208336740089053,0.1799911229485518,0.4367101924004399
392,0.09518571386349127,-0.06421442903558451,4.071061543404904,1.3310294312088267,1.397731553977796,1.9876521845375694,0.32666393845149017,0.5425922836386593,0.22860807652946138,0.025713979453677663,2.5209825645182256,8.14574599904128,1.4234793625597488,2.3814108991032064,2.5088837507905506,21.02782221787506,0.006262680656443339,0.35328242490540734
393,0.30491539715156524,0.17241188839564903,1.1266584413239698,0.6050922857334968,0.31536557785711256,0.8286593166226864,0.4105157662832538,0.3012574508911689,0.3194064579347637,0.09104396430325046,2.1055829624389166,0.5474131122763908,0.8430408918930757,0.288896611914118,2.295413367799197,0.4248481032209053,0.29526036315738546,0.6479937304228995
394,0.15888290246122969,-0.9888287486773272,1.630766512390397,1.4698925943219188,0.7519692348673502,0.9279267193616222,0.48237475324871787,0.4532462405364149,0.22043571871549067,0.17646914435740393,0.862167903540013,1.8130528270925992,0.43155550418309074,0.05145516034086388,0.6585365557100994,0.2306061412271614,0.3038147510517707,0.5059096026565529
395,0.1483792890026786,-0.43288267174139333,1.2726643696742792,2.066469197344794,0.3327506464673323,1.2345086700703232,0.12413797475817284,0.35669181353740026,0.5493880012711682,0.03963164829437504,0.0853141218381897,1.3389813859267294,0.2192567662799037,1.2906134303525583,4.852127078681599,0.8159161072121761,0.01847588512832635,0.9895220431332397
396,0.09221597969183808,-1.6659908038164373,2.0451234608785707,0.5544691353546268,4.394084815187059,2.031893440985741,0.34841413689226836,0.6594259876860975,0.08842938698488756,0.030591327125550058,1.1697125513836282,6.687040971204303,1.7884449900220425,1.3808726902235398,3.07695490915322,5.049163820409934,0.04084917699148464,0.8993250790640213
397,0.1639697621289076,-0.46979168213650774,1.262302345115881,0.29014330516250564,0.7827724971311193,2.697148783315041,0.4169964342798324,0.2557421403057499,0.23026352398959685,0.07548608541224854,-0.6276700642182929,1.4851674217616522,0.3202357176141401,0.21035347385896985,1.728724311906195,0.13640042370281216,0.2564729974348867,0.5385955961499426
398,0.14049187725344756,-1.565430402692881,1.2307550690545084,1.07244994404739,2.0821818192299486,2.0328322662832483,0.25974898945104224,0.4162314913541601,0.07954608001951907,0.07177355601900287,0.4118260326543981,0.26494904221756777,0.3540749804027079,0.35562689791357527,5.005422714339293,0.4943116694920679,0.6852905954067614,1.0817794612247729
399,0.1697097869525107,-1.0486905074998278,1.7603746707760946,0.9427850849880182,1.0470949423631981,1.1579200253914919,0.8896809727348198,0.8054161826557574,0.13888690306616303,0.08086850213385172,-0.28108484379468013,0.6927530626564887,0.43862685804037077,0.3445926826347174,1.9946313742719568,0.2970495907065402,0.057730493886560104,0.45409723288852394
400,0.15334339103768788,-0.5217608093241801,1.3356816071139739,0.23943586186380383,0.9756396004867064,2.3406709039811266,0.21879063427465503,0.6596929977582691,0.6136502000678997,0.03496325786431657,1.5842910988535768,0.4486756757085214,0.33561882778415614,6.872968710471184,4.364721467001791,1.6361337495440538,0.11211147085339906,1.7773656443658834
401,0.05941768381249489,0.5323949159377034,4.108137463474578,2.239599814908435,0.27197327859273757,2.8591692283412162,0.6498435267385382,0.1368582958814172,0.5758988003446579,0.11053000701998388,0.34292810907036414,2.8876397372049114,1.072925338448244,0.7878529314259014,0.7191255563858574,0.6816533539599355,0.17363856958032128,0.315284001829399
402,0.15933726329370326,0.21250938305224085,1.2391683633554433,1.520213733584674,1.5191417243114438,1.8703573479643463,0.6315495931758963,0.7588350209008845,0.22483754353729868,0.05910402035069814,1.1257614309982709,7.346757264867532,1.3807070787373648,0.6927136885695803,1.6288919736270544,3.474619837039412,0.17189790837149838,0.13951705294721628
403,0.12222571144705156,-0.8362709802209195,2.4435725588652706,0.8845418961797807,0.6704405587085349,0.5921903920687275,0.1058578686603146,0.3671390014642973,0.31625407853305476,0.05145136975625332,1.080776381384906,1.5779043005300395,2.016087626868551,0.5730510918190932,3.5603567320286884,0.06330799903610822,0.1435428910031256,0.8749346542040662
404,0.19410707437388158,0.6977281349189294,1.286681412522674,0.9399598937627075,0.8042064581814184,0.8584357390995405,0.6510494502300203,0.4374430701976597,0.09813965214313113,0.08591008669119216,-0.2903096257496821,1.5557284578806998,0.6353644384688976,0.5493339428970002,1.8436716297322833,3.305535063252993,0.06936666285203599,0.6252229580722164
405,0.14851461262836957,-0.1976025543262911,0.6933869907226305,0.565011355914184,0.8239750902291207,1.1608940129354433,0.24358382369938414,0.3875730689851546,0.30690364133166603,0.07314048797933294,0.5742020887457748,1.0152607847585797,0.4949303474907653,1.8515165891861627,0.9186303841343149,0.39799780877283103,0.5835742463017527,0.8810100139016711
406,0.18994470731077442,-0.17031652897359956,1.217610157806392,1.4634079101755453,1.6151741101367676,1.4665776046258863,0.22976292943749632,0.707454585068213,0.030182790995005516,0.039722587584452726,1.698140231120532,8.492607336511481,0.044049026056178546,4.30011328730505,12.036606205960144,0.08514396148549179,0.08431212223156845,0.33073311295626723
407,0.11893162513396545,-0.14889716412693987,2.356593670583974,1.185204084266043,4.507368643031169,1.3512468639570583,0.7238741641257,0.2902084111160942,0.18421078861097592,0.041750358995441696,2.8356851107415983,3.8945445527933282,3.2770454168089134,1.6451412978598245,3.5033548287185052,2.9709358662466756,0.13763823296271185,0.3621720084301049
408,0.15181486962925805,0.4160879817331039,1.6858908518509341,1.647169166231665,1.3301148932793139,1.5811223475978569,0.04887523732013282,0.765722903429542,0.0728703851849541,0.14499356575216996,0.6373868451376379,2.317878730384006,1.5457505917178382,0.18879386572064907,1.275089306443767,1.1219416361058043,0.2985738178967313,1.170123969064583
409,0.14488928079913738,-1.5504008374110045,0.8568324804700037,0.37848924066243816,0.5729834145493986,2.6906352104105395,0.15075083513700555,0.3360482925364004,0.18248912429502495,0.06114114108838418,1.5062321991528893,0.13428724059234898,0.3389089527905761,1.0834991038468762,4.751401945055607,0.7433447253915603,0.39329401734437497,3.026446809184939
410,0.10780085513315811,-0.0367528288033698,1.629440649388671,0.8600570188664005,0.8594654261411626,2.5166620140217715,0.3592607602994297,0.5910586511547028,0.13350028767812347,0.09323236173776288,0.37290250526812585,1.891481258263571,0.6385579586813321,0.5352349955924689,6.164191555244476,2.364826574438003,0.0890404081802422,1.0427917480904696
411,0.11788407101437613,0.1012361806435708,2.0738974340218244,2.2468765674160576,0.8890211859905336,1.4241327461708138,0.32265638070837904,0.5216163233233252,0.3298784206987053,0.06792225681732601,-0.4920177143713313,2.2482572688317393,0.7264869984347636,0.3454051715294577,1.3468293051630456,0.8588215623160563,0.09367482896669876,1.219715920503945
412,0.07775427107664591,-0.8148114924397662,1.5023714794102072,0.7668589729505034,0.4118298843708467,0.954367480108856,0.6538097908825619,0.6560424664137571,0.06150682210967258,0.15757624604813816,-0.1398613286879118,1.8405618213317587,0.24279196200170466,1.0120635823650297,1.1977712313486468,0.17754025909348511,0.33214220673893535,0.11161669560653333
413,0.10805610774110777,-0.9163295693365596,2.3765199080353243,0.41963353053192604,1.5561164884128842,2.1898889450147343,0.17064305819417988,0.6596688718314154,0.41257368207262707,0.029862288596533615,2.4561385402666422,0.30288651422026097,1.8436925052115598,0.2981219839811618,5.623901045213285,6.902743649986933,0.11213510325775627,2.236098090779725
414,0.14807810253417514,-1.3027000937086215,0.6399902409815509,1.2491942638622244,4.23191541004876,0.12284347573954116,0.6111097916408756,0.5998644795723943,0.42150887199047227,0.0747486021809188,2.5431722452209806,3.1334617333877586,0.2286179188902541,1.9001605527796221,5.029069107841493,0.9270476245037891,0.39769649039146343,0.9016020839620073
415,0.09899087389297927,-1.6473546786295807,1.86428744272325,1.1158458442370989,3.681253935724309,1.7552843751823008,0.37266858379888507,0.32918950189808305,0.09620230196632228,0.05934063341359836,0.8294073901935739,3.2376590342783063,0.62720227542075,0.5441137382403091,1.4173776932869346,0.9006222425649517,0.49589074679728706,0.21136461727442352
416,0.10922402311717958,-0.5031781418727937,1.7393278214048746,0.1773457142591003,2.250015923818717,2.065648271873648,0.07054410537494031,0.7128490939669525,0.32302531201274765,0.08143973193924356,1.5672552553715748,3.3006361910228503,0.6833379142866178,1.6669829093582593,2.8087997203086608,2.0792286962564,0.017792622879114133,1.2038618707968254
417,0.1727236881815979,-0.6886073207859951,0.829631268122715,1.4669648667371185,1.375786637874907,1.0039164314448417,0.5063959729049555,0.7317240524024895,0.07913185294463194,0.061297996103031424,0.4364285321688728,1.7397185294131285,0.2251001152315476,4.2975316987564405,8.464112116215704,3.2153286160328687,3.7510945518863883,0.8255881289552226
418,0.20169653181712144,0.24625093372208404,2.3752218569514496,1.068851045548897,0.8409493750598531,0.8134147569147864,0.17160247226135697,0.5925209047424012,0.36073262884826185,0.09776264288553563,0.6600690961035701,1.1918941946225847,1.0475466318036752,0.3199693163008014,3.362875910309379,2.3527045721226933,0.21287573980514735,0.06719122679743782
419,0.15120902672762682,0.683629990668812,2.5565212653428304,1.3415559169629958,0.3997157903103048,1.6515087158365696,0.13861401947672816,0.5100939340001939,0.17476292981715083,0.18233078066644445,0.7463957530871533,2.8733723021034496,0.6009704985480246,1.1972880783784765,5.759163216941377,0.12811878541990088,0.1860685000822763,0.29153259499194634
420,0.11520062510118388,-1.3671784198949493,3.3616386551240023,1.7943089565334467,3.765959740973332,2.0810310560426726,0.2910874890342409,0.20057047348359358,0.3273093073206345,0.07537033067827016,0.9769397937734665,4.957090743430292,0.9065446974712277,3.0426741950167804,2.0899974868967996,1.7821818541122432,0.3498608101949935,0.20219363963541548
421,0.11297019799467385,-0.17313531328622783,1.8359513462453547,0.5326739306535219,3.1642705781992575,1.1347510527766989,0.2350032033196858,0.4078442847160592,0.20805854537565005,0.11216361809582566,1.0113679199095895,2.491680369516336,0.04913117928278931,3.3065096947196824,2.631612409057038,0.07323024045776796,0.6488620724284768,0.6744923642808794
422,0.1822017777253936,-0.18529546646110204,1.5704822525917952,0.4191574589737926,0.513899510208778,0.6643121996605552,0.3149852132704793,1.4585923590433771,0.690940231879977,0.025347328508430824,1.1515189052631474,5.880991505995273,0.12014364785847395,3.151674250923274,7.0978442457608315,0.6604133382065346,0.019818934864551586,0.6144939979832577
423,0.20054443103606354,-0.20240850549687453,0.9821938160839836,0.6284711130188986,0.5520378979437819,1.4246761259521923,0.37465720856544465,0.44176285709357965,0.25697041703438045,0.07397719690634809,1.1662441191159483,0.682513461402678,0.10214948271584305,0.49754221215487693,26.831768667453478,0.6733714838822109,0.25417779219392633,0.1864539709028906
424,0.1359584879702312,-0.00325719408820053,1.2223201097312408,3.1122431375953523,1.0794259890274978,2.148407549204338,0.25369741991141,1.4767103498184637,0.5490682937604081,0.04181919339419335,0.3983689390825063,2.3469840573588283,0.795605516594838,8.627026725636396,5.58686403224104,0.9150834337704666,0.07697490408309515,0.5113922808689092
425,0.10497876985584677,-0.6509631183637127,3.1692265416666356,0.4879661014154865,1.465631516411195,1.3776830466098533,0.13817754245554575,0.8099524022257758,0.24695699214567007,0.11772746146853394,1.1928711909617622,3.462677961550339,1.398045687854254,2.296446323807738,0.645627312225459,1.6720321323949356,0.2680389734179607,0.510233406947925
426,0.11379912023684866,-0.111689898683319,3.751828705209189,0.7801727672893577,3.4177028650905634,2.5939420596347738,0.5911618398811853,0.3530444515665887,0.12361968155922128,0.04826486469046508,1.5421641265808845,2.5617596651602894,0.5884558347500152,6.2198760673182685,1.2314312942529217,3.2901098166975333,0.2679365283024579,0.1938000325532742
427,0.1937632170793479,-0.10681387313360434,1.9247367163195646,0.7769827358637001,1.0967210637202702,1.91097393805383,0.5086827432296326,0.656180816977655,0.15889737703286563,0.04009499594713263,1.29956365831213,6.708328344524953,0.9626139598460971,1.3034081595763918,10.442829379471243,1.017419908967537,0.013511738135946604,1.594313248584358
428,0.1276762610587268,-0.478118376359565,1.995500824855828,1.168949221788358,0.11620774567732749,1.4065254488636016,0.4024752332586003,0.4247739567371788,0.2063258906703612,0.029726280730706565,1.2689666668632662,8.880272227463912,1.1433040681960844,0.9156462381676246,2.7005060426510723,0.07242011416720415,0.1370934883009337,0.5172992665022509
429,0.08497119750498107,-1.4456480933920186,3.502510212030756,1.4542048803190217,2.373867715354913,0.6880727751968221,0.5361409794035598,0.4499590594726499,0.13514621535215987,0.1669135978801902,0.5790189184012025,4.37839995246446,0.3112527932105836,0.7550844038864262,1.4956087434005947,0.4078876814615246,0.26190670021563783,0.4230827011315384
430,0.08323219984564334,-2.234353921459834,6.639884706922081,1.7808102121502265,2.484038225108804,1.6019649300932335,0.18273045699960092,0.38015122044636823,0.11331377150018335,0.25508329072754493,1.3433045178353908,1.8134077192872862,0.23909493562735698,1.338127403483996,1.1840002040963893,0.23949724323275892,0.13908830821764218,0.21019484629914967
431,0.1371803473463338,0.7708079411271023,1.3992801428070196,0.2445318756980786,1.129056916571307,3.5508172851773643,0.38891939512667956,0.9450713151671387,0.24834301335446946,0.04687422263289702,1.4965011437306004,8.963677215275766,0.17401625769442203,1.9840715284712238,11.797204465862466,0.5455565056719371,0.12421703579681195,0.7419703134448661
432,0.1520521680766157,-0.10676489737290697,1.1027330512766171,0.9241186654985512,0.6219740982020667,2.8348866187313035,0.47083718320534823,0.34543191470051965,0.11728608762668831,0.057102775181867974,1.9323248514197686,4.443574986738619,2.1187578407612198,0.4037745345807594,7.18556400807937,0.2528447851476678,0.08889925316231738,0.3528678580113319
433,0.13541030217621053,-1.1408148986652111,2.015859040465521,0.34258233111672015,0.9860327381839926,0.39884269274895334,0.2947830253424125,0.39658212657914704,0.15918855738090182,0.06040647545048116,2.1861942799945817,2.5185557421852423,0.23583596859604714,0.4173692828959982,1.0343935313786112,0.12013871376515957,0.10788087810857137,1.0587046118300274
434,0.14366601751805122,0.7739198095487473,1.149110141549591,2.104479988649782,2.0557254125156375,3.4450379740220964,0.2045260560146689,0.32590150531661416,0.19965423467572282,0.04912285063562397,1.8202634230267027,5.032880871167186,0.45636192627792627,1.1319358256696403,1.8703091494943644,1.0588259033702865,0.05180986184610894,0.3724010399094959
435,0.10379908328555533,-0.2679029435176073,2.1371513122352512,0.8079271954341167,1.11082098385111,4.820663707542492,0.25822839787416285,0.21859587949831555,0.697899571686846,0.053709905483783654,1.6553298298237697,1.1351963758822676,1.4827874905551484,1.828381919933385,4.594602364202587,0.7511510351364122,0.09795001308895596,0.1556123012396823
436,0.08938784706614161,-0.5844874167884601,3.625786193184139,0.17473583195116893,1.7396305072781932,1.5472500087831795,0.4938758518484322,0.15259982022062105,0.4369126608801242,0.1369778226267902,1.5532648757423702,1.4571566161323046,0.3199333949031561,0.512343970645107,3.147132968994663,1.9195318394110117,0.5245224547835686,0.2235249536373926
437,0.15535042429696114,-0.038402339980044484,1.8397412224413676,0.9843297106512375,0.7706347020333785,1.215774081541152,0.10044489531949667,0.28957340375065566,0.28569685378969073,0.034867184467463674,0.5514478094544704,5.2810177143424415,0.4975944632732028,0.5654235795217577,10.71466601561363,0.6830607731645925,0.472810091926271,0.1752128174300153
438,0.10843606829778464,0.26855455885438273,1.7817363758050713,1.0352743582191641,0.9397058882847137,1.0206972480761451,0.9852776793848079,0.43865253275366844,0.1594276956314413,0.09192228330202121,0.24352529502008982,0.5596176497132448,0.26765346063065903,0.41658996316515334,0.3902225552639144,1.133353952670322,0.20019486037991766,0.09552147536427003
439,0.10607877215493515,0.36159952541339757,2.4553177955424292,0.9248304749352089,0.2788019267018667,1.0122153560055696,0.16439322776985418,1.226371862783319,0.2482820821927877,0.03241933470789354,1.3196589326588715,1.7193297649504717,2.466907682923623,0.5214457102196912,9.91487568487245,0.17442180695757062,1.2586821663024221,0.78622029832891
440,0.19480585790189428,0.6784342780821326,1.4366236950844613,0.2460680008038096,0.969734806782875,0.8841614993646224,0.8124020376274041,0.591461009382672,0.18755258435138364,0.03051857684167051,0.6053950727683807,3.6425132182401723,1.5626044569413016,0.7937086163562744,6.694508451187682,1.0384094527848187,0.4012085510002818,2.780576545978422
441,0.1637500124417947,0.28139994300209975,1.222235745516077,1.0266492061930355,0.42929622888926583,1.7090445962305274,0.20385474945421517,1.25298710534646,0.2539485062446459,0.07491503200741437,1.9108511522208673,2.208378848327702,1.141507491638648,0.5604375188744065,2.7405130625471426,1.844827776159593,0.20821324972725339,1.5764967551212576
442,0.15934376383670973,0.2628335143750136,1.8675849816812153,0.9658826086139014,0.8210440015591257,2.560471518599199,0.19148040978809844,0.39792880201414244,0.47420611928208467,0.026662669484599427,2.1449055810225977,11.361564497992031,0.08511449948504388,2.608289494824365,3.8466126090606756,2.0787545808932317,0.13212689267721298,1.9226476638194503
443,0.19541879349998598,0.08281584216940435,1.1617999323012351,0.41252698207050464,0.8092760519622105,3.2260763685865865,1.3567220957765271,0.33558390134177274,0.03814697618902803,0.030650438412379504,1.4642279141153025,6.233018510221184,1.017905829496941,0.3048928589814039,2.398679225071163,0.6155730779163654,0.11071782039513506,0.7511911242146303
444,0.15504410764209656,-0.03323140789851302,2.329931932226227,0.9240048159725373,1.2932518361104424,1.4096593974910498,0.22072156453103542,0.5688787223129056,0.5240647048428495,0.2475003256543117,0.614612454635589,1.972789268308878,0.10530170695735172,0.3949202609792499,1.4269149595703328,0.6349017115118142,0.09941569453126052,0.17368010797549122
445,0.1194501865027878,-0.4098519888105223,1.9105578295391135,1.3988207995275392,1.4909393278886762,1.1062519505711876,0.6921795009718963,0.3415871219508491,0.19353889176173042,0.05424293262031854,1.5324467155354187,3.0668978311277337,0.8472664427257469,1.0581111243163364,1.2704111596982448,0.7210446330900877,0.10446913850503241,0.5448785188851082
446,0.17034716697390506,0.6392110574268931,1.5319930155434058,1.5225094503351595,0.802023986560123,1.6333064285824468,0.10256545503532187,0.6063835387885995,0.3133995333324591,0.09796529465170699,1.0287857156730122,2.0772927037996953,0.6927892083264386,5.100780814949773,3.4151528259923714,1.358129903639676,0.16618250972574294,0.22436580963536934
447,0.07962876177168439,-0.7482405507526507,2.4823000131783703,0.9331765792063088,2.865887563543941,0.6970152391791289,1.2611315843105946,0.5796110425375057,0.05507414317409048,0.04283131287584743,-1.158346114632122,4.68209537288927,2.260397509811118,0.37164635892498826,0.8472159102963175,0.06317988902221039,0.33929636422112364,1.0809545249521195
448,0.12237252941835812,1.3953528273839761,2.6005594563792696,1.223611002597168,0.4329487888650932,0.8648484519504658,0.27371891292016987,0.3539066261019268,0.24113622485455252,0.041664051610017454,1.66520643966002,0.7767417595625263,0.23278647769289101,0.6256262944094869,1.1347263088779262,3.1093895813668615,0.24103743203719255,1.5595221513494821
449,0.12450311732842882,-0.9000283974335697,2.0907243025387263,0.3790934004793062,0.6165086082424424,1.6461499008071814,0.6000911392229271,0.6067311522458844,0.30681895825744604,0.11542957380880484,1.0029379569750798,2.335616329264552,0.7193707211831954,0.18254740069809872,0.43246369622825365,2.435372776917612,0.28602036162563904,0.3503195331620163
450,0.19163497114206668,0.4136598626397488,1.7370623674478718,1.0858152287747682,0.19715095849442432,1.1406005147285014,0.938278226996322,0.2610526071606428,0.16760871921934173,0.059935962971253774,1.5251238073618627,3.88023031322416,1.6541035397380492,1.783520671770053,6.924867250969989,0.10993562298145408,0.34859298835624214,0.7100802898035607
451,0.11477646532315218,-1.199643417842275,3.261293325743177,0.5249599314334402,0.5396009020161461,2.6381311454459655,0.5099332389202611,0.30390279401329806,0.19946995638643114,0.17117476586753416,0.9128529278043973,1.4802423440298111,0.364846569611662,0.5193222547494585,4.053550198453795,1.3911476022932798,0.12421587004032955,1.2659248716846336
452,0.15888132427364607,0.7788274311685534,2.054387482457653,1.2350918799294206,0.5891235359186524,1.494009949542342,1.012886497086022,0.39106602851419636,0.03200161017942092,0.03960695653286306,2.7507667622419585,2.4264744040010635,0.4362886143476504,0.3339967476512894,4.979578337136067,0.7735964206239831,0.2352352257794381,3.6437132671349217
453,0.11841147828073433,-0.3958968528926546,2.0976023564446966,1.5985669426965619,1.2264171107944246,1.2534244422703853,0.6663252278342124,0.24515713038463413,0.3039687192533914,0.038666767209798864,1.8227475220862919,6.0513616334315055,1.5704277904660482,0.7010535282607058,3.2903131710351197,0.21480986406612979,0.8724232507194126,0.8257989814407539
454,0.09445568556774633,-0.3022327070749669,1.8971886829937616,0.7015637828064777,1.6201105564499436,1.4116073101658282,0.26179685461986574,0.2381849156519687,0.09335250583245369,0.06520654220924632,2.877149197000547,0.39023318184125616,0.12461498655239493,0.6370092806800917,0.311400965321055,1.1315565002776586,0.499420323173284,0.629332674281407
455,0.12908087284009262,1.242800926239998,2.1022788751289627,2.844709876353297,1.4900286145830426,2.4130175482638507,0.46806091616701045,0.3322891732135093,0.08884666244232234,0.15941022381666192,1.6441072845545557,1.0617617946876292,2.083212340773734,4.433602715279639,0.2316844232406288,2.947423788514433,0.34875651759118514,0.056625731376241675
456,0.12068218691424003,-0.12661042974254466,2.6148974192622467,0.4775803270066226,1.9492788535901922,1.3797817188927415,0.33905425592697136,0.8357245570530073,0.1389594445311605,0.027334449076969754,1.9032989968767473,0.9911869017902907,0.8477865533062683,0.11350572622080252,6.3631672762436855,1.2351894856611243,0.49777500638979627,0.3364316457834735
457,0.11610326006365579,-1.6555621597319088,4.761616384150445,1.4408817250723094,2.044271192075287,0.4506472123180383,0.341100044761895,0.11668681422081738,0.14057602357677498,0.10425506187059294,-0.15612259946629847,1.2882518734306445,0.954186751314069,0.6733607366682521,3.3576562848467795,1.1339439313020876,0.045716848417920314,0.32152572393577
458,0.08370139968339145,-0.07413799530846195,2.825083037006769,3.3259147715434985,2.3910257951327676,2.920753468640504,0.14243679316717017,0.44519349554589693,0.12244823592359323,0.043848210167385285,1.635015380909171,4.884231667360091,0.16600383922202333,0.19100508731267524,2.7747982767137382,0.19732591162217045,0.5743271717792509,0.3261540060937353
459,0.1426745155659118,-0.064179373325462,1.2376373282523492,1.348610622618776,0.5829539487358013,1.4483462447506434,0.214446800024399,0.7579088669086433,0.13414371621252846,0.17343859896454097,2.2604963926700115,1.6028506653225596,0.28304314011318477,0.712799855816486,0.7030885864345763,0.7190274381119585,0.1145640437638381,0.10320208945242663
460,0.1508307181677782,-1.020636812471368,1.2769013987974873,1.193580841809971,0.26210705975993875,0.6078512467335059,0.5926654258084739,0.9013993162424987,0.20451682675575264,0.07295650883537602,1.7761891504323635,1.3327972556803334,1.8538128328088899,0.6487980054747587,1.9490159628974288,1.2784532874378445,0.5531785750570162,0.16301072061946506
461,0.18101419777111644,0.2346031036007248,0.8005053477651223,0.7257248837057302,0.8113875578696067,1.0525927757461497,0.4424991309690183,0.750667563493997,0.1547551029538574,0.03566032755762642,1.15814592505369,1.4716811754770707,1.0418673975598307,0.054337209716766977,5.239701138769443,1.9979581487737683,0.9164228541153197,0.6561254193389466
462,0.13525388752914852,-1.1980356557049907,1.0370322381932842,0.9714925006058652,5.340019337950859,1.2838438062711282,0.13429868760556526,0.6516977569196559,0.08910872619710943,0.060629368845096995,1.1525689443002847,3.5534758554607095,0.8012662095832223,3.0237726408349084,2.2465671139575756,0.6467299033499205,0.09214289341567267,0.5773615420960823
463,0.14321902991723995,-0.25828238837225126,1.8386949205363659,0.495583436361983,0.40159814657206455,0.8116027718609069,0.4715222128065427,0.8357288111034732,0.18042273008698406,0.0672654176846987,0.7972864803144676,1.387694368855561,0.6314493444446068,0.2707658797490156,4.806743763535974,0.32850625659657334,0.17729758787401714,0.26478264402930785
464,0.1852682303795334,0.9480628870417437,2.1448855360798764,0.693373817049147,0.7781882915930258,1.4299715045706782,0.7299288250194919,0.3108492560211728,0.14517652096617198,0.042624086488132186,1.5982315865316155,2.9182682189545748,1.6288067599185212,3.962601344993867,1.2039437617469462,5.568757643923706,0.07590163803665931,0.3885776845516692
465,0.09503008356721819,-0.7004478535979094,2.6955395499541113,2.0740275453478834,0.6002802527077139,2.847172520746282,0.38484616742054095,0.5591655900696282,0.35113686612788775,0.02059203415984927,2.4846650161437593,4.480582725831698,0.20499153771528672,2.265296038152691,4.27189322395299,0.04047468270992288,0.4962805243290511,1.3295503346729367
466,0.12243149707991616,-0.6817644343169232,3.0146024132759983,3.8466705411195448,1.7187213335476756,1.4266904913119796,0.48362909655680286,0.3544178729222562,0.19465171414195762,0.06193753519456736,1.1861914972196774,5.8209129375414035,0.7851064025604777,1.1374809584434742,0.8162366395455636,2.9326423755065996,0.11469987963367663,0.22147881332242028
467,0.16230846404456872,-1.965600905165227,2.106664477209565,0.36748890289002184,1.2389428353331577,1.6453161327530372,0.24666195147297376,0.48068390849780723,0.1768871412262906,0.07826477102747292,1.9104793933522082,3.337551142679489,0.46901204159759013,1.9222471321870285,3.1150239902355383,0.4700481547262837,0.25879573266162353,0.24185879303751368
468,0.09794982189878873,0.25467578689677345,1.692855310748891,3.110406069586885,1.5751309224227976,1.6894271757976367,0.4130499659129245,0.621794453766193,0.20585359255341937,0.24942720825001233,2.1174535911000474,1.336851384419062,1.100366550940689,0.48393217679260647,3.540630384060495,0.49094835353262267,0.3019573435991689,1.1601408185008775
469,0.13750698633481645,-0.24730358003232572,1.9763490989707841,0.5495827744453812,2.437196524588393,1.7916527902084982,0.47174661912449295,0.6755520278173234,0.21422273875506737,0.05593005044456465,0.10817994943559861,5.752247832615797,1.2334413636209296,1.9575131113303077,7.673933842946796,0.32132053450329723,0.2839047833062494,0.07744177278759504
470,0.1898369469460249,1.974799120409607,0.7770509819570875,1.4792310933663217,0.8278949796958659,2.514654187090592,0.8298204266392978,0.8021964228949177,0.18578270569633334,0.13500318231125594,2.379514804756801,0.5653171225839825,2.8415779415741365,1.0322904406342712,3.0908500724782595,0.5538988729280451,0.39345192932737755,0.060945410788002474
471,0.1576147252257985,0.07878498371379945,1.4812182212408893,1.3555791723444701,1.0550718821056435,0.5982920782966803,0.723749528924361,0.7807181091083892,0.20525311410566366,0.07609262749858951,2.9487165688702195,0.6935072036506237,0.3760233532444082,0.5465537070546446,3.9454144471266783,0.7627226563007818,0.31059223907644373,0.1139265795450724
472,0.12642146695447226,-0.4839420395406706,3.2985417946207742,1.2541454776171435,0.8790107449417303,2.096045221185944,0.08927051130903825,0.3902906780159136,0.1557630424839078,0.09311866857714911,0.9233928980801596,4.017451916265259,0.13940514740759793,1.0009266396680272,8.604473128167692,2.387055144712223,0.2789653877518945,0.9348288960035933
473,0.19296537248648854,-0.5596025445982602,1.3309621061234598,0.8322876621229688,1.1243779279749855,1.2535071116777838,0.11924456331320371,0.38384450487043575,0.05736117562534726,0.07374719442734093,1.9910625160162327,4.356620136078946,0.14662111215272,0.3873812696862962,1.6977960212883056,0.7782081346585624,0.3172477064706644,0.30467668558686334
474,0.15951543639893032,-1.6277826282115244,1.0509499770318291,1.2487670136263262,1.106171079218339,1.8516266131109693,0.7404799315229471,0.4320918148171083,0.24303489560732278,0.2127349838960556,2.2414081655795375,2.274877638506796,0.7526061582940075,0.3107042558881379,0.5434898172899851,0.25985573564727366,0.09017392299391758,0.47514315607137586
475,0.1411429774475361,-0.7353726456077291,3.028948543718318,0.8152477827908745,0.6688718432769132,1.510260205299248,0.18096048806184678,0.27283266754189517,0.3824916410296422,0.0740249177564417,1.7464930316248024,6.33908771454197,0.21923455054402904,2.218371101937727,2.8084010538163695,0.8359999491718375,0.3937291477267903,1.7929881902190326
476,0.18295823401266237,0.6448375729837847,1.3118838866048976,2.320648083896184,0.9973026290640125,0.8820159872463064,0.1691013649021861,0.2187815615537215,0.24657591658863132,0.04926449607419933,1.2480417437973301,1.0019599361871017,1.9894398881666973,0.6537818772775021,0.8634107822753766,0.30604517620598876,0.07835863297437225,0.6795734075748832
477,0.14905303559118468,-0.935754403551836,0.8509295222929538,1.0558187571588367,1.1970634036324235,1.6332421881237669,0.1752550961148366,0.6562748171963597,0.3247485508685035,0.0978869445471741,1.04172695275812,8.472572202451099,1.1483230610397237,2.5603489908865256,3.506284272107826,0.7228435832095654,0.05674536551986814,0.8089096960710886
478,0.1407013606804407,-0.9074150474535697,1.1893464733880825,0.8207513896977905,0.3372935752082281,2.3349113645180606,0.42252391770322234,0.9842275468857097,0.41968961590497805,0.07769953508802163,1.5843135589376351,2.147818938959413,0.1409169711618613,0.26752024805746905,1.626035677215029,2.15652181767169,0.04847907539447611,0.6284330530508855
479,0.2276784071259528,-0.6641425244594441,1.0343969692623565,0.6339144335954496,0.6946589252136653,1.1178429780333556,0.06313256538159359,0.32758143376388194,0.3007859690265295,0.09497250960067369,2.477673656800338,1.5457841836325776,2.208978009921132,0.38248881250856853,1.3472237653479313,0.8868130776524794,0.2335267769249663,0.15968914919411542
480,0.17563542234143772,1.1473021785039712,1.5625164163623757,0.8699843008880644,0.24312393660606235,0.7209260122644098,0.3506205317334051,0.49790238133085624,0.38641982099475747,0.10188751463643665,0.9199281002002154,2.2264361616211636,0.44180019820960265,0.6650515246836112,4.98352741886075,0.20853223328919288,0.006184045635444352,0.4398833453324874
481,0.12500215093738246,-0.2739909617198481,1.9719817461167692,0.8938508876778536,1.2979662115248523,1.4340229581186923,0.4092520491223728,0.5403059954471541,0.29564466849724136,0.02258999898839839,1.1657490500783645,6.920053578795039,0.21529765333857923,1.518583932191447,1.54150252323914,5.724924630530653,0.024011259296065554,1.2310957651752596
482,0.11769734085111563,-1.2929789645310121,1.2620092128858678,0.3564767422891953,2.184073673122347,1.248394219815762,0.42483652356117585,0.4340473530591971,0.2509963203362729,0.02506983717452948,1.7976347013540526,4.920740878209011,0.41222428460668786,0.7064889412361693,1.8261949287828978,1.3584848824744353,0.13067960881408677,1.369963888066313
483,0.13175583189541112,-1.3539891756793865,1.2068011736505726,0.565524561750322,1.083987241053347,1.5532858461855952,0.2818154665325121,1.0352198227160938,0.10558130907070329,0.04453102470427531,1.6354704224450236,4.5231981546328734,0.7594122924854697,0.7958614095171256,9.023539263932163,0.33480101077750196,0.3820534350398624,0.1889890401683633
484,0.11364732071126023,-0.4993828204517694,0.919500886543495,1.3988290259227345,1.654968482942431,1.5499128790129508,0.30242363040469333,0.35672853303559177,0.255666706265842,0.143257609306901,1.6215321173150046,1.794245152011928,0.6331860712567035,0.716519928276337,4.304812993157736,1.0362414064937322,0.04354116430812369,2.133978212271187
485,0.15048319496215676,-1.9790677503042284,0.6905611429628701,0.4429064493077738,0.9367183628539045,1.2025882767021643,0.18688751882135018,0.2626171016804587,0.833289570801361,0.03475210147824181,1.0404419023197369,5.389394799663892,0.5326356099573567,3.574053048178392,0.7237764057123264,1.405370314180049,1.0536559696679137,1.2435212475579664
486,0.14686453898217894,-0.608055106971098,0.7209501713097892,1.3551431702524954,0.5019736073301724,0.649586515376453,0.27760039714820933,0.5542955470517457,0.052990927050827176,0.030925790574320083,0.6483544542162181,3.8228841530491042,1.9874654734459676,0.8112054686380017,1.5447654549664795,0.9150308805333718,0.06397452065991074,0.5016494648043965
487,0.1253933807886374,-1.0389487538300415,2.714916135539022,1.2195059087188422,0.46219424049344426,0.5432178092448647,0.5392093304764939,0.42071142344634305,0.07306005364051706,0.04208207624748656,1.256942415182198,4.941237558153883,3.15219606478303,0.6873023649854473,1.7013413680626142,2.1238062799425306,0.1575969992892973,0.16783858034883867
488,0.24984444943981993,0.39235034692024395,1.4308506585532554,1.574429302556589,1.747740958417256,1.354062375742759,0.9664784576429855,0.2296655795433843,0.2539966952234121,0.023315071397908477,0.7300169473480697,2.7083146118929062,2.363443565030843,2.4185563843941935,6.530973512231233,0.6450117458577435,0.9844722814783518,0.32788649643752016
489,0.08696116229882825,-1.5694819300899994,2.5006095768807817,0.7531324888114949,1.168302702793115,1.3403291291794817,0.2647900518479541,0.9723871823650663,0.10463772367417484,0.14224437809099208,0.8542702410359087,1.538158274226338,0.03574368537048837,0.19430414776309335,2.2320284862725805,1.0349281717878678,0.10354299881281674,0.4904666995852067
490,0.17893764213947763,-0.3966178803978964,2.2224434617862276,1.3838341559129805,0.9536023853309297,0.8886816721636122,0.22029570395662068,0.7465170177415363,0.29228988782127385,0.07150368970607486,-0.9260302451764926,2.7011059620208924,0.2916047787687038,0.1807529869808917,9.597315995019526,1.3163934400574322,0.06998606711336276,0.12968540870757456
491,0.19779426667498962,-0.06404690689420656,0.1463477507732073,0.5637094258998708,1.091600807674689,0.4525368331789126,0.49423893181732903,0.5056443959405649,0.4886082975242982,0.04212369588575069,1.6330494097426387,1.2167333343986266,1.5134983901548167,0.5825911085971489,1.9416111497426622,3.9621402999411797,0.28221580041352357,1.3826728919751352
492,0.13911440568611286,0.1809389009622635,3.38231311797699,1.016665846909215,2.268099309381049,0.6326785493039196,0.5470019926520836,0.48194889229872,0.1021465047100271,0.06479016260802023,0.22340997479030036,1.5469407017925936,0.5513906032009186,1.0821783138549699,6.036429072128241,3.3927632152260068,0.13129532354267176,0.8643925961967599
493,0.15325284350323198,-0.5130709047554156,0.9369206617021321,1.8319633196696412,1.7894947236149805,1.82567218566817,0.10623473707574295,0.2465503003782674,0.2913666942492463,0.07464738976276702,1.404515653274963,3.674894192116769,3.3380441092166815,0.6392434900999477,0.5735147988470646,8.095452510880598,0.09502609790900578,0.215060095752504
494,0.09958550245570658,-0.3782193813644403,3.1499814079015844,0.8160624014428872,2.5872854604115907,2.246878372302628,0.49709278746085883,0.34217221324975255,0.22345021897770678,0.10332236328841066,-0.5772553687374342,1.4236961338886627,0.5284097871916509,0.9941280773741088,1.256745172777537,0.4208666848427691,0.07195379790441202,0.044095864402731846
495,0.1163400022136121,-1.3495161500398483,1.966873775836289,1.5532568998547243,0.6685935679719829,0.6057059218846248,0.6578000605139738,0.7984452124940636,0.2599718288546019,0.042581350340650796,2.515968819368422,0.718315048365185,1.2110333346392967,1.629930947877794,3.6177204599738064,1.5752805486677484,0.5618211698653793,0.9406093118535183
496,0.114898953831697,-0.5538298203568846,1.2865734306027277,1.7594284294425042,0.941859684876602,0.9416612158135391,0.34346781881008676,0.5954071748654035,0.3820581957992061,0.02682458213670288,0.4257421941422004,2.2083434301007046,0.32314539170208,0.6810890051912362,14.221088454851376,0.9590149586834056,0.06431770390357877,0.8997626349362222
497,0.1348926848830168,-0.7017993504933175,3.151159113802258,0.4902385220710087,1.6133647254843069,1.2200329786090303,0.46138661658442043,0.23384239090052794,0.34752322500865906,0.07132306773608417,1.422397830404322,2.7028011145090938,0.5037077205719932,0.5704691579141414,4.3807374864504265,6.170962930756571,0.581242130297482,0.20080959635619272
498,0.16026500927494378,0.20984263028718955,2.1527111413726145,0.8499772705574651,0.25926969183069254,4.517133288907348,0.11511567861964378,0.696267091384519,0.10628808870043423,0.1073564898889511,4.486328965905998,1.9708322916239807,0.6099084024153283,0.6839529696212765,1.279060050466893,0.3127965586375175,0.3334509040650977,0.06662923737282608
499,0.13121677069948168,0.048795616383821794,2.5395539531664126,1.5325656405001256,1.875193773513926,0.44239024062312743,0.7296499844861923,0.4795215877859531,0.19753744241584076,0.08438211827730592,1.6407803476695544,2.306203368910216,0.16098199693392967,2.4145554006898955,1.1029679308976672,1.469159532985779,0.3330514768495561,0.19061528807582662
500,0.08093774336542191,-1.2074458765896117,2.293627815826342,0.5319027998613525,0.7735279186889663,0.9157033485246442,0.10987602940089036,0.9306678422416788,0.4635806615592173,0.15282889148953385,3.262782840344893,0.8622530698332203,0.12212993061326936,1.5513881585974545,9.21405598973121,0.4034306391105214,0.16395403271463738,1.322193465198849
501,0.07664757217002181,-0.8432089290045077,3.192620176473245,0.8544495361374511,1.3646808626988138,1.7410499383261102,0.1731432430228698,0.2868934359150754,0.06338360682020036,0.02789114788994174,1.108731535062205,4.3618264194348,0.13489621936680246,2.6198848585890415,2.5361679405588813,0.02721528811070777,0.21089545665451898,0.6415687508331392
502,0.17196785497337538,0.0802571309251533,2.1451026189157183,1.8164516307594665,1.4878533265013727,0.8908826750677855,0.23558996704922003,0.26267211553240527,0.14222484277044786,0.013047114856778631,1.1030451761234517,8.673213198196136,2.153545873138174,14.323660488008752,2.468843631928545,0.35192004130026283,0.01848068996416221,0.4681843605212631
503,0.14137718595753354,-0.1549913311540754,2.9417424886670234,0.469126606973685,1.8176356284664672,0.744157396386771,0.5118809927900262,0.7357720099378762,0.3510916813349102,0.08688050323450575,1.6229276647225392,3.066726668149274,0.7797525084780336,1.4653851167350036,2.425674643960665,1.459804161437753,0.32130124844041713,1.7473762299174245
504,0.10456941709257812,0.6614919689481953,2.216158715694689,1.5623532210008524,1.4371958391282238,1.8667006667512949,0.42627074175216434,0.57206049199038,0.09282780753125024,0.08193473395149402,1.6123989236853027,2.9385784658482774,0.5269632166052751,2.4485658486005413,11.976940458125766,1.14238320512753,0.2659467209468127,0.3330051434715372
505,0.07958562856712796,-0.1632998455984681,2.102313366768449,1.1911247331780714,2.608238087029409,2.0387570192992235,0.24772071318281416,0.7084678674059699,0.20840482781247602,0.028397792081515636,2.3065836320249327,1.5574262530019878,0.23112442003845587,0.0768231511610839,4.121627832220304,0.5397579796942316,0.6275606841077067,0.5370532841701346
506,0.08951507577348913,-1.7788787246835676,1.8413135623045078,0.3627500255800575,1.120782991360472,2.324112026132039,0.4187594719249991,0.8047579409245786,0.20849106537518738,0.03117136092557239,1.4938428210452104,7.281577593563328,1.491693876460056,0.08985926611631458,2.4549475549952042,2.3538909232695358,0.500302544051002,0.9513110032198805
507,0.16916614557963996,-0.7069052161543067,1.4394511834673396,1.3960106595742345,0.46926014599293797,1.2410441474015241,0.3153787245031075,0.25686684775479235,0.12158701814083646,0.01764839421654524,2.9037240102020623,0.5566593424958365,0.495880417402992,1.0132370261371064,1.572051045119269,0.8915805713418947,1.0071591193888136,0.08161287666171359
508,0.2530480078259327,-0.6793919065271944,1.6034618506320308,0.3136993879814936,0.26840193421706304,1.7186529307607243,0.27207738444160634,0.37120037685577656,0.21162582194151766,0.024592922567084403,0.5721176517317431,0.5583759568300007,0.6056476364083033,0.6498490091885255,4.214786561435482,1.233337016935406,0.021768833378328852,0.2534069402080036
509,0.18098939097690944,0.9618114817089318,1.747907472030617,0.42813694774427097,2.536012905030683,1.033339310314228,0.501114639952665,0.43817340689448986,0.2898364455050662,0.10750066686176867,2.048869199908541,2.976840984358228,0.6679330668977912,1.525595622578735,5.660640907318693,5.355712161475737,0.12228688453860125,0.11642077853832869
510,0.2102091481955566,1.2650418333583708,0.821394522997458,1.2979842539965445,1.0706496979931244,2.003853758006324,0.03701759120962255,0.31090594549734124,0.3357238729885559,0.05687377955435243,0.6278062981733077,7.289158667254044,1.6864561404079799,0.9254709073241086,16.979501735003026,0.7489713450027687,0.0477847812060237,0.24649588526352406
511,0.1852316693208779,-0.3367861396940381,1.1256624181351702,0.6580501826184747,0.8763929869815466,0.9002050887780454,0.5650628296681043,0.3912586932957638,0.12087361952361794,0.03135688663335105,0.41491553155881505,6.156898087300298,0.45117571959477876,3.392681835768399,2.163713893844308,0.746766422926243,1.0905218337664213,0.15854616160998508
512,0.1731580341373454,0.38512798164827367,3.3169666271954883,1.1956293051251583,1.3289939644047106,1.5186642925064566,0.20309847212465898,0.4058273973600419,0.24208984989962135,0.056565827485147796,1.698174909204976,4.874192824780282,0.7658981870457905,0.9304229979594714,3.2284194746038373,2.084418030596015,0.5674178695084419,0.7498230629074415
513,0.1177835793599543,-1.3343829881708305,1.7333544172871225,1.2652102455231047,1.562068357407981,1.279792440045145,0.6415023647840867,0.41929958888752306,0.10704038801208475,0.021920206660681927,1.9163232459844177,5.215061527824934,0.18325342125044314,0.312224901047026,3.6025510670758223,0.9859394682410489,0.3420415138412619,0.8849076879273478
514,0.10538384299126358,-0.9889812988004977,1.1683865636700732,0.7080387791015449,1.8153274958661059,1.2617100340495866,0.36812282673265023,0.64283914607938,0.355308894334164,0.04504170126261955,1.1308625786428674,4.01136787582044,0.5705277633904221,0.6613626850992996,4.955690515884481,0.5913967867084178,0.04672159221328394,0.18203796963859298
515,0.10147661897457697,-0.0016207500904549116,1.4562397572429129,0.7079987440616795,0.9298333465342804,2.719336551173608,0.5537743440584273,0.7668647898724389,1.8948615982772006,0.0411919591925346,-0.5027276046520356,3.014654262771245,0.37914799494773044,0.40980422095528934,1.350377696451764,1.5507590919828265,0.02264023373402263,0.34112494431760776
516,0.14279847283361344,1.0802863285904996,1.3120853016665839,1.111522719662358,0.7396803632004055,1.2262012927164374,0.343034027862329,0.8517763057921346,0.27560340024051294,0.28583270709912106,0.827246193535081,1.809848928912249,0.5209719926136028,0.7174197369575234,3.0512867746986148,0.2345315051708808,0.07700445981874716,0.4790297252694324
517,0.2012883813156158,-0.6173200674237489,2.0135298565172945,0.9937471275587886,1.1945169494218646,0.672306312186345,0.1260503793360602,0.5947519658047171,0.22879860281216827,0.06002978899842275,3.623712312780234,5.90684993050113,0.2483931993463363,4.979753749167435,2.159712022265633,1.333984358376886,0.44387682933539174,0.21431360975256883
518,0.19585962131785942,0.3786375784183459,1.9751858137103586,0.7524912922492145,0.9155699683505736,0.7953560742406105,0.31544188088940295,0.541970113920607,0.09104585398460889,0.0417803698939403,0.4808026800040255,7.00471685035911,0.6212227992044639,0.49885675290670284,2.514037217183184,0.20229995909348614,0.21366430130319214,0.5581070658466782
519,0.1962492448788962,0.767885545410887,1.5228881631629188,0.6296144919008537,0.21265004545116895,1.5361134323447383,0.25875298267047087,0.67791910220551,0.3220580369695187,0.09130254068942048,1.3535846753122618,0.27519813474266036,1.095530627870428,0.288534186379789,2.436774736340997,0.3588927328938783,0.27093524159661103,0.09595752516752981
520,0.17765436981058505,0.8528424514185408,3.017570720842382,1.1336483512229347,1.334733574867122,1.7021711725692479,0.3277663096146298,0.3238588544700144,0.259078412308369,0.1690835584997242,0.6576140485378744,0.6805999961590212,0.12602909310736765,0.4927459211262894,1.901897922842591,0.3088456421050603,0.21409302641165534,0.20879487169644068
521,0.12941096443550199,-0.3565249936558642,2.1393272550475766,0.8180461978327056,2.083697851834317,1.8790807323206347,0.23434753215778045,0.5741172162860076,0.2506570977697872,0.027966389183461043,0.7630511118217335,4.830339817738442,0.2570680425837798,0.5284066789167575,2.3436131578046018,1.7301251758738845,0.1964308142608927,1.2155517691379103
522,0.1428629583017389,-0.4358216915094925,2.796565219170307,0.5610613014065293,0.9204842358465839,1.1125436043601942,0.22602162499379536,0.45798496956549084,0.09118639095093473,0.052276482094136385,1.453253107703144,0.7938156466630307,0.27943481995300995,1.221832961893563,1.0917528715881082,2.061478453398942,0.08591134954447505,1.5769706516523496
523,0.16440281726402087,0.05487072946200655,2.6662924896969002,0.8750765878595325,0.44493449298918364,2.138732444404368,0.8407191185319878,0.800148182934827,0.1232929557277283,0.04180899835090898,0.4459007235352441,3.0780591147023695,0.3886242018970782,0.15265364945585214,8.157503261834284,0.7078980838468383,0.10851512025164901,1.0295485089496814
524,0.09839304731049456,-1.8879070207560762,3.692632955216791,0.5404254137849758,1.097103362261561,2.1898402130474173,0.3773650074456061,0.36520518065760654,0.2903113902743165,0.044332338341025304,0.6894213201049517,6.360539591411102,0.11284870507449077,0.05250632308166023,2.1531119660952567,0.5816827592123094,0.33073486866004903,1.508597750889303
525,0.1767785992846627,0.004150137837702891,1.0383576388569427,1.1205447239984012,1.1820562865716808,1.2482548369969162,0.04222673656972988,0.8131340540647728,0.31019899578819893,0.018002939822287678,1.4880573623895743,4.169512522292073,0.34056570483101456,1.431047955312914,1.3592253008486286,2.224145583697624,0.12729112692000136,1.3552809071565066
526,0.21465502392144759,-1.0888442602000947,2.5221306325393003,1.0986814450654467,1.350345227697218,0.3207530482691643,0.3803199274094619,0.43520163776088466,0.07702187489075941,0.18575019609259869,0.8366841052561886,3.959739065700766,0.41227906163359085,0.25214543476824963,0.5433342672200862,0.5682340010278261,0.19608305388787195,0.4169886457223557
527,0.11694438430175443,0.1676741225073918,1.338040854722425,0.7836567071717648,1.196373007279376,0.5739075969805899,0.19555508479520972,0.17762882079058087,0.2788140816157006,0.08283890284527314,0.8207813743015365,4.601251032266678,0.26907990708394414,1.129955979084697,1.0154592839339514,0.7791762197146568,0.2334546889935363,0.8695694340550637
528,0.13900472478574816,-0.364343128202571,1.396702114259799,0.4921134057392939,1.0724560774437573,3.2498449531234876,0.10071202664910033,0.8883333058430756,0.18047006478021124,0.049018739348812165,1.2832579578801218,1.9679641493284268,0.862561858705529,0.6747660399296006,1.596730280544348,0.4231299435767313,0.47906650182731764,0.35356674850760694
529,0.2085698882109544,0.2777746847428617,0.804812099969543,0.8485494295191831,0.6855350562242858,0.7368418010545791,0.3366551230913285,0.5169756381632106,0.19055978217008127,0.05353663804357245,0.7122466536211103,1.7353494822513336,0.27385282692050816,1.8814491674554408,3.9201851337366773,2.513103515378965,0.13381953812421293,0.28044561087119607
530,0.1418206723684861,-0.004999867370252587,0.9029003049436582,1.0522343703740273,2.006315567693832,0.5342285636337593,0.2601022205792087,1.9081037701398973,0.3320690276606201,0.059391073749422964,1.1341873338713322,0.9759446556264106,0.521344055012112,2.692007028327727,1.4368800154222774,2.280266764390056,0.10803089312205086,0.3111377201027637
531,0.18794879290894229,0.4504897532157363,1.2277932525399269,1.049334629123462,0.8495768187025502,1.749083592919787,0.23337333805219684,0.47370445795018784,0.30913842372050515,0.09752548385452119,-0.49161638438775185,1.1222991878064914,0.3256449199196523,1.274242575472212,4.2049407279345346,0.7074972250498902,0.21516166671451897,0.48873706975599623
532,0.12147150468589771,-1.4338470908567766,1.9043354406061592,1.6392323123214754,0.7898625308788999,0.655683548847772,0.554277098072614,0.7284205458456051,0.19448481844755075,0.02445792528148354,0.9510914638939811,7.983918583013272,0.9041872067519283,0.10653210607337903,15.906966978665032,1.1964129676100022,0.006890530953958412,0.6749354725335669
533,0.16661706697154094,0.7623242814801068,2.269239146924976,1.0397744610658501,0.649295171448376,2.0981781446876444,0.1698769291311143,0.44656360517696714,0.4452875622937219,0.08065472714810434,1.3527457710855466,1.9211959269270626,0.20731164770919677,0.3634196608296507,12.566313784113053,1.0567466436728192,0.5405218823501615,0.9710668122940171
534,0.13731713193987355,0.9964459899179398,4.007700301412145,0.6953556258486938,0.5079202344731483,0.9601083948186641,0.13811693412691423,0.2472552548492186,0.12000334503973861,0.13520895295867238,1.5764028143169067,1.2201480882096327,0.4108074603641488,0.7744721116839033,0.5856156959921314,0.7327589309782844,0.11006190699310366,0.5114134341872438
535,0.10750917870249499,0.3299008069873634,3.6707873762514582,0.6036350553853023,0.5390297248797429,1.0005114468744498,0.7345766627116015,0.9862681088716446,0.19809577324250488,0.05276030454224499,1.854969079280735,0.6781709330059523,2.9204323240012444,0.1881548787707092,0.7678520755076712,0.36745084569818176,0.5592822881759374,0.34630940441037134
536,0.13534415516103984,0.027209433176946813,3.1297202647968816,1.1024489801207522,1.7327932872207483,2.1598031950998995,0.2882390898228708,0.2736689111894741,0.0943996226442124,0.054251293138304034,1.0684673432501361,0.8526347403145315,2.1672318880004724,1.0384821107211593,3.3688400094066666,1.4302651073976183,0.5287760448732786,0.6118298607692242
537,0.1119657515161209,-0.9888497287641967,1.1034473676976106,1.374945799641265,1.3070708387653018,1.5006589622265396,0.35219213753289347,0.19258513648570214,0.2605538562675689,0.0850956886206524,3.632460393929712,2.3670135615969903,0.08258897678660153,1.4778291644803656,5.292662365803963,0.7324630140730697,0.3589687746562656,0.8375016710655045
538,0.08743649312796078,0.26908575805950213,2.078435289280874,1.6758615629299591,1.6587925609220964,1.3030008295337405,0.5299498792874424,0.7651301774454806,0.4452567376198848,0.053820374327777865,2.2447198294652257,5.355455889657442,0.6220545650283832,1.3489256988228833,1.1112607061709068,11.971037523927691,0.07808874486953796,0.28604127490430653
539,0.1403776409273967,-1.8777301377139828,1.6652522787737631,0.3695835197691075,0.4097284096801169,1.486839196276552,0.06660787987940325,0.41465111423329193,0.29001082117480015,0.07798376734801511,0.9340340557981295,5.234152975192499,0.413523179424076,5.27631177253192,5.593289444387446,0.14446742207917945,0.1336072496660015,0.18520254673018247
540,0.1740763148850694,-0.8446958482120545,1.2178530331419137,0.6285966970399478,0.5445789823124431,1.1067982285470548,0.1540419239370177,0.25718802971148375,0.2828853236592456,0.020033316584660392,1.3105204742441963,7.934388835598882,4.814056470162328,3.242656216654638,3.12066348264468,0.30869611239174566,0.8540226294046711,0.5451446548054102
541,0.160317475546804,-1.0594498546485722,1.4213061908758855,1.0880898381254147,0.906366605052725,1.3823930265788626,0.9717622688233138,0.28380165197380103,0.4040973342143616,0.027597807993096836,1.6507092355105568,7.558508758485552,2.341555941763206,0.7388283235655985,2.5500031434726185,10.17100824980989,0.10355063514527735,0.46739611021234223
542,0.17851119409065122,0.5697033777042899,1.9138903974222345,0.7065085881805098,1.0748048189295634,0.6518617753411635,0.32479871731152377,0.40960234746341023,0.5149063411336258,0.05424502953162145,0.8009315893084094,4.6338774564933605,0.6210264966240603,2.52546611671399,11.064442025926851,1.5930325545984707,0.6669191194960585,0.49072548552166184
543,0.14283206312324034,0.010222536265258307,2.7789944629785523,0.7124628933313527,0.6397664730791479,1.9121230488330758,0.06958556573533825,0.43769430781230156,0.38279821360892546,0.005583511730928249,1.7465916900145473,5.7223078494797255,0.35242015363777046,1.4038440547442355,3.847918301852321,1.6574937391582374,0.040320841900041184,0.9212375028709064
544,0.17152923279827376,0.9098828626833367,1.0628482365275698,1.637627231650887,0.6962946648232037,1.3059889905435502,0.3893218245458356,0.4590123642072772,0.2873144255508117,0.038260348508487474,1.7336740898082017,7.753100740833349,0.42533331754983617,0.6844719523018991,4.851246248544113,1.1092765205582105,0.01465015588148898,0.1261968038848284
545,0.17985798598843025,-1.3022202779365981,1.3616960149457247,0.21128857251788438,0.5233553831732637,0.4668363819297625,0.2653202976127388,0.4191466456041673,0.3854032767289772,0.09155496807497258,1.1969373706532405,2.9634759360505685,0.24496852934463428,0.3682734638517923,6.066771002979151,1.9384458890284124,0.20473645071705057,0.8959354894399659
546,0.129430461873324,1.1544297185245536,1.7640402353473186,1.7492533644915622,0.9328399293475004,3.261078223188995,0.40867641026905255,0.7103772973651075,0.10191661458576408,0.08074666746928165,1.883843325300312,2.947545279753214,0.19180101470148497,1.780655935987815,3.8888160679156347,0.03795645860313382,0.10180681267991759,0.16338123010517244
547,0.14468182547193423,-0.08524993681969173,1.4992625305902314,0.5661569190660392,0.6373814375221235,4.3526134339627385,0.14199968308145186,0.4205150269887971,0.11793327298198837,0.12529976547424865,2.994506816365042,1.6807962720700576,1.3578124094211508,0.7524848424558664,18.25489572226975,1.0090099145244462,0.04526450660250597,0.024409219600499597
548,0.04293722909087027,-0.4509651656245988,6.298959975161939,0.9162205491820531,3.9390893843562123,3.9566334615992353,4.1287766294117105,1.2528940198328409,0.23950136411724493,0.0644892202666341,2.204908849461316,1.0207846493318495,0.1907146638626726,2.2985707830001796,1.70535124168022,0.4656823685955148,0.8138843254751357,2.542480692771578
549,0.1384936734963767,0.2466487404681024,3.7784358785319445,0.960519729875371,1.6132453772284898,1.0195316578049505,0.41314604560962287,0.40467461145744016,0.37710878439748025,0.05542820911378921,1.338448812293592,2.733524715494851,0.4116023179372332,0.3041699431101773,9.805216252051162,4.246617388204672,0.1695352515063653,0.910741891306371
550,0.11224488130338994,1.3424851420407289,1.2103366121483208,1.2575659513373711,1.9634531762020184,5.5789582338678745,1.8828855182772608,0.2755144100189046,0.5290043041895385,0.10884425173052889,1.3179940121874492,3.440196106924005,0.48306836321799007,1.150958728999401,1.710113419309257,0.5044510012583192,0.044217866015692935,0.26481914525864
551,0.12379123194668373,0.24275262276814172,2.3785663024613726,3.422497904837969,1.2963128630299987,3.285127092115873,0.29041579121743377,0.25745085370581944,0.12755218778589636,0.04877849148866105,1.533284774384611,6.858919053760448,0.9147825899669313,5.769898088975144,0.7220709085235048,0.43604928483134114,0.34120084417521834,0.7352390164762317
552,0.12820126234471588,-0.8242860759637668,1.2693854823607684,0.3163970152136364,1.1599878282336586,0.8151104614226667,0.20938916091873486,0.31681830939613487,0.4076811969410444,0.029610167145970107,1.1897929392459865,3.0162765976498056,0.29850348258685866,2.7749670073687556,1.5627080556097532,0.02512644587440672,0.19944955438291795,0.5333944997660776
553,0.184289493954429,-0.4250258662718549,0.7136492250895226,0.8391433455818569,0.6207101662032606,1.2439357266836302,0.13128444106356912,0.6554003206409447,0.3750453812412014,0.012833712190706986,0.5477465095716152,7.468060645139784,0.185288234872758,0.33186453520476994,5.59989337075054,0.7087511444957256,0.02106617333362719,0.9857296119829115
554,0.11805582397992818,-0.6826680004310871,0.777419698990891,1.1329129963451872,5.6356241927574064,2.0393473936069855,0.6557583558883491,0.7358321781402941,0.21545596043070236,0.0742399809973232,1.2108506504019965,4.827946809310311,5.405572200385586,0.987083088945395,5.440544937587607,0.0770252845808252,0.06183762145255933,0.08552265441478797
555,0.13575709338953665,-0.5098896361029109,1.5474065469752858,1.4795108879788172,1.2537281198910484,2.1633543751643014,1.1740296311255962,0.3866551496082173,0.12819472243805308,0.03701451317461916,3.858591931108701,9.793065050577408,0.8742457343882647,0.4696865447335966,2.3144520225177447,0.25763253211335985,0.08921984154683771,0.12123936083476453
556,0.1481646465220632,-0.14801302237286507,0.644820479597061,0.5510134946096621,0.7635159221092711,1.7829777199484085,0.10377121758187034,0.595981928936728,0.1762549930718278,0.03335674825475361,1.9091502085973984,8.443580719266686,2.3690491928572563,0.5843860884488069,22.028639715424003,1.4706778589766314,0.008903141630845872,2.2008278967655657
557,0.13209067094556443,0.6738101839639768,4.292077775189813,0.54771037494805,1.3632216723914135,2.706228945272825,0.6857253594631056,0.3243767001885902,0.1186170939811349,0.04525752954787934,1.6108405896041735,2.781171581708448,0.8637928321036413,3.929795559351426,1.854454470669451,8.675804822396833,0.0445329223906121,0.7212682534148661
558,0.07729197175057922,0.8511671855554247,1.9538582770608734,1.7183296897559504,0.8880940437350304,5.027124043865305,0.17010779731449263,0.5639992094317815,0.18405667722469488,0.05690541457612205,1.123015990863072,3.2429236153656125,0.11025814741398905,1.0855231613969547,3.3210828869458124,1.116259979293494,0.5556209009625569,0.8510418233207312
559,0.2569569491125161,-0.5092054719141462,0.5971096952304918,0.9526216671550554,0.6962523237599214,0.38466676264242616,0.0882004276659681,0.2478809549002907,0.1046425980619381,0.024477186446450992,2.2596770881753336,3.9922718366504335,0.830565683139104,1.0180569286138759,1.9610537770718883,1.3126382299287422,1.1667719735206454,1.1546055776821784
560,0.20218188213666277,-0.08840244675142381,3.623420123398591,0.9637885369300662,0.6801656734774756,0.7147630307125188,0.2027378805563738,0.24941285203530103,0.17867525475763787,0.04382805114575194,1.4396092377760434,0.2132279607242491,0.3329407668752215,0.5957681901249392,0.7379186578649624,0.8212526393770724,0.5142935033781736,0.3549070112592175
561,0.1301523660492285,-0.17922743564388033,1.5760644782123574,0.5145881517153904,1.9446215918375283,0.823411082739171,0.4687841103126283,0.5355680703429051,0.3022887812015073,0.03714898370850815,0.15694060115998193,3.608740430229529,0.11074322281955916,1.75772624773235,1.3396268574225498,4.685793746416201,0.16018178431677663,0.8957566665428155
562,0.16117629465820993,-0.6223034307131011,1.8963272556874178,0.39786739226669693,0.8791940427780328,2.277873857822774,0.5512096408417806,0.7349391235670149,0.1905051846647363,0.04890327997852088,-0.08246021128592584,0.09603615447931445,0.39592556078217517,2.3300832796031505,12.833761685323065,1.8561993471031324,0.18579190208293808,0.2223639112862449
563,0.13248393789447532,-1.678711492758579,2.12447206965089,0.3269526269616526,0.9789412010859184,2.007698638174852,0.08164434102860062,0.1433019515545501,0.08850252352139837,0.10776209985900798,1.4874684545842032,2.3291658878145274,0.352435324323677,0.22275320750646393,11.189531687998242,0.9129804301415271,0.3026782352518138,0.9286887982060632
564,0.11122539053889346,-1.1658952294048348,0.9861352655368884,0.5506480580518511,0.7729645088896587,1.8193352801995317,0.727427028185089,0.5614857159271319,0.2337027381126888,0.0712604144563407,0.7375119291649372,2.1954943510325116,0.2975119654981642,0.8308948034899792,9.25491639308839,2.125126587240853,0.25714577686449314,0.8049315649553358
565,0.12176963796174693,-0.41144908310702544,2.545674251530404,1.4600662847790706,2.3230378025799996,1.774649735300004,0.8990757047412176,0.8070103899006278,0.36642227660718873,0.058079909633401545,2.119078133560228,2.341105558698648,0.6313214869950365,1.1473297011899066,2.730158995624117,0.20347885772977234,0.1295216907849439,1.0349683959754705
566,0.10021085946197045,-0.05401072822708307,2.1616311978010363,2.432782552050226,0.9562096134554178,1.0565133186668707,0.7971431424206684,0.6575757048829193,0.3449587686973914,0.06407211347520747,3.172698366130045,1.4018434836479254,0.3115437660739529,0.6781289532776316,4.463956792449335,6.871502785799522,0.042904326227114896,0.5520544904499161
567,0.1752136534334266,-0.21662458865340573,1.8822815200948206,0.9462667037466981,1.3173828205907914,0.33438384923016223,0.1794347256855805,0.4888075940782663,0.5191072304382149,0.020591946811416094,0.6439951866688035,2.3556538873134323,0.21830222896811802,1.0362404227384954,3.9484769424320714,1.040510444849189,0.1098095846483608,0.178798974814919
568,0.10099984256168384,0.29893227262990824,2.082863027335641,1.2809137798773982,1.6607581533309832,1.1384695453001503,0.12157011329309349,0.492424802079321,0.07307043619618483,0.03423295823927912,-0.03942286469106482,10.915605059229271,1.1173820803825203,0.9776495195835512,2.6021701748405475,2.1476307238814463,0.3194199336519237,0.7512046481943861
569,0.1475478946609982,-1.0282365822438628,1.6679414340578844,1.3677578367230319,2.5603193473670114,1.2063534757128722,0.2587939768903459,0.723932528439568,0.19362761006141377,0.11716427739298152,2.1300542495437247,2.599720584699792,0.29784609108844257,0.9842635028737421,4.591661976613748,0.4170072779882864,0.046000900374483386,0.2520606869260538
570,0.14746671556234314,0.13862889612766016,1.1844387839884005,1.4724579201528663,0.9347278100572329,0.6788371043200254,1.496539381018593,0.22570205816315522,0.36022456640147826,0.11246269693467693,0.5121405057971957,3.1343587357828073,0.5060530003034593,1.6371069719263036,5.4266558285489195,0.521117120670382,0.12039332974637225,0.7165880698738818
571,0.1317454247053609,-0.8776848419805693,2.2680163212390654,0.5092378635866572,1.0410391000146337,0.3382820526267237,0.32597673478074674,0.6621420357345615,0.19584024156622926,0.07124080302850987,3.580976559880205,4.207316104287302,0.7565402891534737,2.8724663810866935,2.3801531661965765,2.9476216732772538,0.331469557700786,0.5238592038285407
572,0.1360425334303283,-0.12058499620621992,2.570911825325011,1.1254810813711802,1.3489800505595217,2.3203331876052973,0.17256526413218676,0.05259097833793888,0.4583128410006419,0.08507317705244853,2.647642070190666,3.8558024562401743,0.43990858998637067,2.311534736767113,2.216030027942188,1.0364473881078096,0.11215420752466979,0.28259031685383795
573,0.15263055887195331,0.21298817648952284,1.7698293130756277,1.3788209093906127,3.182507130848645,0.9391209635319185,0.5635573526839432,0.7010518484477012,0.11674197292554356,0.0825213002703422,0.4499214128185932,18.07268393043494,0.6496243119659391,0.44596259600714605,1.2986472850147104,0.4128199560649081,0.0734515068655458,0.5195018101335025
574,0.2113033759170351,-0.35936314306279943,1.6003107563860934,0.38638257848523677,0.9305633994620474,0.6369712490016917,0.10230432900250912,0.6483791499582411,0.11319192676118316,0.09805586454604033,0.4940904525808422,1.4138855744952363,0.11474996907767501,0.6010127022759083,3.881393479000754,5.636605763458257,0.2336853049706121,0.3116247835262946
575,0.07788614009963266,-1.731326350275313,3.3451156469860748,2.3714354371907316,0.43033910127415187,4.007374786111705,1.5907210211030212,0.4049538623145688,0.14652613568625586,0.027307606876137393,1.7688525299266837,2.3388076575546832,1.659097805872557,1.9722868127635786,9.222398532894472,0.19489254743086673,0.08841295333958128,1.2439546171865965
576,0.09454848237186751,0.14639452119141078,5.445415180311879,2.2394023912824976,1.887213220367441,1.9800611822014877,0.4802575486964981,0.3666243775790875,0.1944264433417391,0.029063165919739536,1.6925240240983581,1.2406036780188407,0.07934913355745345,1.0558368747479427,1.8730498607697745,3.8055159682243147,0.28363147374705194,1.0614146699188574
577,0.16785975098428388,-1.1927496220663643,2.529422619757905,0.4961952159703184,1.8140376040776067,1.365450147631211,0.24732402818451427,0.3626475831734022,0.14976695837789303,0.1429655081049824,1.3958992858524768,2.7924363042706695,0.7933643783143983,0.6132883779952357,4.260424839164598,0.9570500368494193,0.1962845597933135,0.25351545401965764
578,0.1061498697452264,-1.1971804504690349,2.8192120145693695,1.381807958650546,1.2043260429549318,2.375862829922752,0.05244035011996505,0.37236551270396606,0.0794962592538699,0.10762924932664086,-0.6603960452937657,1.9213550471613787,0.20307226367124534,0.3781813876161053,9.451517982083738,1.0636271196047018,0.050735467667176015,0.19445021931174922
579,0.16893210029564357,0.11170951853603871,1.5061967376001324,0.740228151589065,3.2504920983573697,2.4818474099586787,0.17706656117413816,0.3576752136051062,0.18338790481136197,0.0369374057641181,-0.34198501171010226,0.8454790745366048,1.2680599079823855,0.2511834255638782,1.3960267838953773,1.0204681421701889,0.7403776238396845,0.6083661249849044
580,0.1332418102864308,0.18172956576149343,1.9667959988521941,0.8995092679506458,2.440707841398053,1.8117608662027174,0.3165071602921365,0.5875865708597078,0.10979363502568365,0.2541915829563497,2.019575077354424,1.9565645457751446,0.3226617430240922,0.26897628095081694,4.389324227386823,0.6653329334103032,0.5126695282510043,1.3682522083702957
581,0.10324105102367245,-1.1575299827905101,3.5209209580229905,0.3617205465101534,2.7529695102694127,1.01228001408911,0.21091434281509652,0.7679015616465732,0.1904028005071179,0.16390143244281288,1.207869096214702,1.1637987356435249,0.6115044072459,0.7181117888966437,5.553679092809101,1.6204045635588442,0.30693211392017444,0.19130893109895913
582,0.16267388947915404,0.9875836811889954,2.931676962084587,0.838425309948049,1.022201916702975,2.210016623229384,0.8980831602348438,0.14093614618379235,0.16159525824880716,0.14844408389480998,0.5175353591961687,2.596759090734382,0.10553884115998587,0.8716968271766526,0.3706069212377963,0.4641854841863671,0.2406711517710048,0.22867201858139208
583,0.1676453143170927,-0.06995317916736124,1.648234945324318,1.176637049061269,1.1373431831760352,0.8905462833924066,0.16245747369721672,0.4456998307853253,0.23773329964678894,0.1565685749349438,1.6087197403446531,1.1466741198372408,0.8310805993125677,0.15316732261438917,0.791848859021108,1.3846622309556678,0.05718607661112795,0.1269566715259609
584,0.17492831375990556,0.21711046723048955,1.4444896623730061,0.3668027652415658,1.3126488854558571,1.4575346647087188,0.26294645235022507,0.34058787593684725,0.17010769938571835,0.1300007799538178,1.2525006515070718,4.029663267935574,1.238317475946062,0.3582832867026692,1.142511649232517,0.7405679708285559,0.06612775838900173,0.34763341708804574
585,0.20443526085408792,-0.48200096664475733,2.228552224483203,0.4996217132291629,0.8164477819947742,1.624251651852107,0.5425371148955971,0.23373532204906605,0.1884040619053652,0.06090952254347518,0.2883441627657811,2.4145382296891693,3.2180509904842953,1.0690733067665676,4.476074493561898,0.6094976850171046,0.07006939609755372,0.11671827859592013
586,0.10272952319073597,1.028651490046861,4.26194582022366,1.324348565686568,1.0831945695889234,1.0935421930193903,1.5662108360354627,0.86215968765132,0.2008648007546132,0.09617472723818869,4.036642256371471,1.8594031630449543,0.8679629043203902,0.33617649823655693,10.263015075536202,0.5969119062804223,0.31788135722514804,0.14266451573595296
587,0.1276745399178926,-0.04471225667875611,2.111416142650108,1.4075081826054272,0.771164629998976,0.8630859455639944,0.22101976521474997,0.5033353009037013,0.5189233694822464,0.09554921227054178,0.3427489289279226,1.1964252216832405,0.20359991319548365,0.8648207217222739,7.162420428954241,2.0298900974018563,0.2788167064385967,0.0751430635063614
588,0.239360336339617,-0.22689162976654528,1.5963365121027195,0.5683274282487686,1.358969713573405,0.5955729773319991,0.06337618686606196,0.2820848798463641,0.4710506488933347,0.058115566728269695,3.428883445738331,21.531310803201695,0.3163062131994098,0.6940260523477761,5.969418788523903,0.20133619198881744,0.2930328289633742,0.6802480543545325
589,0.14340929412440764,-0.7873821624259145,1.3362345499165207,0.6921481912549206,0.626826847092846,1.5693712352632523,0.39815544118012663,0.6465663492768068,0.14014899574636494,0.044507366169250245,0.926737891546789,1.4846548316845314,1.0353911025209368,0.250099912122953,4.181069631945563,3.123304166518033,0.03651242530508992,0.7068982434563038
590,0.20041778790054665,0.21331209362168618,1.145848075298049,0.5719560620450516,1.3357347167811522,2.3891615942052833,0.2766525246071872,0.8001695632078157,0.39345183555124935,0.06440108295678713,1.703250064774046,1.948550018513359,1.4237273689527412,2.232708894104978,3.888902855273739,0.9935124616460688,0.12562206241066537,0.6631955945487663
591,0.091248744904471,-0.8961041136706576,3.668591242897817,1.323207083047683,2.9279454027830667,1.4751289514314208,1.103968527645966,0.7493316896516599,0.15894818854272805,0.05221264006183269,1.0923842163306496,2.386157342749223,0.12458643873674832,1.0778324246620845,8.822663522761426,3.3921216650551913,0.3135096478394051,0.18705170225913853
592,0.18144312795245982,-0.5486873284425468,1.1482362415420537,0.551612400079818,1.290415731700197,2.3363131620517144,0.5860919777642408,0.28698914164785766,0.1644890469291396,0.0330672440065317,2.310734871626838,3.9933233295312154,1.7499647251789354,1.2146509557944645,4.879982931814507,0.09952212868497583,0.32112968718607354,0.14891153705838497
593,0.23710420851671027,-0.3455620092797641,1.066370895972795,0.9077180941874903,0.40539733928667215,0.9943226908947457,0.20372621519544046,0.41106408946702566,0.39449870421940514,0.035590551288678364,0.8913341663115816,9.932771970233023,0.9838763513945387,1.2184351299875398,14.38804954832332,8.20053008501062,0.03744487615453595,0.45442299333472924
594,0.1282964109128123,0.5668329580789917,1.942205541409526,0.7574129736736112,1.0538500783347697,1.7821773132347445,0.3242956753098216,0.29660412416629334,0.17846314123633625,0.043069091814001315,2.299743547032966,1.6632362508395169,1.892720304464842,2.1274234424868594,0.4743916222804358,6.260778372593451,0.011358460552097363,0.6422097112184514
595,0.1275139418894985,-0.16368529542891497,2.139661430637367,0.4002832730247827,0.604742126317941,0.7610333117741696,0.2725715958790693,0.25038234603119475,0.5880467809189613,0.1394664624653368,0.22529082409165668,1.2557992521832801,0.2859228426030086,1.54419088523315,3.1892787374444334,0.27790649414532287,0.191067542746612,0.15915053727816575
596,0.17010285824696467,0.6891942771544803,1.7859932038319293,0.7196746623047989,2.2925827317103096,1.5616876090931018,0.38743699574753093,0.736903683382068,0.2229408722096596,0.10258802435238576,0.4957593162713253,3.287628795503968,0.21987775092154896,0.6188242293712073,3.1532724691725833,0.15888758216920396,0.13508187605026364,0.6085047995136177
597,0.16151873309357528,-0.6368533580203004,2.574884142213903,0.6291843087564017,1.2461011711921919,2.6972875445870446,0.41320016696329287,0.8214175972458951,0.09129749892640723,0.05224637219355849,0.8629777250127906,2.3814562743189676,0.61883317329061,2.009327635340831,0.8596019055238858,0.3451275256993308,0.12628060806173386,0.465715681481223
598,0.10365888244677722,-1.0600223621038276,1.7429172990654815,0.731315348046431,1.9324407650469886,6.309362358547861,0.38670331457398727,0.23053080990934077,0.33207426201451623,0.08489975832008721,2.126986391840302,0.5297293612321148,0.8742802364249265,0.6311676291281395,2.3626080304685715,2.3601845934923658,0.10143870978322045,0.7008682783989875
599,0.15182916028465002,1.103862967906237,1.052117395861463,1.5279241819229172,0.38589803934165945,0.8511373486688747,0.33538913471928405,0.6473045348704086,0.1950318369308928,0.036533426612430184,2.8762690981252375,14.289255426219347,0.13393674854534224,3.486005887461709,1.5964433624194456,4.213367767598514,0.14934809895003565,0.6017162811508501
600,0.24482142177682675,0.6377054694979795,0.8145588705553571,0.264573350482204,0.9729127125112431,0.8172647486185606,0.12223022769453389,0.9068821572914534,0.25299610796432054,0.06264211637477644,1.6712973092162642,2.174394352862771,1.6188407983820334,0.20823818429750826,2.702211795281422,1.9181933032885135,0.2691043106001703,0.8747797572176409
601,0.22984492675554988,-0.1652468895219297,0.6521697764709732,1.005147717986447,0.7467330469921412,1.8298742001309543,0.5574899708479977,0.7243824316295466,0.1862512999753232,0.036536422573696624,1.788125292818201,1.0506194380031704,0.8444852228435246,0.4932841058045479,1.1296223221759518,0.6389915683779384,0.8280205866088232,0.3112038593785789
602,0.06539475264251095,0.3558308016123149,7.234999082961475,3.3441584635526636,1.7863489185758923,3.248344462075244,0.5740366869040541,0.06689292536425502,0.1563680593622143,0.09458488553670157,0.6248579487172171,5.785447182451191,1.1287532748415987,0.3925445259440884,1.1035220746636194,0.46467676039009453,0.2606791571394921,0.2213150312560389
603,0.15363777218981145,0.26427364324757846,3.312617848687426,0.676203537683704,1.2390176288254011,0.9472331701600655,0.29452596800572195,0.5159367580132976,0.400773087962646,0.0501759839424058,0.3062335345228589,3.759480987963657,0.22042127844826145,1.8095361033252662,4.738467469995883,0.1315493240298956,0.07122199813947669,0.17787502518602402
604,0.12077098377460646,-1.338473986578839,0.8426718070096413,0.7257804544017659,2.1631908841243432,1.5409538652192796,0.6235770863850332,0.4722681370369861,0.45378899239452203,0.018457808395954078,1.3450032362337305,7.151177577392204,0.0769803429434199,0.20979077113524763,0.5410366552130631,3.806324241002943,0.1856882093840557,0.9485330606337737
605,0.18904453871674157,0.2570035690210036,1.4761952545427661,0.8587253223326712,1.0178237867198352,0.6935285586318574,0.326051116645442,0.8001377199479749,0.26219455191041996,0.025185545192350334,1.1434403147051633,5.822502770748161,0.29185055471341337,1.1603757303751656,2.1732124018670005,0.6867248444364739,0.32336929450569124,1.0412433453955823
606,0.11358398741847796,-1.0636783496710935,2.7443516694087258,0.9104204969679134,1.601972426234593,0.5535991339710529,0.4590450479507079,0.4381774622011892,0.2882045731393223,0.03694481395336062,1.4321375429630312,0.6568365681492602,0.09725920979250408,1.2107830680812888,4.496716871608304,2.734619342119371,0.11168286230465409,0.18141225890498003
607,0.11710884098773039,-0.5626466722309448,1.777577504319669,2.3780771397847342,0.6293127118358316,2.4669343832775357,0.15817379576873106,0.39849062706766614,0.26119604935851004,0.033792697306522713,1.424871206520479,5.575739609006156,1.6899277716936913,0.17563568277613234,7.63334265919855,0.37654956775662424,0.1583158159188141,2.0121576672174264
608,0.14685814811717599,0.6417718726064093,1.2422229412492232,0.7538203352597822,3.354093536005346,0.6913810084585544,0.7951403947561844,0.6217873996605031,0.020541115966343965,0.0356734040767235,0.15259972676077843,3.438882436221548,3.6658003797410545,0.7248354780742718,1.0814561197210617,2.6416419665919566,0.12792772743224573,0.4392617926954564
609,0.06513510090399287,-0.40965721181759307,5.201630018312648,3.2595293084381405,2.4621359832135554,1.2799592335555308,0.33309151451288455,0.8245801920333092,0.19075882787849716,0.041542860054661866,0.5660773338838504,4.352715828144081,0.9684677136153709,0.896258839311506,1.0430619555711083,1.7797281560185216,0.3912610875925896,0.08659019826996396
610,0.12803103870359622,0.1814185685698317,1.1287569670103188,1.6022529718077678,2.201293139799832,1.143397265639933,0.11037046043709377,1.0796786170178008,0.12343121997843087,0.035972133671675524,2.887691761156944,2.6865798667708964,0.43709164846495063,0.4533937200289378,5.9709561282742625,1.0164319126709744,0.14460286473477527,0.8287317338137794
611,0.1565977162474459,-0.5633706630252925,0.5507546996438115,2.2021732996891936,0.9854584857309033,1.290414207548465,0.1979019820213571,0.5370466207601166,0.26202623652598156,0.03550987173020265,1.005068987197769,2.7530747392661272,0.15108084823688653,3.9855504931144785,7.068933788724202,0.8437879344973837,0.038238649842011786,0.12114554258966227
612,0.18247647448926346,-1.0155758702732238,1.9611576932867496,0.5242695817915314,0.5917355997627277,2.0580878459187657,0.5523110342497609,0.4131130702071872,0.4425797069651593,0.05507990274770966,0.9447983625365459,1.4463085563598976,0.6354571977945053,1.0433778781548486,2.587292431319246,0.9126271366518074,0.20505581891928268,0.1667229255396125
613,0.2109926937006335,-0.5780766371368072,1.4378498676344738,0.30610707629889045,0.6454870848756679,0.37961785433167977,0.17801564501174658,0.4632920197122406,0.11396981482342368,0.016576159209988714,1.6775767002764153,4.85120601650932,0.4038616591180133,0.11404132060987453,1.9258425166968656,0.2901342777980482,0.6135819268714308,1.6461467853211373
614,0.11055916797755015,-0.2009005173037851,3.3820956271591736,1.668742238000967,0.45425499554250004,1.3422670323492802,0.2607507543710906,0.13773488019379407,0.2922466719323263,0.030108254110229337,2.489413688888301,3.396148928588261,0.676996950452656,0.7210048239806599,4.7627503416748285,0.19221685652534123,0.2650451349338,0.3864024220744337
615,0.09839141841515683,1.4990545520228897,2.9160732454620746,0.4036025720288333,2.7591029247323298,2.4945262208569807,0.25861082634098204,0.5135280418657687,0.6932201031447225,0.04236658083465514,0.4701506646172895,0.5328976498657271,0.7490375903442326,0.6722461943478436,3.8813379737845617,0.19895808347359414,1.1493298944905117,0.8396233014981771
616,0.1264415905127796,0.15083795838922684,1.3902190678195057,1.0132657558827691,1.9184654162431085,3.173175567554341,0.4078093034155589,0.6075735949156568,0.06909531209770155,0.09977231251594106,0.2556727814242432,2.441998302086678,0.3059439395049872,0.5021838806143869,2.036850302713663,1.5285695148597143,0.41366741896137005,0.1340697616558699
617,0.13723833593653495,-0.7371145854757274,1.8372365519077198,0.6016004199552601,0.3861977181464636,1.2369899021333028,0.207827381141849,0.5511823391290027,0.14669951372402146,0.058673828338079576,0.8622560454737206,1.7544832124657945,0.7026897164676801,0.8076575139656167,5.143578239868274,1.318263647244165,0.5257893246991774,0.9877537749338888
618,0.10051646253773072,-0.6545780940097534,4.942295032939926,0.28216504363033057,3.5836197704646944,0.9152789287841979,1.5949998218562798,0.8060478417670581,0.21350495162189415,0.019455375234857773,0.4218260611847433,3.1671340655955214,0.4964724170279474,0.787380957914341,4.576835740356541,1.2834589298735708,0.14233840239052636,0.18776849130829096
619,0.12801387134284764,0.364094911169456,2.586927349261765,0.5230388609079507,1.6799770032584644,1.9188690023089188,1.1733916845333552,0.12813559251401377,0.263397540737792,0.04966757269611549,3.4022932960341925,2.475341233258064,0.33146668758389425,0.5076515761255428,2.4883004012448566,0.31405719345807076,0.05162417415827745,0.3519355057457665
620,0.10146665971396546,-0.9087501869931134,1.5115974278648328,1.6826412274858278,1.4098746869283991,0.08706356134000427,0.21415130407513877,1.1742856253150638,0.28274573015482096,0.085384249794582,1.0390641113920969,3.846444295743712,0.9045471636782748,0.23421559838341857,2.381418922622924,0.6508438222464429,0.1003264282021372,0.5526482032549203
621,0.07525075226545853,-0.7245849694151325,3.1397644877602144,1.8584334418135593,0.9800190821487149,2.806568776790428,0.1650720401016408,0.37606331092471856,0.10615728879207949,0.07764145720242377,0.19265205046175793,6.829898248794636,0.9508910527865388,0.8852041744007593,1.5929285541688718,0.1788060492674816,0.4119333303023478,0.4138818660332662
622,0.10195398228013486,-1.3902975273727396,1.9292703789122283,0.9731462055222878,0.9621752143812574,2.1774134612606164,1.0522319915493163,0.3116092037753686,0.1802957095107727,0.13640562211708734,1.9942822094443482,1.4096125780692095,0.5814055590504655,1.3235529688332028,1.2565875217955595,0.7836701999898406,0.21756597346699633,0.18575758797451483
623,0.14350692220225583,-0.5315474271910294,2.177490954459633,0.9494623721343942,0.8572126693724291,1.2520059279903333,0.2896095411399438,0.43495749261386996,0.1548070118164421,0.023114526024176525,-0.6569963395266504,3.853895759894705,3.4893297301127135,0.2864476224463529,5.183964980434529,1.081997360743427,0.15691665813517178,1.2391384299912414
624,0.16214969951325559,0.26693129871507476,1.7206924049404968,1.8437476818218383,0.8219993573894073,0.6878844884331685,0.10571245738529239,0.326440510025535,0.12444803297609137,0.03514619179752475,2.84591985981312,7.14025059564537,3.5206162123054323,0.09211367284071066,2.314104301801979,0.4719828640959384,0.09570433980343047,0.27280137004311317
625,0.048094353592876345,0.5391090771280158,5.7420844912509,4.639290478090866,0.8821409862184637,3.109979435260999,2.0339345605446852,0.3948949913156414,0.46106385697947005,0.01918105731380725,1.3178413370076973,9.170377802625232,0.2209794911426212,5.014973575731555,1.756674302505201,1.595096085963442,0.06813047252264125,1.4540165302535675
626,0.17674147728392395,0.2687659302663049,1.3336045184558856,1.4910393726335185,0.46609935927971424,1.4102135364095993,0.206596919157288,0.5942389621582196,0.2090349594336252,0.042751681728307594,3.4998967081429337,2.5281877857161335,0.05754236383336514,0.7698059769031979,6.481277421394181,2.580438880253833,0.04633889139474468,1.7326769118402738
627,0.1687374229995518,-0.5545130955589175,1.383702330556705,1.9848026347762746,1.094777341950536,3.0096409923700107,0.216591204811938,0.37831923590831273,0.2932062110570722,0.06884605321140783,1.6873573103529285,1.720327089122661,0.9142658419727301,0.33425905946023227,1.1164502327749803,0.23183967181613882,0.08224878847118157,0.4231310024576971
628,0.20981406334451672,-1.2465273927598084,1.2191991381622223,0.43151913832481137,0.39589773228081104,0.9830717093498561,0.42701543926953833,0.5010158094221306,0.4026982195038093,0.08775709895836036,2.983885784995528,3.7616535631861026,0.6572969065987568,0.8014782809473449,0.5775979434110589,1.2107215184859708,0.47884427001969776,0.45050755004684334
629,0.10527832007559716,-1.5772398209691836,1.861089898990687,1.240273417128078,1.0830078956625935,1.918601907634529,0.28379953042713957,0.581111175060461,0.11748199763886967,0.015092624405875752,1.0260966474934927,1.8779475055192012,5.320213880898319,0.17566030974910368,8.646861914348497,2.3103009118887097,0.1395442876128313,0.3951073277023725
630,0.06774800471919394,-1.8636923260300613,3.7291667384071783,1.4735040471700427,1.345826265749643,1.36547301895292,0.38405567250397166,0.18290011326112163,0.4550740693084415,0.11522488168354104,0.257601515739039,3.8435830866114875,1.1265339840631494,0.8727250847128374,9.058873602856703,0.6923962496106482,0.31939823897520553,0.5480654511039766
631,0.11608184431386138,0.2083753725028604,3.6693091752344555,0.9969959518830722,1.0769215209412848,0.7674638936837459,0.15940656654786187,0.6346438962331317,0.252629486326083,0.12019930305390807,1.9492327140744885,0.6274922815665126,0.38070696749599536,2.707461241354865,0.45650453610652153,0.31690081632342787,0.5449192397779704,0.37477685002493893
632,0.12621637756995413,1.0159724056837658,3.0771912610278993,1.150707515115452,1.9415062488046295,1.8107188623668846,0.20290469430118083,0.7468600728305956,0.14145731388704255,0.016486755774888815,0.6029442334803176,4.866058421725452,0.6751363167281054,0.7223287652958029,7.399708378029312,2.421561467539288,0.18906535606683567,0.31044187167040366
633,0.07493124785281008,-0.08333179978145797,1.7587752584828948,0.948027717575095,1.2905395691877708,2.473606082561329,0.5158281266894372,0.4822256046569467,0.28486206380398704,0.04072737901531726,0.48731872794740205,2.4452028905195964,0.8999443076607393,1.622084931033097,1.2618737768099206,0.5332966856697386,0.014217381985673218,0.2166329982536885
634,0.1609069461302234,-0.9909889864355109,1.747980269791144,0.7815546883141168,1.4447607564224856,1.4652599773970674,0.45977269008828503,0.6093743026873684,0.11022406441724189,0.07806310838465523,1.3326054878053477,1.2758068778474438,0.3099154760860084,1.6773446495611035,1.432767743991755,0.09968244553418847,0.8022732286701221,1.482764114224904
635,0.20834221982857257,-0.08459769466282005,0.7675170145747431,0.7863997155524906,0.732038047172835,1.0389093911973935,0.6443717036914995,0.47847397118892526,0.10507915858331714,0.1518421963670785,1.0757765837961737,3.1196573806093966,2.017497898286645,0.20098308172257506,1.9722453540692175,0.21607669878013067,0.20395996914879516,0.08421544872646958
636,0.16744988237421615,-2.1486328424575567,0.9649207785531266,1.2291097655308074,0.8257594411834568,1.1719138312373043,0.2039575750409753,0.25521762648548696,0.27471597688345206,0.15318194074623345,1.9525505382126096,3.8724516304476126,0.21707049888098776,0.5855943410656068,0.6212188710142494,0.6546698550029837,0.08804232816926563,1.747723095227882
637,0.20093650706743688,-1.0338571119567606,2.525094888089116,0.36966307827773626,0.09389099583338735,0.9756333531831757,0.10399568614365073,0.34969892354978555,0.18555056423866206,0.03034622115202838,1.91521152414825,1.6163091042117679,0.2574862838504116,0.19511801985642818,20.296714160429076,4.739606618452718,0.4953316875879782,0.5069983947936009
638,0.13229225802016445,0.19873472625736652,2.062265836635009,2.7355420179172047,0.9659515694570809,0.9745876319917951,0.8074101197245661,0.475961079443351,0.45644637748194,0.104170033470987,0.9710313306465848,4.383760878475503,0.5051626932037963,0.9516506586418638,0.9957099953114785,0.42898972195081153,0.20595732624038413,0.5759122295343408
639,0.18849710669213346,-0.2752107404145,1.477941637569508,1.329292660553471,0.6569830393264664,1.0648424336034878,0.6172967809182157,0.5297327339922434,0.3426934095044266,0.025877779205458973,1.5555510397829977,4.179132904172437,0.8842996696186717,4.165622893572513,14.370144172980114,1.0830783414912084,0.6295336409117336,1.1025407165018748
640,0.16550382216831933,-0.571406510422608,2.5274725981036874,0.23365415969439512,0.972267825527374,1.4857727818807074,0.2681725378716193,0.5912312182494983,0.1892673977075083,0.09262304575318647,3.0764317028481134,2.286960781960834,0.38485819789960796,5.098147309827687,4.854077510027768,0.31275113464453264,0.12164138753445304,1.073443167763967
641,0.11111548998129697,0.026037193047775953,2.275078215478302,1.0489820042300175,3.2154347489629207,1.6617690901805353,0.6755255698988172,0.26050929984038623,0.07188839496181217,0.05209627855850474,0.3668653057182374,4.828626389936067,0.9535697436448316,3.70572513314467,4.271722918351402,3.287878597644665,0.033083775591921216,0.28739325427720613
642,0.18240717911067458,0.3719496127037293,1.8743287920672365,0.38695236588938914,1.3122973235279374,2.011508418576777,0.339838030850135,0.38473525986870294,0.09651289688623803,0.09545125048804358,1.759056158211147,0.8291457197319265,2.798766021327479,0.10300276051247319,0.9971324655786415,2.88603967909628,0.0898460314151802,0.1651500235566057
643,0.10215822481087372,-1.257353473179217,2.554291680223504,0.9478552722042969,0.7844402396083748,0.97708948140042,0.07081216388134268,0.5212823326350386,0.14104763378602458,0.02519262583441242,2.0559036387966714,1.7559560232763614,0.13625553444663588,1.5751543586697716,2.2856940406335053,2.1389225238725627,0.23664968531191669,0.14435577941700473
644,0.21319225053044902,0.7919463861665249,2.167751149135831,1.1366506457340684,1.0551050933120807,1.1906344207114024,0.1557356320975429,0.4832178109801353,0.2702600149616966,0.10709253997715024,0.43467107310470926,2.2405185645594687,0.6080652335394598,1.8989226107046184,4.924322856564682,0.8259335968848065,0.2365927946324926,0.07269960945313886
645,0.2520928429459094,-1.1439881071713478,1.2164748942057826,1.3923316354367306,1.01628017398106,1.8689659955985163,0.2781964291412198,0.33602220865775984,0.1522481600794919,0.09123590819287719,1.5110921193768398,0.2701747181197079,0.5345284939237502,0.17530980296358273,3.652069757363342,1.2037766893406316,0.09187166213773458,0.35763247841848433
646,0.05077372615526822,-0.39080103278173434,6.233788675348161,2.6393029072489034,1.5033930926531338,4.704076671786199,1.6850294204663239,0.1199620425825696,0.4507142128327782,0.16914985530038473,2.716943118371437,2.428623548086228,0.4969475529428759,1.537366925441515,0.3976574398747554,0.44064063375559737,0.2405903185931643,0.44848285103449775
647,0.13866390227100295,-1.8841373614187087,0.996424808508279,0.587013996042189,3.0877260473988413,3.8412186189763218,0.5384272891991857,0.17867122696642074,0.06023305667668856,0.09895545635270821,-0.3445593849606323,4.48362780058808,1.0400823908556736,5.44209087415981,3.214151981420989,2.20035585265394,0.7905328315713938,0.32472626548400163
648,0.15530439509009866,-0.4033325157144659,2.5524464270590728,0.7959558477690147,1.4365420046302442,0.6549435222714445,0.6552388416848076,0.39125406766881937,0.4387454635903631,0.2693837134037196,1.1716098911353847,0.6885181708331772,0.5135233810836283,0.16627801816179366,1.682789377678073,0.8647154088249986,0.14148184500057553,0.08962693794888589
649,0.08485486204223931,-1.1477830137318972,1.4565144100718916,2.4383712787689213,4.167876391760061,2.947054736458754,2.8062010218018725,0.22645479130911508,0.029887299807007838,0.1300026101595943,0.8968948017377565,3.035112266531233,0.33850854523297874,0.9104640930203949,4.945840003394582,0.37418098354859064,0.09334876273230595,0.5207576506808825
650,0.058468796367771116,1.275046727100759,3.2828899738201547,1.182347454163885,0.7729672898887985,5.217522281725471,0.36871625499722865,0.5116361610517529,0.22803390827390813,0.15267826662656528,1.1351519611258027,1.4944740854807652,0.4309413574171927,0.1367827191400558,2.342717847910228,0.8503202992167787,0.7470909974650599,0.4192179604450574
651,0.08053197901896533,0.9229229349253099,5.644559662276345,2.438529739784212,1.1219116835160783,2.3990270931446447,0.3493182237599219,0.7567207167772143,0.19635801630854377,0.0876336179998259,0.15204772791242616,5.673603274841062,1.0258061274522605,0.5700731976172997,1.990063788421328,1.5488682738149941,0.36799118826159055,0.5980075994010025
652,0.13209220169837863,-0.46809033932925986,3.4476434748728604,0.6248492016878457,1.3686375643388828,1.0510058901155763,0.40092994593728404,0.2767374405088034,0.24061701699801855,0.07244885941461242,0.6437991476690945,3.010688682691597,1.1796788832401943,2.429043152846658,2.7332474505631943,0.426970123638074,0.21478928098076636,0.7749047735172678
653,0.12418293038319335,1.0031183094660774,1.9080262349214658,1.1108600540510656,2.3429435414422017,1.576604703212787,0.11098428494504756,1.0492187455555506,0.3258118529236229,0.049850003066068314,1.269289629651103,2.4867513621720785,1.2300896969871093,0.6257603149944617,1.5313193827423204,1.0130776656518545,0.04170131714077718,0.21946739945150245
654,0.1783099689641408,-1.0848630220205677,1.9872252284766332,0.6253043866483267,0.7433308285729038,2.0245395188669164,0.18400351227923598,0.27819271071770124,0.48625699316334003,0.030364797868295105,1.3548491586434876,4.189370294290075,2.338659228949239,1.566164275558264,4.880845433758968,0.7066398775675494,0.524891105526751,0.6419982475808861
655,0.18335000783702396,0.411041263322668,1.2587533898782883,1.2885407015258095,2.2446705132368137,1.3574645696209413,0.5106847601708899,0.32910027681782283,0.34104500591038067,0.1316114220078968,2.219584638037198,2.5663463931042263,0.49949864229922963,0.3700244819570771,2.054337344717665,2.312345163246632,0.32238482324693213,0.308394609134568
656,0.12256972059770836,-1.2877443735912637,2.5136268418965475,0.7208576465383566,1.4286205070407836,0.38494730183157255,0.2726558905295107,0.506484848703743,0.21698015070612833,0.12328185596515907,3.2614791773980683,1.1436713863780017,0.6788884270256884,0.40214778128139694,2.4767735248962754,0.7224045753630775,0.05941485831340013,0.32353339389581276
657,0.10952154347211399,0.24316520151035287,4.116754530620329,1.7900375544647222,2.1061486702987997,1.6914896184821842,0.1370371763794261,0.636438982942876,0.11737789871956322,0.13118001431720946,2.825277589079425,1.1634710452216341,0.0887444308655409,1.6727680593363743,1.7947132330343618,0.8554749874513806,0.07870387348376841,3.612839097811257
658,0.11668113226132204,0.27002926931081317,1.7859980338661205,1.6430909081194307,0.8111104022375846,3.200421696457432,0.02236802144478994,0.7510769675651182,0.1780180153603237,0.025208090993619148,-1.1691944004631574,2.223720812077131,0.7889233543703469,1.127519728135898,6.680293174830187,0.49666081582869737,0.12361861690951716,0.40397011580876147
659,0.10823616801118442,-0.47572472031851126,2.328928740766552,0.7310672975317792,5.470123700963527,1.0971952431109409,0.36876834338988956,0.899654491173426,0.1704417362892043,0.056712116039840846,0.6337556056785509,0.7828660834072755,0.41991261092744314,1.0217090823238968,4.256473946875167,2.077356310354546,0.039768040273291276,0.1147098965857522
660,0.08592336847272157,0.45301400140768605,4.101989093844777,0.5604244184062006,1.4513878121096138,1.0557503232475578,0.9107802786803065,0.4005819949578388,0.2284133023809515,0.04715106876282702,2.020840106806098,4.400049060380562,0.8560992477860448,7.856488153629394,7.752041998367603,2.984277243420247,0.09532591805217204,1.4434604912078408
661,0.0635638118007699,-1.6605129861068784,2.745389269012539,3.56732225430869,2.961203775488406,0.27408652063146616,0.4822710858787702,0.7876278210526519,0.28261418411378464,0.05425318724680856,1.6469439275183622,5.251263282551845,0.6785856960800021,1.0980349920849113,8.59231929723228,2.3758125575232967,0.5191086671787004,0.10965734116507805
662,0.15303060815615527,-1.1061574545985238,2.8915957702359614,1.2102517229120568,0.9801995003412846,0.7444401282546256,0.15032093235949448,0.29225777874222664,0.2954009102319974,0.08502608029819025,1.7330194714959588,0.14128224554441193,1.2634251149256261,0.16276616646674283,1.9635778013603362,2.561409781097815,0.04494861515983298,0.2733491199801293
663,0.13775700439185984,-0.27303447126225333,2.774463812522093,1.7370156693992869,3.8570309894382633,3.4388708232144185,0.43240369026888004,0.5342379464572191,0.11278752797029071,0.048430223272002956,1.1346225006557837,9.782764932745106,1.9893700040509197,2.592716989575734,9.292262123213108,0.6369968373995518,0.13002302420376258,1.617040212185894
664,0.1520561237941759,-0.9786138762688965,0.8655639412470573,0.4711205803110306,0.8081856791400919,0.6834014100259929,0.24900568667688816,0.9245051842472644,0.26894898463539546,0.09730768086857663,1.3629152737328558,0.6630030219947556,0.17368615110594793,1.607843272797844,1.8841847776524374,1.8153792953439185,0.2870025175681526,0.2541664083183107
665,0.15219183123210084,-1.1680014167697275,1.9650404524831642,0.27730255940029125,0.6003287239748495,3.0983957547447183,0.9912637142358557,0.19695344664740255,0.2075452905167489,0.08061701160526655,0.9583858019775437,2.5596612675857964,0.7818058608471958,0.33493518173890935,3.7540112086066633,0.9167361785974729,0.14651967835715687,0.793024811933154
666,0.11980040784354148,-0.8677917235032547,4.457467433493395,2.448933339275878,0.6942654717243235,1.110970827072316,0.17381756169127413,0.6754105003760451,0.1930896860180769,0.02872852663853465,0.7019466363875474,3.150955747295482,2.1526779236341103,0.4255402402674718,1.2157963435129333,0.5102749745925605,0.3413023414259996,0.4803693165708853
667,0.13625852988776202,-0.4850814538347711,1.6016828460498214,0.8574175715755004,1.1069984616671524,1.898494021577848,0.25802996935015265,0.4602913016258671,0.1507850791369299,0.13378456062467306,2.733726588297422,0.59854912309054,0.5018689406194417,1.2716317774149333,4.159986999494031,1.201635894147307,0.23030316020020536,0.25563483367260176
668,0.1854628767395359,-0.4677137349167941,0.798924586950374,0.9956948276654797,0.41972852114399095,0.5128694316423456,0.3285202329439195,0.5618409364147143,0.21685797683301117,0.18579482900421088,1.3470720065003337,1.199603085943657,0.19324899270843576,1.0334288413779849,2.2821754092335658,0.2604495938520689,0.6259714717132615,0.34345294839703133
669,0.07828786734303712,-1.1323363358754777,1.198477045789137,3.0165253696011836,1.4627119238154678,7.931822922304523,0.7344457810254827,0.5221362447520188,0.15282142076439875,0.055194997137418496,-0.2342544309784962,2.37393350341052,0.43126251548809574,0.8032721731842491,3.1719653612119325,0.6970428107416797,0.3526855519016879,0.7667254732002153
670,0.15203915089629857,-0.1183946662471659,2.3050272916830714,1.30633852212527,1.7364004053015347,3.94526315708769,0.17028003384719653,0.2554142844889748,0.21207673415697217,0.09360421027419273,1.138967185399643,2.0653214917401383,1.3381707326904169,0.6192404890326,6.932282842295238,8.487910750223579,0.11201322859829325,0.13800203440770442
671,0.1513208575615433,0.6057557604846776,3.3884871466500712,1.752770193671153,2.359149556628409,4.501677296554641,1.0846743569273045,0.2546178876998925,0.04365851060351873,0.014678326847898947,1.888216080237,10.738030035974809,0.7871979825959537,0.739714482700085,6.136903139852342,1.0962716640640984,0.010855424635123788,5.2637059240578425
672,0.1645899439387168,0.15495048509258968,2.6678438829512476,1.5021926674440083,1.6209479985220476,1.3603307135978007,0.2564971042211046,0.29314253381636657,0.25051699300387253,0.1723841005262582,1.014405582495856,2.501775040131588,0.4204082757305546,1.5803634567528424,2.417908050713945,1.0583856176153557,0.35393830301471596,0.7584529249758746
673,0.12390666576255537,0.7885425152363869,2.1834268187552857,0.6510240854165176,0.9971511778207497,3.080947735646914,0.9240793752545261,0.6852881018416752,0.420308221152207,0.03586818425711074,2.201617200501823,2.3155721648556264,1.2072446479398349,1.1609126892958634,3.343828556136823,0.6271148395865347,0.05332166346160435,1.3016066407917022
674,0.12357795843176529,1.0828640345179192,1.9903096856295592,2.091220502265261,0.7175513501539141,3.037816131737529,0.639613920332799,0.49019237880678596,0.18432001174418414,0.028187162966146265,2.788727494031282,7.087873864562288,0.5594645340857461,0.24055667500173872,6.594378331058251,1.3731220144286576,0.11599766064755086,0.9747742439982766
675,0.14775035657877408,-0.5045763994702925,1.5400190096506468,1.142449475597876,0.9065415199705404,2.7124612417817233,0.4373677634001527,1.0125402254777303,0.40609809457130797,0.1019712392175302,1.3117041540460233,0.4609796756567176,0.5931987346048259,0.09682986208931191,2.432684112717768,0.23512478134134845,0.3551764875022606,0.7058364896827004
676,0.10064229679557353,-0.5036113747400729,1.6842671009389556,1.2765536405222275,1.1142764019390612,0.998862535166797,1.13718895018938,0.3296225277850157,0.3055791177560107,0.08336246783151734,1.2959980847692827,5.303556185269908,1.928648989476617,0.7515380751808538,0.4076008731172222,0.4177852967073283,0.34781263765384374,1.0962464889756975
677,0.14457464464844405,0.527949567418414,1.2238899525078162,1.7849080138424303,1.794660912912313,1.3210062699801692,0.19800723583516866,0.46319678589713265,0.1506684844663364,0.016654130900870995,1.8336282445302312,1.0282873901488978,2.6310204906667884,0.8129851793141202,18.35143741072371,0.9760768142830665,0.21656332343896165,0.996007651249068
678,0.1895979324626596,-0.027767365779185173,1.0548103773322677,0.5716910017621551,2.094663365965861,1.4946062770385413,0.33483151207493334,0.6881623395196486,0.14402283471382918,0.04957226178060756,0.1450190386694903,4.054374824360263,0.11663993414071985,0.40906690845914057,2.443146730458378,1.624368034526884,0.45910847058749665,0.7574477474031117
679,0.16390828934024287,0.08210393418638585,1.3164592696217483,0.5041550013217555,1.3151562703492314,2.2790270854119825,0.4290735489785814,0.9956670110497315,0.31974313463022674,0.04438664647192606,-0.05181154076085527,2.0435405923284606,0.16761400869387344,3.8716767361404565,5.122685323023894,1.486082992385904,0.2759969531669359,1.0182252605563464
680,0.10117611237932127,0.5985400922460865,2.2980820751467657,1.1419480706497465,2.2607187972650826,2.162880771608173,0.06816945540185729,0.5396858350637278,0.7321445633864473,0.06158533337503033,0.9592943861307146,1.1437232436687816,0.47250782776803274,2.4197090351745936,6.4600214960843205,2.577345869706392,1.0128332412840058,1.3944570376499104
681,0.15468936424182425,-0.2618169996177405,0.9272631762369559,1.9782571301527052,1.2564476194281464,0.8934587297749914,0.09588987096267815,1.1121189158409788,0.10049578620587017,0.030738525654077455,1.0809665595959084,7.631204052638413,1.7847834894409096,2.4925773433071163,2.7790712799175155,2.6536002420176956,0.5944640155869598,1.4917388618892076
682,0.09449498792560404,0.1126549040677092,4.085806996568728,0.8873448237928611,0.2120175420424242,1.2910036016077076,0.2000996177356272,0.33708328622794054,0.08188560286189542,0.03590034998836136,0.3375515649938856,5.090371603900776,0.22738375211903944,6.204542779511137,3.8584125094497193,0.6228128801230143,0.07893605868128353,0.6510904758445974
683,0.14516562972622948,-0.40453922630416084,1.6176160233135246,1.5362725318279222,2.038754121401174,0.6752855703228237,0.3077096204171071,0.44158073182111574,0.09590633389499924,0.10093170341970206,0.04067335800637761,2.07497927308695,0.45830430447345205,2.813592450882529,3.3433533718777455,2.5583534965074777,0.13192634158371708,0.21679162198518404
684,0.10137838902203064,-0.1654703956027404,1.2707770337754112,2.327365981438734,0.45592630503851567,0.4366693598592744,0.39994018911889545,0.7654201760355532,0.15537939736366108,0.14240324137494995,0.0722266596968168,1.0308181124648021,0.27082075667694555,0.7872601948970536,3.6335298014180735,0.44492531278110137,0.08348396285680405,0.6521381136767791
685,0.08221012699221071,-0.8223470773702277,2.680765372430974,1.3747439887984454,1.3894938006439417,3.4636108382530413,0.9025282846742444,0.8151625776364618,0.4755245979470766,0.07116685178688054,1.5233573491828158,0.9972970930777582,0.12322514382161899,0.40370530794008874,1.6314815920429677,2.914975502100851,0.19616883459937895,0.1161171222210946
686,0.22310793147785893,-0.1052251130877115,0.9299548076396422,0.6547008388302805,0.8855560842825498,0.7505166950954965,0.19174316120297283,0.5739839156960256,0.19662146433931452,0.07432542770637683,0.8936617972419485,4.013542121647147,1.53162517233724,0.48981954055628896,1.0080910368540998,0.18140218444995146,0.11383804496972137,1.0005873300917154
687,0.09826468002419902,-0.9096398256484796,2.6296894309207626,2.1375447789782456,1.7108754630471736,0.8683158833526415,0.057073595047376115,0.45398330843755613,0.43060198809987216,0.09766356989835588,0.5732860341268887,10.071178588436203,0.36034960165482416,0.38467831100735833,5.645538033215578,0.5187681377809131,0.09598543263099393,0.4065606361845642
688,0.15445052527454986,0.16738846143758532,2.007651759516762,0.645625390165943,0.8833178294359983,2.1461507690332016,0.14719806416975303,0.7568723225121669,0.11351800111467676,0.06965257922462807,1.5536004388098972,0.5939628211531811,0.14272332511743907,2.081551502938995,0.4559765479232126,0.5156949252887275,0.336236438027432,0.860725985977526
689,0.1800964559420046,0.5458697026915085,1.9445217509105217,3.3140009656404783,1.392019968564177,1.5703316068552657,0.21387783764084664,0.43941435215620345,0.3380461363909637,0.047207354285815246,2.4142359146194674,8.296011182465833,0.5738793463010112,4.786532188880197,13.63385849209105,0.41553956386074914,0.7401347723554521,0.22159625719085943
690,0.162108824968116,0.4965265534107906,3.3763467503288034,1.2719281064736512,0.37107461044383216,1.258882620409786,0.20179945887141176,0.1392026189424781,0.13134825929582866,0.07529699972609376,2.0189481249750387,1.0001475318901811,0.04438462165378789,0.4569809370528067,4.347538446301173,0.4567916937750003,0.5582372627076037,0.7194308021418027
691,0.1624183626318197,0.012751599686251586,1.6514004111633,0.806135663002407,0.442514614337866,1.7184168916403393,0.35754824726785733,0.4724456544557096,0.16142371874706216,0.03755223509661579,1.5847693519258839,5.930424748904351,0.8597546742732731,0.6120500876725729,1.3707756060184242,1.7198430332200603,0.0251206458688101,0.8520218100262403
692,0.1444626062031828,-0.7739294225430571,1.2256125215978912,0.923533196366324,0.8935924737567877,0.5628136100156623,0.25408626334646733,0.7033743269905165,0.17612533341471598,0.12249505297046029,3.0116415892403845,1.1649176467203506,0.5765266458886104,0.30455685354987116,1.6136812896443813,0.7008503089425208,0.2504367275507032,0.22250018755908302
693,0.1406214541500179,0.42257429562406557,3.3642745175337745,1.7700108380872548,0.6571184386903277,0.5787549260721984,0.8885922947542892,0.3123640711135609,0.1491491948001582,0.05655006616902753,0.7514258146570778,1.7178207852580478,0.2229704452808024,1.3195615733110875,4.269075643111185,3.6775435900656075,0.08611059156769696,0.330357343330754
694,0.22171950025151316,1.3622105723029054,1.5841926353081925,1.9116153410348533,1.5157705131035923,1.29430685617777,0.11704296543386043,0.5261711271704094,0.28776150771818654,0.1104595610287993,1.0517039625872309,1.2081417421800995,0.3051876450401813,0.1600155934859689,4.419341285995665,0.1408155207722367,0.1337930802059414,0.6428317126958276
695,0.10881540903978573,0.2925106177072368,1.8260312044344478,2.5992990551358277,2.177178568563316,0.299803172680425,0.33545402904468946,0.4445858401819113,0.6129140114459621,0.07491252758340683,1.0981762676172906,3.2573966207690157,0.12029555447484717,5.519311564838025,3.8977956926931343,4.7633863828199665,0.1090273468625007,0.09919587980064307
696,0.07637986573752086,-1.2529463510893935,2.0966781553960265,1.0873666974837939,0.8844023030788165,1.0564504151030774,0.6355810246009537,0.7134760593448906,0.4812155753555679,0.05093421316980439,1.7316788957902094,7.741943064792442,0.22478674738058266,0.6471904160331705,6.967619693446211,3.8383816084204585,0.016771397495140804,0.23882752813121877
697,0.10958756174584929,1.0668021778431198,2.964922692906889,0.520640271628305,0.5031688425246225,0.6369865480473438,0.6571655375578449,0.8242526082889091,0.2406722733874792,0.09303715069132422,0.49060804332811336,2.0438536741441857,1.0724302686438882,0.6444273714954762,9.527540909311913,3.2335678179941185,0.008544495873714685,0.04369291612934386
698,0.10908805241228191,-0.9311342802410821,3.3223791818327295,1.3498475668944887,1.206293188687845,1.4959639856901625,0.08986986017014552,0.38519038195193234,0.27560430799793456,0.08523521377684877,-0.3927011651889023,1.7761535546143825,0.3360386096199502,0.8585140364515935,3.677266366061908,0.15768836535494057,0.01284383598045648,0.14961504535542786
699,0.16980748762270353,-1.1485497944209337,0.957890285018676,0.3907402021319222,0.7611910184812599,1.563030329287963,0.6943177580217851,0.08866386546487111,0.3602127230534817,0.31118259997248865,1.7365700093129985,1.6161616948285322,0.4621030653521949,0.16053444750113094,1.6509897514611394,0.601037375085106,0.022788837375287276,0.4092129541953965
700,0.13268031987900766,0.15360472216160148,0.6866874639430844,0.5025442879007705,1.0223294550423494,1.7415165989785764,0.5314535859895213,0.5661853470381983,0.10432282307373535,0.07354775716407508,3.0684430820240163,0.7204785205818397,0.18721771476922486,2.5907246640909647,3.8952457162005465,3.7399023101211295,0.44384799035407074,0.44953535348468476
701,0.16381721785410747,-0.24344798531088785,1.2184532481167403,1.1108587964698295,0.5861519384246944,1.2773055223316157,0.07883928896296148,0.4184387028136694,0.3378405734010261,0.0703985335957759,1.858878658764786,4.801058601874551,0.9895800907736272,3.643877777080361,6.0984786671320705,0.9423614541775615,0.050485254424147946,0.7040817386351221
702,0.156944271193055,0.4761205741725585,0.561306828508442,0.5708778236951563,0.522234127513787,1.3621304019117015,0.7442336762038367,1.3456905287500671,0.12383354154667273,0.04563975171561618,1.3799522876214985,1.2570896400762268,0.7758627455520415,1.3041913170491597,1.931771246249663,3.9523430314022883,0.13688630077391464,0.1453901790662273
703,0.1111489744788371,-0.3398735017147775,1.8677779277724287,0.8802125026280938,2.9217712324828216,1.9415109156025125,0.11523895304559859,0.32936668732262364,0.13476383288620272,0.06911467335871348,0.7851747142194642,1.4853447534131734,0.46880439170124805,1.4310471199708692,9.53587628718753,0.6729055967665025,0.06644968441421929,0.28641343859814744
704,0.1344264102578762,0.827972277142306,1.7320332059995844,0.23866970057606723,0.8788466047566806,1.4176426635112567,0.6034903133057418,0.4453209228123538,0.13052503584063677,0.03077063762147861,2.6749832753333718,7.694941861358502,0.38327169410655865,0.6174351068302126,11.071826239425455,0.09903126059716895,0.2116313684220056,2.852293422123888
705,0.13264078807146742,-0.3812349428901443,2.340263291071574,1.5394387536191696,1.092520974026377,1.5825429327442406,0.8373350158675373,0.5187567497849865,0.21661039554574044,0.011827019893158264,-0.054641031783686234,2.597225532219647,0.7249070061110315,2.0069750242177276,6.355457975271684,4.00423151987268,0.20188722654752128,0.3927131174320949
706,0.17958827163344132,-0.24488722519672096,1.5089254076080432,1.1837664839018147,0.7859874130509671,0.22264836538399152,0.3665585717671572,0.8025736188587359,0.20464201362201254,0.08295958149598971,3.5168315920640176,1.8165939285512758,3.3065408446300646,0.5552978878167102,1.1054064154302716,2.2662020050874605,0.04552322729369603,0.2508924353356126
707,0.17504154103178415,0.3105525145296918,1.6438554109580112,0.26076884959356356,1.2119711069864014,1.6421264862218226,0.1699099866406331,0.6448895243795211,0.27189161758722297,0.1106929497886574,1.2400022822655536,1.5076727818303648,0.2514500141686833,1.9774910418877436,2.068410730521377,0.7190807680199512,0.2941830220531325,0.3106407523709318
708,0.1611442592660078,-0.6784574629405474,2.9503084737181795,0.768407253172193,0.5404289827210885,2.2448725188918344,0.11945779887934596,0.17272100715419206,0.3378089410820655,0.132230238011673,1.5037314700323647,0.3857815795026053,0.31830418778813585,0.327836947074557,2.099320069118931,0.3453015466963542,0.06217863716288529,0.3389827810045243
709,0.120751791268371,-0.5068005850073812,1.8094698302270202,0.45064991593576303,1.0479330620301548,2.097297966184372,0.13762195298937785,0.6025883094574239,0.18009287864993304,0.029422067583533155,-0.17071162864054823,1.6466628626497881,1.0554005432024782,0.29490413117675435,1.263133169603741,0.6529809563224389,0.5547213231371793,0.870014110548419
710,0.18499786246179376,0.47600293159505525,2.3649755033483357,0.3115791106065091,0.9120173235584124,0.5767145695367298,0.10535425994541492,0.6711170431520557,0.1876129342767389,0.010303517924556879,-0.07907902830516256,3.2911750049121733,0.7089685078721968,0.1973390752540708,1.8912628875798163,3.117343359159369,0.08648179087597009,1.0802165774983923
711,0.1182778881227085,-1.1293876261520024,1.999138339071959,0.4710227041768146,1.9530713221909606,3.3190072592004247,0.43990824538889434,1.0913123717050397,0.46325505604325895,0.04454254681117514,-0.6744873685731555,4.506595944749068,1.1414900547974,0.0985408454420573,4.40841877981952,0.5434794373202885,1.2666795969364324,0.42592221413538606
712,0.14363257079772024,0.1664901847944755,3.317669979673547,0.7325464165301577,0.9837334427986242,1.3042110480064215,0.5005984086756342,0.09032011976591447,0.24000819824377842,0.07508593622872234,0.2618596763505776,0.4642727341826167,0.08648003607547601,1.5129173371704159,2.1603361508463053,0.06535456818234794,0.7572871466232468,0.8705185637811897
713,0.09649586321012174,-0.8542522185153771,3.267468333792239,0.7237936333337618,1.7268993777865609,1.8629442575069988,0.3831908194005921,0.3444410413144396,0.2726320121440322,0.04994252948668445,0.6179809430305159,5.9366360126327615,0.32660379416326646,2.2215361635774453,2.198667353335567,1.2197232172953738,0.6129773550778608,0.39809359391843985
714,0.14976584144558244,-0.4132302865556767,2.4049613175099944,1.4278072947939309,2.281766593799407,1.6909363193802758,0.47512111703775156,0.4931590877870342,0.03508945855252918,0.040305526474468646,1.9915927136961205,3.243520033560904,1.3731629469033473,2.085355914739275,2.9928323836077557,0.059981367635209365,0.0173408438689601,0.19245000135964763
715,0.15175219334951423,-0.24894989456087746,2.117112085736496,0.8215567472834945,1.1814696855252846,3.7871269036075743,0.15745170031414826,0.6078691144777961,0.2511783800832743,0.15672811570368567,2.157336541401076,0.39402085467387565,0.5668146972792545,1.881237551396957,5.299716722545717,2.0357570109241,0.16639874604088764,1.3334021893883168
716,0.07386977860076482,-0.5010606347435166,1.5301141628006143,5.996882127663368,2.1029062950372763,3.025570790959147,0.7716763905535267,0.9583615371479172,0.23439463623766021,0.04699593133794005,0.3985267399934924,11.954485321242615,1.6577187115990537,0.6892704823615009,1.2934386829254414,1.3104390407158142,0.25967267808990735,0.440091691819392
717,0.12599731676320833,-0.9662643096543747,1.7123863954638008,1.172028014837258,1.4798222369645058,1.2887977002949182,0.15608461862587292,0.7091376814350709,0.38022180618696394,0.05432953662777371,2.809279558499538,3.58002418658923,0.6206234927913546,1.2052013180005718,1.0446339831990512,3.6291773265173184,0.27936615584508534,1.0753922117288333
718,0.11110602994195665,0.07014485869790228,3.4060422490357105,0.6108086551803569,0.9273206010769532,0.7100112890301771,0.6784647005151614,0.4748191377077956,0.07202046973131583,0.022829495139717274,0.6496979678738682,0.8401762658366572,0.4252547544830905,1.2064903253019663,2.360923370611209,0.5241109728189419,0.1468909496625447,1.681841790177487
719,0.1292162432043093,-0.37777133205163177,0.6795652896395727,1.957992255375173,2.055416622903513,0.36657403163838037,0.5639788740857928,0.49777482821737173,0.10933244616336132,0.14920551898820836,2.985618769690246,0.7235910963786766,0.30064926872863884,1.25143129685586,0.9040018555562399,0.9613613611439591,0.40497632250281335,0.8115562065755377
720,0.11779179717264247,0.8487990434335725,2.2993667121960657,0.46628022737926855,2.369791855860061,2.3138276657872057,0.6153130353378737,0.6597054845028326,0.24408065695571765,0.06936373770613366,0.5366641227569541,2.8154801638054163,0.4335584535590543,0.14537772662331105,0.9771299836087307,0.5887326295550007,0.1506546430033854,0.5415869256822593
721,0.09737156901061739,-0.436679682237208,2.026671712778056,3.0299648723844346,1.5750634980078373,2.3696347800267907,0.48923606169454853,0.39662193423711994,0.24391295176765407,0.13744346842492447,1.5937653598057149,1.1490433018224315,0.3316810944461686,0.27185851936740035,4.452570456414445,0.12051700574364554,0.07036936679462491,0.746266773690164
722,0.16630322447071383,-1.3416245555562067,0.9596712082111617,1.0759178645268919,1.483115221625671,0.41165181518209193,0.08960520902775919,0.6212258156503745,0.09207918467598146,0.06517558915954533,1.479227195153022,1.8425131069991392,0.30213768471868063,0.574244865036974,1.1770489212665058,0.5401125968417247,0.1481413888091898,0.5228473289563824
723,0.09299067383756757,-0.37089813113500686,3.004808701742807,0.8258634954131564,1.0395374812553753,1.4117928453332125,0.44930951961135424,0.581843762165369,0.13022714104361569,0.11585867027856178,2.1207880148166933,5.533371830703455,1.1466715263694016,0.7157415099635707,2.544233619639778,1.8997717220956318,0.2957438373962009,0.20859155312285435
724,0.1684077769303751,-0.39146184625234476,1.3013373202772687,0.17421825314889045,0.7449296608940374,1.213461089391266,0.10826437159850401,0.46299902323663933,0.1567461246636093,0.02423006962620687,1.6566196253318188,0.7060849359371926,0.15866628850496922,0.6489456548585402,11.76557949751551,1.1547397765087546,0.09792205117545717,0.23474035247559855
725,0.12808812840301673,0.2840072818205783,3.5117613466524467,2.2774987252887287,2.1527385282979874,0.7634825024140184,0.3524421267526206,0.697583709288946,0.280366298834991,0.041572947536942226,0.13516110062998934,1.6331323473396537,1.2433788880659002,0.6528976635515429,4.353012281560306,0.24125088953476143,0.4945749632855206,0.7009646398134469
726,0.16188948261687813,-0.17339510484214002,2.9812277957659785,0.8609950187063345,1.6769834645709911,1.3512084284345836,0.9422908518974478,0.1822562615345606,0.09788347073658003,0.04685444974339746,1.0224493287977559,3.099919384262577,0.0765450061276095,0.3974660918156367,7.549093796524282,3.0904068767412034,1.111399666727325,0.26825123717259347
727,0.19228217203647202,0.7038769005478407,1.3086996202059762,1.6320182646917702,0.8661667006868508,1.3730635702351799,0.11884738359500593,0.623996117223301,0.35377496574311385,0.06738796728204238,0.7015044760094645,10.55105572568401,0.6405487400743256,1.6943299011120354,6.554314856746909,0.6018119167443642,0.06911453058065908,1.24897350102525
728,0.17762855312130107,-0.5413707305770096,2.183207300798906,0.635112721342787,1.4918521509546292,1.9500298351745997,0.12154266360200024,0.2422312172691519,0.4303377381480775,0.10551168895797156,1.5673607894335833,4.378483540634556,0.512740187130194,3.8147569435354196,3.5657484652661062,0.33285726441425006,0.31465567041594267,0.4398191648644658
729,0.23483338224182845,0.3166843597778085,1.8277696567712114,0.5501289404699815,0.9353011539474843,0.8023875701396921,0.10693759001430825,0.3900244729994179,0.45730366263912425,0.06855395491129015,2.6340547133683865,3.5711708228069607,0.6452075077657317,3.6156840791005815,1.3278550265301179,0.5875180429343394,0.10607962651478282,0.49771750276114674
730,0.2786024575608268,0.4976015457997294,1.8018094668419595,0.9209888026981432,1.444086191149762,0.7729581060306888,0.3874018296045095,0.2273077355012283,0.15671738182898617,0.04490232736808349,0.6409040562577268,11.209461687010497,1.2983793681860332,0.15655861678009775,2.045109355621703,1.18056940206636,0.45604642695225606,0.0925849678982475
731,0.1070690408717002,0.19995004520191406,3.927045181459345,1.92384962157603,0.690809765642728,2.036427320257922,0.24821873124797988,0.7515774416392682,0.09471451343227945,0.02975701515801357,2.155114262717765,1.1794024712319686,1.0467395151100964,0.6414547356471895,9.057595219048997,2.6479622795028197,0.16498633887154285,0.3911171615963732
732,0.13445563035353494,-0.839661457084299,1.0175098040361779,0.3900992419501374,1.2991162615274134,1.9194246599710139,0.09743984338833708,0.39538864328323803,0.17869717785188854,0.11670693186560246,2.059912289514266,0.9416782805060633,1.581375474410482,1.2573561855169786,5.47969253499313,2.199196734895374,0.22040596560623943,0.7321232479466383
733,0.12848214922392406,0.09684593448520523,4.514365333991722,0.6019815624909268,1.236152398026841,1.817199461108164,0.742366244027447,0.4752038214429483,0.1357629970384289,0.0751884478268063,2.9790825209053033,5.058661491738303,0.4938256510242578,1.0472554942199315,1.602996192641744,2.3393731913224283,0.40898315495084453,0.8560567126991636
734,0.14408125796755422,-1.3427030742591815,1.9705801358784854,0.47808164735308245,1.5818397175297114,1.5432211203157071,0.3766789373197497,0.29656073757957263,0.28803501053704994,0.05440446455236811,2.8820432547988917,2.4543851540423414,0.5053623028043426,4.127945961678634,20.930848905600776,1.6862821381568256,0.21957135986879261,0.3670120740984682
735,0.2203640985908538,0.8509051715326831,1.31717095277692,0.7848764197425107,0.843143068968768,1.3578470985987192,0.2873142532442519,0.43498691889620156,0.18511155943603655,0.0298656120660604,0.6337706669488695,2.5542305423339235,0.8482230663509657,0.8587530424861762,1.2854570470527122,1.389307147907785,0.03741186790583599,1.2962140455371394
736,0.20529395373251838,-0.0970944774801218,0.48688916199305904,0.9207697201984304,0.43964303090134293,2.9920211488020736,0.5108081998923172,0.5881111433960776,0.08024855721930459,0.03086771915573089,1.9967184221652352,4.624364415674351,0.46882235136146727,1.2183515559336087,7.209898117104928,1.5556198785245696,0.22849196208312295,0.47854573182917837
737,0.14505577482922655,-1.2724600839778462,1.347747981443347,0.6177633833568745,0.8660873243681981,0.8080354800732731,0.073805105805676,0.39854233414527573,0.38779232517912593,0.05884414857545326,-0.6603956642638094,1.8708977522083836,0.6789739400458423,0.6945778372510301,2.4800152445517294,0.4416503792785578,0.2269208951521713,0.23723090115346226
738,0.1660582745823317,0.14174329816149067,2.939831283965239,0.942017892174891,0.48611295134202714,1.2168871237025594,0.26593990549873214,0.4757183257274112,0.3164657153045542,0.0822669370970962,2.459923299008165,10.145930844929666,3.3406723116233437,0.47308957405470675,1.6110877105207289,0.38787437434707767,0.655674585373417,0.21082766743344108
739,0.13239930403592248,0.6244500846695733,1.5625352441323834,2.5126985411287905,0.5901102570402232,2.0201627391193937,1.6554240303166285,0.4286404975821201,0.09457859581718002,0.0757402743890743,2.944382047586412,0.9111626351965615,0.5023606523935612,0.47455929510714684,2.0887025232132177,1.3106798386279255,0.24362320085665257,0.31481817969555553
740,0.1143928726471665,-2.0744944308492004,1.6605507725273159,0.5757333974014994,0.3339849965162487,1.9872225142335653,0.09373725870380979,0.12956897842722154,0.07731164015654335,0.015334589528281225,0.1523386700954208,1.9368947713567581,0.30586140091735464,0.47602840910981187,4.292800754483996,1.2578629808242394,0.9273757373000664,0.7684790657228528
741,0.16274467532711365,0.8168223092236251,1.5677263992640544,1.4558707529062682,1.2235734131792493,1.4933063014644568,0.34898420684390846,0.938770644113929,0.33717644035003663,0.08502539662363355,1.4643053006529008,2.6370922165561237,0.31726462108814263,0.2109946637651364,1.6379933582064352,1.486975572380102,0.12734787784247148,0.9306501404851428
742,0.11773949153300803,-0.8503912306077667,1.1137053242871873,1.6401631464552993,1.230665896531924,1.9489503961426695,0.47143615635753117,0.4403157113474027,0.10505575002468841,0.04522354115179505,-0.06420776042850518,4.3614402289924605,0.5699618762533701,0.7464904549074579,4.979634509747669,1.8346078056572144,0.28027816625652713,0.27597359500658925
743,0.1787373312635359,-0.5417732637691518,1.30800937557485,0.5876380000817809,0.47743038748032585,1.2947051231850233,0.6356577171422912,0.496247744688185,0.34447456355417805,0.02013117196857415,0.38283166550491676,0.5707694676876109,1.4285278535028698,0.9719558046689126,16.043171121608022,0.312095760935348,0.2740964527727896,1.3287884460875983
744,0.13821930339772825,0.03518923181288034,2.4848960632676063,0.6633453201715367,1.4750131872932561,2.089065009548909,0.38927513987255175,0.37171134744441053,0.26971274213985064,0.13207354076826858,0.9244183055969948,1.9659996169720397,0.16715107370314838,2.625102415763819,3.527365031634253,6.789789596885764,0.16652078045573537,1.2448614069372295
745,0.17983184907018585,-0.36950680763401583,2.1724989335776037,2.561946923583589,1.0303758995155738,0.9929489557964795,0.2769032798928946,0.1193314239657125,0.13391123147708867,0.05271873742355409,1.1461076222250663,6.3196715407842845,0.1535346130161041,1.5130419513600484,12.417213733979503,0.1839910625490951,0.2209257457048225,1.0101849503308213
746,0.17029163984508278,0.7668529576890534,1.2091123360471436,0.42913671557889965,2.3466158000796287,2.679420662587221,0.24134519970152957,0.44628068183588876,0.220500606011235,0.062188890991547986,-0.3050667654118303,6.570888506472551,1.7000678302443906,0.4789248051428558,22.77399420701238,0.5875110368107949,0.06297697215850294,0.485399678284647
747,0.12103762343546846,-1.3418872215025517,1.2549677629725056,0.5230572554503687,0.7073421087862056,1.2478471578620218,0.10312402478226461,0.610474281336673,0.13720389108828346,0.03150012844350569,1.1264487521509503,5.836710516994454,0.34344978770144646,2.3886698677860965,4.997479457321395,0.3314190413875284,0.03837139615229822,0.5392457907758813
748,0.12820317250763588,-0.9435367119332527,3.863325987381263,2.128970913566194,1.1817059771590912,1.5014356368513582,0.1852634692950341,0.9943322501884442,0.15788559104144773,0.0603462477279215,1.7336311283023198,1.4891076619070456,0.39489137285687015,6.865281791595748,4.003195098672409,0.9791437441831575,0.2654780402059698,0.5328967244000727
749,0.1517050057893599,-0.20856297545731467,2.3937852334860055,0.8951834817252723,0.5636040425613266,0.6099797032510722,0.14485546689884268,0.4297342657429675,0.2617564915389193,0.03717297216045493,-0.5711100760789547,2.767476563005059,1.1666863767300202,0.9850970150525846,4.604806093859127,0.45352987450343746,0.46714175143977604,0.8856446891584411
750,0.17146283753735866,0.19177745682880792,2.0141663400596945,0.874530353564383,1.0482191051782415,0.7580816049547429,0.15155987224769435,0.4211280772826471,0.4535628767101738,0.07696662854855281,0.7168035175835397,2.215951411764661,0.4355343020555251,0.22625515161687756,5.859472588659052,0.6669820593070445,0.20447344121479624,0.14953544491723222
751,0.08768634012546662,0.5941639068945284,4.308251836548759,2.2522763615554005,0.732486952954799,0.47903218809798365,0.044628261906943696,0.5595217815815032,0.24989882199619207,0.046592881576764986,0.16527535371430085,3.1712077162706986,1.3447805043439516,0.10252566809869448,6.20123059085552,1.637448796706094,0.1164234895814157,0.31451644667877765
752,0.13958499031422483,0.019173009790311373,1.572496480643648,2.3173978719538404,0.2726562793218597,0.940167644567445,0.2116496850020598,0.5936836839029446,0.3925613025076702,0.07014653995698819,0.26552574931268613,1.5868782177252343,0.7225371120055595,2.1422217900037537,1.0250996712840774,1.1844820561595641,0.4904478347720245,1.4722429660621221
753,0.1558235913690599,-0.636473938483184,1.630783859401762,0.6187002508959101,0.8189532544713941,1.2931535569688846,0.2134423406308243,0.36020785165592545,0.09437375283924472,0.0475030904738274,2.0187774940138494,3.0561456948410854,0.29829844893471696,1.4121051866163596,1.757535151804468,1.8147993110110576,0.14029896382632884,0.5516947385285942
754,0.10464715029524278,-1.2667530262230569,1.9135786028827846,1.2429362527786882,1.0585427889692496,1.8493777650102103,1.2648913707348648,0.15430836727491196,0.1022868726476182,0.06132413497499298,1.8191654358816016,0.5252888139703243,0.46075760875427385,1.221127136087649,1.8690450453148986,2.196159255600737,0.15043942011102346,0.4215838081032748
755,0.1272123043371829,1.066230974235071,1.3367023253078807,1.4486790024932377,1.4505218664155015,1.352364922665673,0.7182391337961593,1.1206288952013723,0.13896851692133655,0.06201795046712973,1.0010042446621363,3.3614841690329387,0.6835067009935253,0.5364917310044107,5.9381960458652365,0.2536608428705595,0.10693243267735777,0.198996718491102
756,0.10894683995569417,-1.1958743511627288,3.046983202900754,2.602816977519889,2.161842596493704,0.8882864287363993,0.1071658761489882,0.6396687276052653,0.19414369130157086,0.05722919733049597,1.996224198758649,1.9096393808050882,0.30777480762972126,2.102906748298563,8.330352665281541,1.185907282638696,0.2919268600945615,0.8093979224630347
757,0.0799078742705848,-0.43303261417015065,3.93738450678564,1.2088668808577265,1.261799658661435,0.8387975507831857,0.3805785774004915,1.4522638323390258,0.2680025537683776,0.049746250789027696,0.35421364592562793,1.7307336683798886,0.3528842185894138,1.092582866144766,4.261968993879935,2.1811680012321135,0.04683163173459362,0.4050100689674952
758,0.1387980300051391,-1.0912301820565822,2.3034035002413744,0.8021925529799357,0.7944226292544777,1.6084500266790274,0.683626365456595,0.11304339343162027,0.33956107317167344,0.08991614763263092,0.6616127696012455,1.481281770981095,0.9191054269592163,0.9769704243982705,1.7152592877036383,3.328738936124283,0.1016399395168561,1.1589313880002907
759,0.15532902434576054,1.7172983055078341,1.752700200081364,1.5227327291012362,0.40496261421858737,1.5172054745510166,0.18051942111990343,0.6020948619995428,0.39893498155003654,0.0612014833871925,1.720620667602115,4.675379043406732,0.3485966481095261,0.8622884308915756,2.1870366782002186,1.6882962458374524,0.11266622841278306,0.22011818982964776
760,0.12596150395639585,-0.13602580675020984,0.9253302506841914,1.8970277993142344,0.9123523516502845,3.549943523649665,0.36505921738545105,0.5681966903067488,0.036713109461442045,0.0512777916081745,1.8879192070475788,3.550899734910472,0.300561348842283,0.276107709605454,3.668818394474031,1.6735172571109038,0.6728529500674296,0.8113363005847551
761,0.09984229225796275,-0.5488191355419761,3.266633487624791,0.28081891235959705,0.5990730256165842,2.2737679551776457,0.11768330326056596,1.1129577462595395,0.4982617320698453,0.0213122911191165,1.0991081626723327,5.165754342677222,0.602004634280228,0.16781836454513877,15.772031905714407,5.123569321706712,0.03203873339389625,0.9635553263028522
762,0.12924842674963571,1.0996695582267293,3.625926960050021,0.5697530646015128,0.7820993838139498,1.3521030752483891,0.2120575275810872,0.7299128618361801,0.16706366595452685,0.005327044508877518,0.8975258695445985,2.3960220219139896,0.7841623872049671,5.0497297447338,4.167154182819614,0.9681478333484077,0.13293982964805987,1.3904178010008281
763,0.1891695203209759,0.30214228518673986,1.2888577494012368,2.3600856109638113,1.2733425446471718,0.33527593872425254,0.13975403053334004,0.48141804844620517,0.16567133354178606,0.06985534817002102,2.208493026514461,3.1467412004762396,0.20729760395679311,2.3126812619257793,4.396020246078507,0.4509200895751111,0.08860170975099282,0.15938890047511162
764,0.16269643601816788,-0.2951398375369234,2.6512977724449476,1.769175271498653,1.2410059668532283,0.4949036641516729,0.03990557524204037,0.6258970314866715,0.1369707268748418,0.07305128689887633,2.2782069418703124,2.2792187525108965,0.12829643370259664,0.24722089493969698,3.5467362331145793,0.7088519972773909,0.144361397950288,1.0749476882104065
765,0.25062391936060724,0.4604939950345212,1.3595207876366815,0.8675665222144769,0.4083682974874925,0.960478707945932,0.6616911298002527,0.4416954414184006,0.17446671766402835,0.09960764385697189,-0.7250593282546833,5.12678044526351,0.2431255413776379,0.055777788401936694,4.220699117492491,1.8931227811655602,0.13779853800883415,0.2460025220430179
766,0.12039295154300307,-0.9607759426355991,1.3822703562492393,0.7654602360887648,2.172047433617481,0.8879275195666436,0.13480970170175113,0.5632362202464478,0.14999210198979204,0.09516739560247407,1.6901730025154829,2.148263462781448,0.15242127109997655,1.5080458240425125,2.5378122428657726,0.37414609427160456,0.9179228727947442,1.2793096311108654
767,0.18485301153326622,-0.3158666520866487,1.053913902105409,0.8833887820415132,0.7059652864592156,2.0937337234349918,0.5243020028301494,0.1957980414551186,0.14144786271378834,0.04068617874179518,1.384609106277519,6.480277271415213,1.5165747725644194,9.601435494390635,1.5308849702901224,1.4248686206662016,0.07493362139290509,1.494633719061393
768,0.1750705631743277,-0.007335013267910799,1.750122594600654,0.38305668647161206,0.7632770055884421,1.303230364178961,0.09453243812041669,0.3332549581363634,0.24579627146801653,0.07592766411998388,1.3061030960085651,3.0057849442267006,0.4444709976493887,2.2173558088565857,2.851993778840899,0.3372411987590648,0.17216129288606086,0.43651235513591596
769,0.11211872550490408,0.4224014469705198,1.2696896752770097,0.7916449872290524,1.081951636716198,4.306073632929907,0.152215158180022,0.5280139644165283,0.20764008740207154,0.028710532396071207,3.4661456085965834,2.093383447267142,0.2638081761629449,0.15853330383788655,2.335481444574349,1.121579525666299,0.06163787242447509,0.5393876939336473
770,0.2085926539282514,0.3552100518104159,1.3204507807959174,1.6034418559954629,0.6815649264478688,1.5158489809805205,0.183730530280895,0.5229123372316529,0.1362238283498218,0.12159970809389295,1.3949971936477512,2.624771735997025,0.8235617521652479,4.576175345901642,0.7838460559306679,1.4368352613526942,0.6316096200909741,0.12812129262635855
771,0.09589740874141803,0.3685327922001986,1.3541393315198342,1.0324331835742553,0.9013723700519509,0.3320193912958934,0.8367656606274684,0.37676693144514084,0.23160551579579458,0.07470185831103354,2.3294782799189666,1.7544920622629034,0.3990613571115385,0.6077138961259047,6.5701139170176726,0.5165908247225257,0.3872968367871554,1.8727017573945905
772,0.13378612151714717,-0.022913446366200362,1.836549024983728,0.7879888501453519,1.4356544521881676,0.2333722409175572,0.2601789788849391,0.8829682620840125,0.41684654857259457,0.17051987644516767,1.6915428806454715,2.168190172027482,0.12906475565277292,0.04066948236227121,2.4066788870435873,1.1760948496198924,0.2044581794046321,0.2487796438735079
773,0.1821113951571006,1.1276079220431885,1.4317286781587373,1.4297588350285082,0.785446782103139,0.9059636619530065,0.30551946669102736,0.6061749143004824,0.17144796931201306,0.08324325401664387,2.289956355153368,2.0222120522953144,0.5626694205112183,2.2556733966335982,1.2742692879288486,3.4608308795874385,0.059271268058443745,1.2816590089281186
774,0.1239957823830665,0.4346047752676666,2.24746927979857,0.47145436527951146,1.6735003914085391,2.1175223002977357,0.24348845113386353,1.0718299758537704,0.07565570851403534,0.027085207089055506,-0.4309224249744964,2.147700076422153,1.6720812911526932,0.8095242683434895,2.375453671316066,0.9285264262677562,0.09670116426303525,0.5414132923858307
775,0.1553902930110186,0.21740103254376625,3.054709142336641,0.4890023855982575,0.8188242350360798,0.5038906095686689,0.3944369595332474,0.44396125301183137,0.15390166749109513,0.1068604369990744,3.012516982245278,1.7542965541210163,0.4945283418416799,0.713837054371444,3.367705606378837,0.5306407646700317,0.24637945033763475,1.1752377670940102
776,0.13484452092986493,-0.7037226436545955,1.8950871549070718,0.8027563321184513,1.468037435341127,0.4401225832971949,0.21531007393718216,0.4705197203926106,0.6600402453323918,0.05472114822735022,1.798502729058491,2.0366113214301063,0.8009032597381178,0.8189118209218353,0.648991888999259,0.60581922306441,0.2612124926885872,0.6182624333143201
777,0.16909504615179688,-1.3612300318753774,1.399086825408224,0.6645856593193615,0.8495614576391112,0.6746211162965082,0.24054665268051406,0.7178617884701572,0.37716166541985874,0.08125160668900112,1.5331123839475902,1.6300486449857798,0.6685831217818164,0.8589089340541879,3.2454144477416094,1.736325499878173,0.6515673247618339,0.9709750788994734
778,0.16108679828161732,0.4337569486215843,1.1489498500158708,0.7167401248222307,1.1906992362065718,2.183353364530576,0.1863486500406106,0.48244030787725495,0.29568111741136566,0.23074857245420666,0.6007589281760545,0.8717176958709095,0.217393410152612,0.7668318130270461,1.223170745059424,0.15552149855983285,0.06674759676823357,0.3709993842996461
779,0.15382792494912564,0.24490844522555782,1.2615694336718482,1.330587435563368,1.4773250782208633,0.4768034669378294,0.2066939332770105,0.32820410303497427,0.09115286619346945,0.10636995509015074,-1.1873016637186669,1.649395462550164,0.5383992604056611,1.278076103096128,0.8443155832429207,0.34245381715019996,0.30053854799614016,0.24957595114817419
780,0.16525989339149538,0.16899185272343842,0.32775757622870305,0.6690062564561371,1.2317686301495967,0.9685090325123945,0.09547475189180975,0.4489322260783045,0.2199587539221291,0.024153217757845697,-0.2933755633392351,5.548670341085107,0.736393819321451,0.20547320243447517,13.367842319841317,1.1615747369385996,0.49028914308180144,0.32111351896057916
781,0.14776077002382593,0.2739315654685596,1.682599308090843,0.4657596991883116,0.9984045204931443,4.922004220160717,0.5312027375693205,0.7856540958270536,0.10480439397526263,0.00985201492773172,1.3681986911435817,0.5714175574455013,0.23466661560876986,0.3722094623801134,4.901238903806008,1.716509253656955,0.04739445809411951,0.16737139839668982
782,0.08980689843219401,-0.5438709168614195,2.389137724032928,0.46768454272836946,2.9488930308547503,3.0968662603696284,0.3520108124879316,1.2084999855872227,0.13796335241129853,0.09082760132167199,2.161003468555988,1.6344615937051574,1.6728299058470388,0.8634046427925455,1.8036033936526146,0.6408337572633784,0.02983764777599298,0.04960490080770239
783,0.20861431203047387,-0.43050774368748873,1.0538948772090602,0.9353100190143628,0.4894512690860779,2.9601391054632704,0.1222208770964246,0.3442296010909088,0.08152550983808632,0.007853600299657931,1.7245999550741258,5.900437473165595,0.5060701930493327,0.5112436336381484,0.668788198692136,0.3298572688508574,0.2670976419963909,1.629631573303853
784,0.12187312695198066,0.14667184060238422,3.858357816844785,2.1107916968762668,2.0933988138873882,0.8328869158227094,0.6010864544964093,0.25490103600648006,0.3424681003026254,0.08857947379977213,2.388604146673026,1.4813174176489803,0.019065710458578106,0.9185909150397488,2.4105838538101962,1.6905317241533426,0.2866215759887014,0.7428270149030416
785,0.14494790561693907,0.0593599272518401,1.7435815100908882,1.472621765607132,1.933952109487782,3.3976933409409953,0.8811323787620708,0.3562104649324531,0.01072377426915255,0.03528449754081733,1.299553266811227,3.025987952473038,2.122358763657694,0.2715025635810645,1.84681778263683,1.9570090678941336,0.10840993464446971,0.8148448680186422
786,0.10395717419906603,0.025757743772757666,1.838532380461779,0.5278410854462044,1.6783631614896584,0.9413646087464675,0.1788690277158897,1.2311376495544943,0.1420492336522361,0.04804738404388165,2.3271155664783314,3.332508685507031,0.251130571036699,0.8420003958363602,0.7015486360696233,1.5346896762758668,0.189706856716377,0.9601523670392896
787,0.19439188144696976,-0.46011784705302805,1.7355725832230526,0.5423479529773024,0.5603180375375337,1.5121842034705,0.4387605510270722,0.7054176870056149,0.2544799264132856,0.032821816037916195,0.7812078561550764,1.189388116191315,0.46822417583087694,1.683167513712116,0.6177312759506689,0.45822465399351076,0.13709170268137535,4.401623711083044
788,0.15101248586934118,0.6154989957990169,1.6961844505775399,0.7259634366873948,1.0866338124516952,1.143727852458462,0.6956731637389966,0.3382087360954814,0.37834735348250303,0.04410126374890899,2.192532707187362,1.5554841718354275,0.18903540848207978,0.140729953125966,4.5096354841325486,0.1350285123964084,0.35362929200225834,1.0650478630470916
789,0.1311831042212919,-0.21401966491554855,1.5058999555496806,2.05388157509963,1.8510306779419576,0.7335392723970172,0.13499211543820996,0.2549288901878293,0.12701706142549188,0.09943303143444732,2.1002715394536016,1.803032361238111,1.3691198394808657,2.8904323407803214,1.5687773321817446,0.727782712833426,0.4133025248921546,0.08281398841081258
790,0.20591417428322825,0.3385893188102482,1.5864050574486046,1.8916195891656211,1.020846141524074,1.694477360488144,0.7174679226902403,0.18837509331460583,0.09678190652596144,0.09336574299946132,2.117604953588286,0.2600815572166915,0.7480427012227353,1.8456939434628274,2.4898307111552875,2.903950560806947,0.12616175885885303,0.4275886652488072
791,0.11588637502534399,0.011707843258325776,1.1069108893652186,1.0074567117340771,1.4055170663501622,1.5365923554590075,1.274820615903866,0.3163390862207255,0.6364505962411314,0.05406982873361487,0.3314910742896593,4.964176379307078,1.2526832451668888,2.8637849168185263,14.195526245641377,1.1997724095881508,0.47731259144573435,1.1632614551488316
792,0.14901493380559658,-0.8218080550818688,2.626017137813303,1.7636269992053253,1.358640066360635,1.1355144383744142,0.4638811765092556,0.46576394241431135,0.19020376830653044,0.019074135719354162,0.05878986859884061,1.3027728641398377,1.335833526596465,1.2129466291519526,1.6834622831847563,1.1365939876365023,0.6034837039085632,0.11884238219069479
793,0.17916205261122548,-0.7089741253422475,0.9272987163745929,0.2975276033370744,1.2339385800073401,0.7767602844583236,0.14733749943199526,0.44895332254377945,0.7869739122264177,0.09198808496311625,1.2455088493791415,3.216098962501905,0.42971362386384504,1.0966663227455549,2.440565900791809,1.1061569445949047,0.05724537500697121,0.9061062556656025
794,0.20836414759899,0.3149507763850888,1.9464437804152188,0.43943081994661704,0.7132984743970604,0.44611727588840255,0.22619148813934367,0.5103372560049608,0.32686644758522854,0.01914888574614594,1.7773924582668963,7.731006123639962,0.866935203835477,2.3209296328681077,1.3686255181649392,0.4970501629743761,0.582115497796851,0.16535774892864297
795,0.13118381779895114,1.0180207496453118,1.3667891693228325,0.3514469941870674,0.7765218097022769,0.6812132085577538,0.9358251319040825,0.6708755319179236,0.18141486801328377,0.026810493794117606,1.6597479641877588,8.958798190407691,0.3462936700229032,0.07296698532693519,1.6866007644298118,0.21483751028067558,0.3255743800690664,0.2118263776800525
796,0.07863315770896277,-1.5566179364866974,1.7633846567288858,1.5632956063382375,3.5410536338907597,1.3761169925384196,0.5061547728777671,0.48238736479238387,0.044855971270281306,0.09780736409281525,0.07952957393250504,1.3253722920207454,0.13247289806292914,0.8114832687169221,1.2651747326278504,1.7467771000973387,0.5767793586107781,0.678557888356745
797,0.12183713208485167,-0.9320099321718686,3.570781479447689,1.6660809077330478,0.7008951572178586,3.5272533505174297,0.4014741065652074,0.7280500087157912,0.24716455522628217,0.07270556823270713,0.6297630880012554,1.98158784535808,0.21523436771324844,0.8045412507300085,4.740078065836308,0.705612427937659,0.33846740333574615,0.5595454424236824
798,0.12852284285662152,-1.1965349275702108,1.9323263127198185,0.6076831253122253,1.607179511227344,1.2988350871070715,0.45418048190308447,0.5581794582014925,0.15260595988165182,0.11064573428511576,-0.41093447844583453,3.3150380052698147,0.09280739384376561,0.2785906293185373,3.2859835589666258,0.503327344313071,0.4622957356061467,0.7841583484444536
799,0.18217672201099655,-0.8421917503860247,0.6439107363970434,0.395327016158877,2.614199533235879,1.190639798207594,0.3654582407510573,0.3439377375640711,0.09950565279937434,0.03634075982565029,2.9949381716258077,0.447237653825644,3.7329475839157173,0.13247877637345845,2.3700331844202442,1.6935435923549098,0.4023833218129566,1.8866193417654458
800,0.2257984131515615,0.10843333573347287,1.1268841566063377,0.287317475504074,0.9870776509983358,0.33040139750108305,0.24735085971533433,0.5354398517404042,0.0786967844621107,0.03406229761401399,1.4693929472225487,5.26697590046755,0.23733199586060413,0.4079548171133757,4.445291376102166,0.4618726118952114,0.007145976265147574,1.0142202549165484
801,0.14022913492657363,0.473839997243785,2.4059177343976033,1.0861588527011727,0.9615693876794016,1.4028139426758668,0.457853987311021,1.064159936389665,0.46106461628395073,0.07021596235478911,0.0715677876194355,0.32291184812905144,0.7283570904950883,0.3081091659260744,24.47826641337362,1.2298543174406962,0.37684129717612247,0.42625659964653334
802,0.10668405508997778,-1.5010922993470432,0.9142078044096312,0.9846352003667541,1.5649325206386986,0.8608108620909793,0.6378809862406184,0.9081278018004205,0.15103214756610495,0.03397522250850296,0.42517204706065415,2.9162319313222715,0.9770074248202738,0.5895137138623829,6.931922379554011,1.6657479475884558,0.08338612971783746,1.2514055335523437
803,0.05860593683666441,-0.9099199750005491,3.485306107715623,1.724157825571098,2.0781299902500865,5.0066478133657615,0.37329736923799883,0.47887900058750954,0.06359164063249702,0.048135855947403335,-0.21006591085994764,2.9508662833496344,0.3541156088025191,0.4427300658271436,3.8870879661265763,1.4895719763881003,0.0876822297360875,0.20495432035038627
804,0.1580942093774424,0.31514916859072717,1.480287299783245,1.7963522883577838,0.867699859707806,1.504776063578951,0.2154845817796363,0.42983522109075556,0.08575586158473153,0.1187471071716913,2.9534203473345277,1.6267413732885054,0.3805406194313423,0.16106478565865573,3.2582731327030054,1.0598842363742078,0.04189915386818175,0.3466030291885076
805,0.14571093249801406,-1.0098647824452505,2.1406511484994986,1.8757770625272818,1.510281878185573,1.9974607453812627,0.2109526617170644,0.3118362803216511,0.2921648989682934,0.029772719148285474,-0.7818483449895659,6.353888668620675,0.13276827818828552,6.65065682206266,9.11810182543177,1.1362437103587537,0.08485116916474064,0.2124727755458666
806,0.08092478532540304,-1.2871755406144996,7.162371666144178,1.4713739427283692,0.9458035603630391,0.6170272951803889,0.5918848360062317,0.14443130133957988,0.2971317545076819,0.09992165063497589,3.335329613244264,0.8331397606145631,0.21439008512675187,2.1737990436697587,1.8535811981255226,0.4099083785946456,0.6803669132807219,1.3937784209915598
807,0.16433694567603263,0.21601099807353624,1.4970038868992377,1.6568522473160587,2.313641814178424,3.1996467907263133,1.2235125547212051,0.3786928662775654,0.19614087629500324,0.03502373372007964,2.297666911159994,2.16677370081714,0.35518389173926834,1.6544882999940607,6.1603043257806505,14.41749727638227,0.5127545246699918,1.7403808889560446
808,0.16032776989767447,-1.1987406814490609,0.651294088313467,0.7428911661022385,1.7967531725547743,1.077281296558544,0.2274760843145302,0.45807035201002844,0.0498564514050343,0.04255944750111238,0.9820259120623722,1.6509487443804134,1.3263442410352817,0.7667664994044737,5.022594337773595,3.1111397765228745,0.014750393332002855,0.9732664289878871
809,0.058393744864184464,-1.928697643550978,3.570395228470715,5.7334569426807755,1.150344005853162,3.0660224603291546,0.19897405065320015,0.49112173556533434,0.16549751124283296,0.04525320510305949,1.7860827778139727,1.3766081464716475,0.0525208283328801,2.5040439146297873,3.7458283780286443,3.2627003335026585,0.5127505210121192,0.32577331489434636
810,0.09579216374514295,0.06534811224410397,1.3211560864287155,0.9328672748107558,2.056228412143466,3.551907558497578,0.5253250454907523,0.8557901453586612,0.12034700260764483,0.07286922805534946,1.2843288812699938,4.851269521297088,0.7111368590571807,2.659299118126985,13.589575850627023,0.4185366057925753,0.02184131420572471,0.39992859184530255
811,0.13771338698647398,0.6945371466781575,1.746290840909638,1.4678527798930083,1.518472462204894,3.2208749309205373,0.2451654987276369,1.2470784563699122,0.07623225358915701,0.008455521549191202,0.9419849264408298,17.324911892712468,2.583360463552158,0.44445330476306444,2.880219478629338,0.40091735852290045,0.23505177491564785,0.20897731064667674
812,0.11538159313569951,-0.15961920346584121,1.1082079768769009,1.2469134646066746,2.108649653436167,3.2012975198267064,0.9010837507395995,0.34547221946015605,0.644460794589315,0.13258875514493398,1.02169889993364,0.6670672183783262,2.080025456349852,0.43326621087734085,2.9786605619248565,0.7124092973448558,0.35544188902116547,0.39662469741834416
813,0.17975324854261004,0.10096489152592783,1.8350115214835345,1.1277032772330278,0.6593485461090456,0.29037807550676814,0.3472713218617599,0.7804915399298595,0.43107782893634955,0.03498306505203795,1.7329079658149023,18.164923251045032,1.0135248159349874,2.506539155436178,3.475593678016475,0.21914926897856585,0.6948437444483759,1.4327196879547628
814,0.09858194913415616,-0.743224176422659,2.282338894695478,2.0639103166331796,1.049697916321854,1.891901974937236,1.0464476099106486,0.9564753824200258,0.4424882961366571,0.021705489133275257,3.8568410614675273,4.807120988166229,0.6550042099986828,2.0057443484249093,0.7519988372020329,0.7234186263642306,0.2638288666482731,0.3668697641004657
815,0.15762225518904543,-0.2432200194799728,1.7426790200510671,1.1956692442322425,1.954939733893594,1.6340662697428694,0.29268422996159316,0.3800217239087454,0.22492195543000723,0.051541918981695654,0.24670511286750113,7.557783251580361,2.6357814587223314,4.651772387689944,3.7862429919863896,0.7203217451914051,0.11323790287300918,0.09393770507988582
816,0.0849943711625121,0.2521838978218599,3.0782433333878156,0.816929526798944,1.4276992034392193,0.9588557767022314,0.20128853558558707,0.5352387926256968,0.16174502204382504,0.09077349389919522,2.2084029758950434,0.6777190511064658,0.23897657455176005,1.5677650600536464,4.938892041754575,0.5869815517639569,0.09517878691099356,0.47151748219050726
817,0.08055359907659099,-0.23898136037581835,4.46567971592899,1.3474208896321884,2.0025938481370744,3.058055483310148,0.818175850970062,0.4233208358380308,0.13594639378077725,0.042650179298950285,-0.019481353101142185,2.724760053729069,0.6248898161745542,0.49751538616005775,3.68056588021275,3.8627298349913093,0.29604520739799545,1.180216099967688
818,0.09840028458584012,0.04032498965272505,2.37998832716305,2.0776404547095195,1.587057704315145,0.8360618416720224,0.4591519959994774,0.4383489444428346,0.2626391535599958,0.13670299173746878,0.998605736859954,0.5397875894727615,0.4131715951920305,0.5664602901424,11.215759629569504,1.6111859265324613,0.05990653402938637,1.0928275385017348
819,0.09779570868253375,-0.5113810595098985,2.8214883503561294,1.3214476460506357,1.2394109996710296,0.9758080540461552,0.9094307996043935,0.477232868478221,0.32432407260605667,0.20452403150134718,-0.009438983318157068,0.6577349857170144,0.4746481751763546,0.3990930167256574,1.0085791972659977,0.37024471934595937,0.37519444190140494,0.5717419510298862
820,0.17177790579645888,0.34270615709926006,2.1904959702390334,0.4739237304259776,0.7947165670620151,1.7049661336181279,0.2557624314819238,0.721754146404915,0.2813376923850034,0.11719840970155496,0.9154758700166505,2.6023660725207844,0.5367947206748039,0.661757112732601,0.6033831863983875,0.7261586298893234,0.19661614713845502,0.47432874065421116
821,0.10593080717240422,0.4650218118896271,1.4806297976542713,2.075729633112739,1.5543648383170003,1.5740434704576858,0.04984104621844039,0.38432913892929144,0.45211972091696945,0.07430375168811951,1.5970131623021468,2.8642199403899333,0.17149031602890524,1.173316142711396,7.390754539264386,2.2891779480327004,0.07113571937064157,0.4824892865685763
822,0.15202077771260697,0.7673205054441785,1.0534333021651856,1.895629427403857,1.0014441321249783,0.8468926721907728,0.26833968610673015,0.8576187145221379,0.15538115202621644,0.040360812486148284,1.0119330490422762,10.555657563862047,2.8177282140502107,0.12370096138124939,1.265994104168105,2.9133721493340725,0.24717769005588278,0.19343604345973214
823,0.16079481877771418,0.5363165920062022,1.3076234659795105,0.7042394934081092,0.32353432891467615,0.6404471002635627,0.2866265837612358,0.4983185903715278,0.2293924782372917,0.06769629892293434,2.5148292765817173,9.78558214762617,0.21378287911762517,0.8462459539099267,12.166944227292396,0.2672532727939237,0.0049562993167832775,0.07694930800117715
824,0.13065831347296908,-0.6784463209735093,1.7142979923783794,1.2319958717504669,0.5770622574304295,1.1921415322578597,0.7519944285004163,0.3434545688226974,0.06769842160401082,0.021274070163104782,1.8191639941702844,4.108103671032321,1.6954598819083053,0.22335379481385578,1.020468662389822,1.3614357254426848,0.0712947551691477,1.152001715120165
825,0.23013859695118494,0.4134857397718875,2.156378876959588,0.5363496521273123,0.29177742065716866,1.0306947292670257,0.3294564855792483,0.3818355957938711,0.12866925622772687,0.09328686763419995,1.0797952893464715,1.3079459557644928,0.47368517427533763,0.426525594606174,9.309531829186446,0.16790470352278786,0.1546179032875047,0.9537722378025659
826,0.05060362915029304,0.17259811629950783,6.580760199773283,7.355088500248612,1.3590291359658748,6.499695775016983,1.0057438624096904,0.07802853966072126,0.11239285002563762,0.030378590859017302,0.41181677725872357,4.265098151919839,0.5782638558166765,1.7035200678276519,3.822436623914562,0.9340410172452596,0.275285268378185,0.6688609575678328
827,0.22689272090840729,-0.6385805407085514,0.9586753427490917,0.30477650002603984,0.6981177257027104,1.309898962484933,0.2334072109037955,0.2828396195134084,0.4144977888125662,0.03614553753308527,-0.07565435986150648,3.9858671000293144,0.5064662722442671,0.8039160649863657,2.2267152809081097,0.08606738351120659,0.12495260088457041,0.11321165664408916
828,0.17623844582800705,-0.9943070405131428,2.1257649242269676,1.24865361037174,1.2778558806629317,0.2588643016088369,0.3733360994204384,0.42711888076229837,0.13172567627129117,0.04784358158846952,-0.20678180339314878,4.255075825027769,0.13203676229630718,1.021438481509054,7.085130884358664,1.902850348275686,0.6678497011573157,0.4187539641630168
829,0.11046923125537227,-0.4570932474955511,1.8124278212884282,0.7212889350711341,0.3844710272527861,2.0480489576803604,0.15379438036282916,0.6886663270113962,0.22480549066276379,0.060251046509212834,0.6119763357151136,2.248654661974883,0.10574565190075588,0.8556221345203981,2.3680823168334078,0.10963284361516411,0.11878289651488631,0.33536022544153715
830,0.09316235127560962,1.285547201313214,2.4904779451884655,1.2974571250210192,0.923795489028924,4.771437622659492,1.2657145532344145,0.45970720209497073,0.2613678898112196,0.05272338752990426,1.7276002770363945,2.5852976217728294,0.5729243314769088,0.1150816956428166,1.5176121791801236,0.974557807314153,0.4057313813809382,0.5982396539637806
831,0.19174107665241225,-0.8494445782700034,0.8955466364087933,0.7781029844365879,1.0499045104729743,1.6264048800856075,0.30842886584776963,0.21346331100805443,0.2835463326575396,0.07756443411779462,1.5420067940148958,1.6388125327275698,0.4789763318866836,0.18088100655099837,1.131975868674215,0.5675069900272098,0.11353592556640206,0.4496311154448093
832,0.1223347957623369,-1.4732471013400728,1.6612571730551537,0.7393900198358285,1.8588335330568064,0.5621310672408698,0.17492227263567242,0.26586230061036836,0.5417130681624928,0.03904743855178623,-0.5261154594560308,0.5676671746119402,0.41949178508315765,0.5850621571329293,3.2842660268387904,1.2261831214487549,0.12666423807888103,0.6160408211689813
833,0.09375422468705252,-1.9493508203664223,8.406965501450866,1.8383047608094836,0.9322803119169834,2.0807375307852243,0.129058962455655,0.4588337847121482,0.21858139956257447,0.023384535392251812,1.6169691468663792,0.6610224479807447,0.4188743786236183,0.6611624309283292,0.9797155475041849,0.5099847227673369,0.6505882418712691,1.9662732031144239
834,0.16692413896560954,-0.9082426348350588,2.7157483791192005,1.0576762800286108,1.0822606102964727,1.1696157997703442,0.7061419868150567,0.4210110418110529,0.14957378464790202,0.052046617743007326,0.19930693483151563,1.951513672916197,0.4181416875626571,0.6851101427564944,21.98733251843276,4.923949235444732,0.1326981278800065,0.13441757593171405
835,0.14647610539171607,-0.5578951566812363,1.3855262963927972,0.8549081993808271,0.9164648910472399,0.7149593375608693,0.07148429549571717,1.0282148879482278,0.18928231514471033,0.042118277192802776,2.377181656201943,4.271394884542451,2.0162112488464152,0.05878915622142484,1.8770601582990256,1.0990151476068248,0.050227674640679676,1.0368081827842446
836,0.11152216417017786,-0.024230372790077014,2.7663182698926585,0.6575963168101443,0.7763653017545754,1.7832420418519743,0.9402638969840775,0.3643395407398995,0.3844962231062598,0.051384604569986246,2.60354693853735,5.591534190766292,1.7794371724683633,1.7954874092628792,3.6663688742877585,1.1124389071064562,0.021884575964668678,1.8333956936031293
837,0.12228136930590447,-0.8552480614522979,3.1845350991476886,0.3552198978014789,1.310703737302036,2.8039794018473536,0.266102421951177,0.5565209267661524,0.18376446929519819,0.03704514054147209,2.565562878503561,9.376795621709919,0.7074126169505347,0.7472485819866245,16.364652536194033,0.21069728157313672,0.09211212686849043,0.40689708765211274
838,0.19508857588469175,-0.2845905579528947,2.3687762519649618,1.0884337098147696,0.6965668091707211,0.8598337539293643,0.19607151838526984,0.46591909559388583,0.3306701631326181,0.05942053577436054,1.0380770696286805,2.9848650682137907,0.3247289746966168,1.6390714390418513,31.552082582869073,0.9922041056278232,0.07569363254055117,0.13975085172653334
839,0.08304226404928286,-1.4857457806624024,3.4757841634360784,0.5675495071266538,0.5367327145553414,2.1745563687558946,0.22458577406415717,0.27913170398157566,0.49109377208523014,0.018872607379336236,0.3166865307166724,0.7163108824870489,0.4667776114578097,3.170850501284629,0.498136109801815,0.3836835038497622,0.21542008802290927,1.1339909145536544
840,0.23295090944220387,0.5246478114308645,1.6397079383469175,1.440482879515893,0.6673919064704784,2.355399402861039,0.200095975307259,1.0513760782761117,0.42580672695367894,0.11578974512604574,0.6880031383796839,0.9471109239805916,1.2947010335501923,0.6491270886501355,0.865301555622214,3.3213119381910103,0.27791924655815575,0.3515952909933395
841,0.16553662636500954,-0.1277745134184516,1.2992321988595692,0.6765371464092241,1.5075632517614213,1.8299564101354433,0.19313023726423353,0.6584398546963846,0.16995593007079135,0.1075940457356466,3.1594050677474415,0.8827845112108844,0.32712588708329327,0.7822771042893665,1.2239032465465067,0.4267312275145803,0.22035378255704013,0.1360429104288321
842,0.08401554887742908,0.731306526890603,3.205179610005105,1.7967335917712473,3.1688633651795026,1.0756150964758489,2.568649062957311,0.4313869147076513,0.35201826324145763,0.058881036722594225,-0.22523812116878206,0.8398602842765971,0.41482913053704623,0.05155944399380291,0.858844637392597,1.1036164030335642,0.4943897642335208,0.1990431388147693
843,0.15235433919440292,0.6843698054269851,1.8479771668782583,1.211073724594269,0.9740650256653406,1.7552081447430208,0.24143780254940217,0.7715177728988748,0.43161646300294354,0.12816720801071957,1.8453040842206505,1.441176952312555,0.850148598696603,2.014237339232181,5.730417134921357,0.3399236643589633,0.0920811229697897,0.8412935611204249
844,0.16046463568783473,0.5429011389310237,1.7657012058733843,0.17747571447641178,0.7227902787242529,2.02904788541733,0.19720052982825886,0.587182606002474,0.17367847401916933,0.07784829846581644,0.2537788812156974,3.95207148697306,0.4820726777661417,0.9729255385812342,2.931930800261501,0.5348797826223495,0.0367012098366801,0.2957898109700053
845,0.2103163606948924,-0.22305243685030848,1.5245289827141297,0.5716999113338193,1.0724323437429866,0.45437221024904273,0.4048556619075212,0.27693126731342815,0.19079296125112952,0.05330461768133424,1.6831434688184963,1.8233660461006622,0.15038413654234772,0.8722031607769146,0.9729535173499297,0.5324081558253617,0.016516497604556306,0.6525001651126875
846,0.1336450470127733,0.3024566308950912,1.639432929151355,1.0941926739717982,1.0857888524325818,2.109977236866569,0.5643827316938824,0.6311032636248443,0.1851219899997117,0.0710211852339432,1.3067591230239826,1.4175903545336264,0.8053604173734793,0.4787204722051708,6.8593783223625895,1.2674740369996,0.127227327640807,0.388336876256035
847,0.17824457433278776,-0.2531547129034428,1.2339946110814564,0.5612721831523564,1.6256267051690665,1.0805378222033228,0.4501437384934727,1.0264330259538474,0.3554997015484974,0.024970818263441046,1.451427771422936,4.773502449141489,1.3486372695664757,1.6419069842169352,9.823576647959516,10.31863767852876,0.039878878671750904,0.4125177065856702
848,0.11797901201994289,-0.3874123042589273,1.3699643895522986,0.8763206420696487,0.6131927405595793,1.9316265966617756,0.6237610323953645,0.5413128441475852,0.2651623292237444,0.14296237067806794,1.5298449722104734,1.0850912219593487,0.83637858373753,0.6372571814136043,0.7838844859458873,2.859368991833128,0.09769344049834583,0.26672876246664695
849,0.09639490836926914,0.1986530283767175,2.2700707830241074,2.9383272083650094,0.7795729868956952,0.9981579336064295,0.2712819694325655,0.8335053531293988,0.48546485379860277,0.0512084057950899,-0.14973586037310493,4.430517020788009,0.6242994755256146,0.1632201958189667,6.2381374784844175,1.6829492519134779,0.08243166588993872,1.2598713660820529
850,0.12011557301827087,-0.5852501674043127,4.3175886004927335,0.6796832710769458,2.099456245881422,1.4181980318047531,0.2834074941961318,0.23510970993867217,0.13437632004107114,0.009066071784905427,1.569724352227771,4.333311688168192,1.571208206482625,5.773474272045981,2.1278840066573754,3.8418845052350634,0.1503146586978867,1.5930919794846794
851,0.1273017210462743,-0.4378591602000199,3.614928345017489,0.5982241790843251,1.2955377740450233,3.173452340930005,0.5693671411970935,0.45466024445983066,0.27921364482795835,0.11544845861816048,2.8778429227863813,2.919179108805215,0.4686030572337258,0.06556240793534648,0.23230920489438936,1.1000679844822498,0.13427465020055884,0.5523074851956544
852,0.11929042569030261,0.9814806687438788,2.5528574079343525,0.5601026412035326,1.298152621894311,1.6966526367995538,0.10459404696213545,0.821463947492021,0.3931887142329213,0.09101010479689635,3.6742734391456042,1.1689859307265427,0.7656607967095901,0.22451098885516957,2.432657302471478,1.1654434098293909,0.0625854780551086,0.16915615959472893
853,0.17562813255943419,0.6418402060531908,0.9156610472126296,0.8191110557717235,1.2702165043125007,1.3534856877569463,0.3844587908667017,0.28932518683587416,0.03533306403461541,0.05382693998432744,-0.04989918630903978,3.0124197196644515,0.16594720097513305,0.4502908445396371,10.680697070421779,0.724518352590653,0.14741167408968978,0.4731723309780013
854,0.20217009574622408,-1.1290671168023108,1.213033859952651,1.243641338053469,0.5011645197127904,0.46573781438016065,0.21176998621244375,0.6190083863382666,0.045830865370529335,0.18702973542355997,2.5694930756241554,0.9116241191998102,0.20745341852917376,0.31523035156178386,0.4641267249982361,0.8729825326594532,0.20800778901253542,0.9605948095735546
855,0.12079560719972063,0.029575013905778064,2.754002101214704,0.6400347024377808,1.0661316653825486,2.520201203610266,0.5230645516339445,0.4578050949851967,0.26594727246584576,0.10717180739244224,2.5627734867370493,2.0278185222325367,0.45186721430591004,0.7747204502585091,0.31450286095780333,0.6689543605463205,0.1652538576039029,0.6302352042663893
856,0.13284205224642395,0.9650100559698148,3.300343048672824,1.0821911289924067,2.413938615611535,2.1838319735033003,1.1928847112614975,1.5409165697647202,0.20447764038793434,0.08713277445942898,-0.2649440977522509,0.8249266290131592,0.768122466991101,0.22659668592288162,0.6225982941680899,0.2954473336381301,0.17790180133992717,0.0688937967541854
857,0.11125293528131047,-0.04560228796992884,2.2826796333794475,1.7927335704029217,1.7092468027861267,2.295610089407364,0.9760402152709539,0.8289835639495228,0.31108882331683546,0.08951074131476774,-0.640974728708911,1.1915337376974464,1.075790971124049,0.836955707983279,1.206368097748212,0.7988391170852447,0.12000765683357081,0.5072818579680579
858,0.10366126047805255,0.4847196539302279,2.979753634819243,1.0432731136431903,1.3844981531022489,0.7998559196893374,0.13015858080339143,0.483477613073573,0.7877943443463399,0.04215260405341521,1.174721276129142,1.6477110798373644,0.16614317894316272,0.6685890256569144,5.636332009202759,1.0243794949781204,0.13632536214406257,0.25667787517143736
859,0.09193435173008038,-0.9335096527883526,3.888686405910222,3.187984772129272,4.682478752684615,3.387861589697798,0.5363500581708178,0.3137802811842885,0.207383586218272,0.14756851159408535,0.6593309377177572,2.9551626023498074,0.5277199694771029,0.30523971141937145,1.4407707225433424,0.693496340666181,0.346217234205846,0.34588132666565635
860,0.1247104072558366,-0.8477578148451564,2.132923476890856,0.6713659021411933,1.6895586976270505,1.0975544337954557,0.4629933954139643,0.6890222300783699,0.0742060149666008,0.031187195560533773,2.8253871614180457,7.417132794110396,0.5948438150474484,0.23024988131537,0.8255803459500648,22.0093330554543,0.19075705776088098,0.5171299771691137
861,0.0729984714976739,-0.15821688616226734,1.486752929714805,0.9394609589326239,1.085271242223397,3.272544516700799,1.1163081260486771,0.38171190714881625,0.4688310971770401,0.058905793472500904,0.9291207469427513,1.6184371978500833,1.1098764623473527,4.756952168841984,2.584992332747865,0.25287905585007386,0.3393544466444853,0.5332376049512227
862,0.1798896786405232,0.462960785050708,3.2001983839129537,0.6618234397319559,1.5195562835897547,1.9621275856029488,0.26608690874703184,0.25504399218429924,0.12410629931689078,0.0846626312460987,0.7725694545812203,0.7479753226452527,0.09424170754442593,4.3605396235437714,2.838698448404564,0.1093008418296748,0.08419593483480334,0.3281275620486615
863,0.13695245981354215,-0.07440833617359105,1.5589860229247032,0.35792098779819964,2.572856382608269,3.8849224198420282,0.31911054187806254,1.1053392908707933,0.07446391587650993,0.023390890047313713,2.506756620865811,10.955038763071768,0.39071547117009015,4.449758701878345,2.428672787193172,22.116957564275403,0.05909984737982371,0.33826611143788543
864,0.21805906146301904,0.46893619826692556,0.7341228511644526,0.9789538617874467,0.6169044240855136,0.6859840979751681,0.526452057154181,0.700667599787545,0.18898505666570317,0.0442322463430743,2.822797121777345,2.6114510844101475,6.7937645448440245,1.4279170588858137,3.7801007041952923,2.5242817224051444,0.007379256265280214,0.27328082697123907
865,0.14204597722688186,0.31118369510924343,2.1987751089885834,0.6552126216855406,0.48029876427686863,4.317501716330019,0.09707110554702725,0.7255643195974208,0.19493642139902284,0.10407668987998495,0.8874338425061514,2.951612815427678,0.08268674753685688,0.5703774187767714,0.9219013520043722,4.409467690407853,0.13253632116525746,0.04961266026227726
866,0.12091213661589051,0.06361648832630545,1.306489778780312,2.0270308818899836,0.8017504221495483,1.044008834172692,0.2885606762775054,0.6543420816970585,0.298536265678168,0.023929675461288463,0.5752677237918877,1.844450401479744,0.27654491529192915,0.9432509090809268,3.3015051164384266,1.5475290885425834,0.34275234485156236,0.4202629039860355
867,0.07464276904947056,-0.26617573119646515,1.4891170510688554,1.6214749366441938,4.503138542691165,1.4864249518009889,0.3952896838910588,0.7938786775227232,0.5748991197843976,0.04092764562948715,1.3006031872180186,3.7257386610772376,0.5616393782460883,4.938713112213383,1.8494334163686883,3.185861531393695,0.08747227165904138,0.455145642318292
868,0.18157691129399345,-1.545470279933519,0.5805910164621899,1.2543007977766474,0.882669466101811,0.8008580094984173,0.30673717530838507,0.36925821601616626,0.16401081158340755,0.090513301471166,1.2120937593843886,2.5396826266037236,0.797303393286054,0.14795988924731293,8.732572914694478,0.14124768344873714,0.807803197339798,0.08574101931545544
869,0.19547925453403678,0.20333098027437263,1.9530942425451288,0.30140296243860476,1.0366013215202787,0.5885960279730721,0.242831893199769,0.8360834954145936,0.38656455549301044,0.14114972274223583,2.0365406303878917,1.5816428294717497,0.11981116419588071,0.6868699147125719,8.702068430094178,0.4405141740342996,0.2587084327391511,0.24876368583322128
870,0.0894779081458424,-0.5117435882991115,1.5334586743192031,1.8398814563782624,1.3174779814325162,2.5444378558204943,1.6878247407880975,1.0287309057997407,0.4537724448246836,0.06193177136557074,1.931136755037863,0.866998211923612,0.20910110294594986,0.4845971171295373,0.396796328075378,1.8835492166630974,0.11074197400622288,1.1381585392438602
871,0.13241342680082596,0.13039905700902849,1.2798197263915996,1.77864229655579,2.026153769955886,1.0511672640929526,0.0446043580210234,0.6590804922282479,0.12878782301823927,0.1349834072893706,1.0036897777843818,1.2166955870013487,0.08434490359788845,2.379444427594386,4.891576930516676,0.27368353430703796,0.2027143457797349,0.3177651357921406
872,0.17334543023825247,-0.8425421296899035,1.1058225892430678,0.3854363531541682,1.746309469760559,1.56398190872924,0.11819611783557314,0.3155807178897926,0.17984235291298883,0.06321389552513175,0.566092796527568,4.953530110278195,2.2595410963999334,0.08903292415061134,4.738413185337587,0.29497363954502587,0.06133489015531212,0.24658438545112157
873,0.12772123030915966,0.626266284562565,1.7665446987931395,1.692836349989444,2.8191799127674315,1.3788673969278415,0.35005915528739934,0.4772296200168901,0.0877269880942726,0.10638817644807255,1.8257985523187155,2.1777904153463914,0.6242965233084904,0.30882680304790155,1.9416114422979909,0.11857495259054925,0.15340826726069423,0.7579578347041145
874,0.09418392204942252,-1.1946988736402098,0.18641071427709371,0.8257321888343366,0.7620122475937708,4.199701871187413,0.7979356622874068,0.7841112298864592,0.08467501898151827,0.1066394449836769,2.181694695069005,3.1786838186430737,1.1357146582086723,0.36553080773077073,9.627674110693421,0.1610381275714137,0.052756456329130744,0.43780756871996573
875,0.15986109462406664,0.3457153771862775,2.6745234467827177,1.8163222711407139,1.001263721163432,1.6768917417918776,0.13396008221614866,0.06176568613009897,0.25475323042056447,0.19968764063843136,1.976075308019986,2.2139315001086373,0.5729346421197995,0.36576239872513283,3.656266197439776,0.8427668962715029,0.06981113728972421,0.27029771472541414
876,0.05641453416217274,0.04363353712849413,3.5613008127128016,1.0076465949204227,1.7382048099165714,2.026046687994619,1.1198377866603189,1.1307717514008964,0.30211466379304563,0.07226364996772822,-0.4232497342517382,2.406480946273309,0.6518874998274389,1.1096149369216697,2.943564930212001,0.3847415352278169,0.2629014353442014,0.5201460777320621
877,0.14695346684510688,0.04826600253837404,0.9756458969907401,0.7838503282113853,0.5808866899977677,1.729044644299451,0.16756049231794629,0.8886898992271732,0.2598317441142708,0.023087188718241287,0.877769352443589,2.635274304008495,3.6492490774042747,0.6854720705669991,8.185097216646666,1.1562873336718893,0.131231918814424,0.041844088381861426
878,0.20447457260859686,-0.4325026299135647,1.1549372511442841,0.6278236679471862,0.5107700321522443,1.7145890784689963,0.7272813188553223,0.435805080002859,0.20344823902811296,0.08394954022897506,-0.38413898709502386,5.452371087650597,0.4878289327735911,1.041301131946422,1.4917586398427556,0.4585426517150017,0.40733780297974626,0.9662935252216124
879,0.17061268636295335,0.7363973390429344,1.4779193881313926,0.47284033752063126,0.8643717197449554,3.141907039730655,0.5342121088008224,0.43281091725205306,0.07888411524816047,0.08790458937809863,1.0345294335052246,6.034213704587427,1.509387614044188,0.2637220728516271,2.0268237657838317,0.5094171234903595,0.12310887817629072,0.25924150888206243
880,0.05703312016070823,0.37845738080781754,6.607761626239568,1.0579318724364235,1.9948941366920254,4.549312692311774,0.30368476087062857,0.3688718242810443,0.14307225073735214,0.12156934139846617,0.8124413104175428,0.7673229834322044,0.4915668559292101,0.11918245091069991,2.1817764496256262,0.27952779595642196,0.3346706691559665,0.6197609407860423
881,0.08061212615057,-0.9035271528808778,2.151796928426322,0.7942718414787421,0.860490973430649,2.0399666163943406,0.29126562399860506,0.6430500604578014,0.09741220201194768,0.10419965811485407,0.8069014007127221,0.4637928399980514,0.1053617774229065,3.2806943046985135,0.3153101194500516,0.8761540784064588,0.0707492642192025,0.9363038811126704
882,0.15830288721794553,-0.6107256823790959,2.791955585334467,0.8707141299986785,1.3988055186837052,0.4264278846839859,0.28551388929804705,0.6358278324089318,0.02907340760551229,0.11388248738696319,1.8173659797689585,0.7071509582208825,0.4526081537469573,0.27011524676674425,2.454661600918301,1.5417795047628322,0.1535957896439715,0.387589815908927
883,0.19334500877711025,-0.665299214729032,1.1773176306220672,0.5889826559961344,2.4454480355686345,0.8419223157856293,0.4388261507490105,0.464431722796472,0.10125255236253876,0.12691626254966548,1.554816440057329,2.368280473523064,0.14566927653301237,0.1577107072782118,4.349783692049565,1.0563449009382269,0.44763912293013836,0.5378119768248967
884,0.10098751780872019,-0.8283341659455223,2.06772206814252,1.3038321743701946,0.7106157478225433,1.3523345451183089,0.2655572865961859,0.18816148388375636,0.28022827801538286,0.19349228056591333,1.1152448314919887,1.082823028632961,0.969705758809514,0.44098235548101655,2.6035851503849496,0.9452497983029514,0.06884157808466544,0.25832735875690993
885,0.15099871847457585,-0.3764296140102731,4.410694629323735,1.9216195620467402,3.236987008196501,2.1586115099289724,0.49688886671681326,0.2577642083604158,0.0970396794858959,0.09338302498741631,1.8430180988421934,2.6749846405039563,0.13196529522672684,1.6633176549373871,1.4780094318387913,1.1322990678247926,0.5204621972460549,0.258314387183684
886,0.08284466942012636,-1.4137006364784372,2.822714569849892,1.5603405801066035,0.4180874768316018,2.080855159981672,0.10990365587360831,0.241535193058952,0.3095380384310973,0.06596494397779817,0.7715171411791404,3.0854717742404,0.5638514837961696,0.23944679215196482,11.533242334806587,0.13963771659945035,0.7144922318323136,0.3976682592782229
887,0.23968889460803258,0.7583877889660785,1.2374661938617826,0.7361105407894285,1.4735944808532992,2.182384319827928,0.3218425154554227,0.19434537669674395,0.13593559982304523,0.04868239100375609,1.7333998251005291,2.2649918821567656,1.300502568572822,0.36610034313734696,0.724968496619895,0.07309719435133454,0.34978766319798604,0.466254005467327
888,0.13697733720401015,-0.3689378561256876,2.529729551191124,0.43637074795424724,2.3039065230655607,0.7723384957813416,0.4438833085332051,0.3298056964614661,0.15168110001315524,0.08561643124109536,0.7999260376383621,3.336618657035032,0.530601853096606,0.9686398493257655,7.481331174327474,0.9421065873208113,0.09805537658535764,0.40690762618316334
889,0.07056436957138261,-0.5395783555284291,3.2282856498595565,0.8126599408857228,0.1364499062301302,1.837252082379465,1.403485701333938,1.3750231846780532,0.39750262953835563,0.04698540334877895,1.19931114077459,11.069735351691401,3.516594389215526,1.4335123605692717,6.169339861962921,1.6483599012742849,0.5887586154312818,0.1733849768380132
890,0.1813914053754371,-0.06431909981502683,1.3785485541544338,0.540660683970532,1.0964247394819249,1.0224558200980582,0.16175017643666958,0.6124169319671171,0.04299002776907797,0.02195037069880877,2.3214313190019227,9.707251360994658,0.22882968255659625,1.6468165744036272,1.9733922413872662,0.12280016643230754,0.02291823976594148,0.22852712827543248
891,0.1983191404282499,0.48999356771641134,2.3130149715670556,0.32294211377728693,0.7612827741148166,0.9935297609939606,0.11340384221755329,0.2760396262558418,0.07859675835484661,0.08859575409230143,0.336037383471942,4.956977388719094,1.3200010850108526,1.7661460201016141,2.3403981807802876,2.4242588830348377,0.024388529890032637,0.3914192998550359
892,0.14170508746836907,0.8759058490611407,1.9278018045474279,1.3188196624967115,1.1579195071375799,2.2839379280754755,0.6989090904226694,1.2031417888907925,0.16585398101429685,0.05900682899817814,1.5079074487778905,2.158000603876002,0.364452738360404,0.4224679489835886,1.9243273398720717,0.6201680210756612,0.03524141140594363,0.5574874639049267
893,0.10238992151921764,-0.9815329531013132,2.724111380747855,3.5740818492276936,1.652490515974176,2.5593346370348162,0.25943803616734906,0.45573280498723606,0.13647877316342688,0.015098030145316636,2.4406796929297596,2.1584095069538654,0.17218651461556359,0.4324970726889803,22.19264792656327,0.8665880624902137,0.29704180769305966,3.702003531499365
894,0.16453189633660922,1.0772500240410543,2.4123859692091023,0.6995286738086826,1.4036921626569074,1.847792982289414,0.08896010387161753,0.7227006941458969,0.2878553214688744,0.03572193895711566,0.1022470214668848,5.405190571773002,0.5732313332906485,0.22569670757168878,11.060693192589886,4.997136015897399,0.527203341003322,1.9150129065916175
895,0.17044847961269502,-0.6573866994243031,1.0240983654196099,0.7300699685568961,0.9925570552123817,1.9997324680010227,0.57616299381345,0.20266612417442026,0.3326078954999183,0.09748824587817752,0.7152601054074655,1.2474548472162696,1.9147863864369585,2.9052097610178875,0.8966301639250216,0.5840866272079962,0.10228934517266963,0.0412531531601169
896,0.15681127956433297,-0.8777015549311263,0.4679460263058409,1.228354133331442,1.1055636046322939,2.4078380935807036,0.1273310784675465,0.6015793322466167,0.13604993136288948,0.02685202224523707,1.5006419897881353,0.7969531274188583,0.6943887078207209,1.163898982931278,11.438877083231622,3.1914216637147064,0.10865486052457109,0.4102523516441379
897,0.1257655482181131,-0.5566150750532799,3.028143702462705,1.6475865303651938,2.9589146605480168,1.918235817636947,0.2417708902076992,0.13830661811256675,0.07807698212284699,0.06317086520360495,2.2729448172791784,5.839887107082095,0.3700831911403611,0.2042743878854653,3.3820252611510986,1.1449814952865185,0.07039242670036794,0.254767960813502
898,0.059001371705350324,1.412928806260314,1.315745677872983,0.6111132894062027,1.0796716747170991,3.106653293882225,1.0455876370393555,0.5308928667131303,0.09506249801562983,0.0270053698260392,1.244867411089222,3.117835778733835,0.6646201753195168,0.48998080027365765,7.651144835214421,4.365967442747426,0.1979866687997922,2.6668205811652883
899,0.11291471906818408,1.6099578989100327,1.2829741252912743,1.6351571651875025,0.8652794220587481,2.67575231402033,0.27869685360047375,1.1725953010057655,0.3447187505294917,0.02742867942342867,2.3896776624249414,2.2730668687276894,0.6177557598802353,0.20213768783231487,15.324056375633953,8.589297721884941,1.2596080029091334,0.28656649875178447
900,0.11872020981757725,-0.9330320891160496,3.1686487296496817,1.480016192238635,0.3432388177605,1.992237384796607,0.5832249321797519,0.9870814966809437,0.411250666448278,0.08644792019257722,2.8271250706949558,1.5422176870057056,0.5486968843929567,1.619170187280275,1.676082600325573,1.7152873523181125,0.1343000451825409,0.255065761801402
901,0.11839935294461025,-1.443252926073521,1.2329956335574082,1.6459615569411365,0.9132561291525174,1.3429211204200744,0.36020603980919674,0.5115494686954335,0.06566385243533095,0.12655879124691446,1.5881514474227643,2.327369384162612,0.5590434732773126,2.3022091362026575,0.7467203045997958,2.438146418968938,0.04418223718430673,0.2854777979852559
902,0.17665148462350144,-0.0952861821608201,1.879502502492488,0.9541407004306764,0.383165730875207,1.6438892033081491,0.12275630298438699,0.4180893114514443,0.3058979809401408,0.2408585052268249,1.486545729415404,2.8524795166318753,0.2005037524623063,0.594523540510064,0.7617062846576381,1.097008201920608,0.0725388913506708,0.25092611264777687
903,0.1561502257033688,-0.2525654332318482,1.9152762029728394,0.6799106482351341,1.2551845582994123,1.0115990663752967,0.8363958683534203,0.34967211417709093,0.18632560876946624,0.05943794440495927,0.9237023504624539,1.9832300253093587,1.3012374074636366,4.817201343635908,4.035083189658118,1.0329620072615802,0.07586820639551417,0.3589185495570538
904,0.10696888853469524,0.8908195497389773,3.508511016274578,0.4229553612744006,2.419988684316777,4.128627100048112,0.09953622745017036,0.26791498183947865,0.340561607189572,0.1264621195701433,0.5325889194192703,1.1664457026591208,0.2751980473200424,2.2550238655291066,16.559215187976747,0.6577691365081929,0.06817474608687413,0.5232749391451449
905,0.12886714133938795,0.06587124389463261,1.8313263663999297,0.6240212353685775,2.081780704895663,1.926986186073956,0.13690144395866516,0.6972025896006546,0.45231832650652665,0.05794866651447605,1.3783138349147706,2.221288930174418,0.09017398644381087,0.5862818886653008,17.852092142026056,1.3156094297944114,0.10115941520145728,1.0091884745858726
906,0.08270966684727903,-0.26669771457246527,5.491628330985701,2.297333377718964,2.0078919437289096,0.4434744834709421,0.08639427126297354,0.48293257055226346,0.14751176151110987,0.18483201112786343,-0.00581278305221411,1.3116885722919713,0.6135451941345176,0.5749960366628,1.039117604679038,0.24728529726502396,0.24914856656187495,0.18096362129876478
907,0.07804508424392034,-0.6225994632947782,1.6399248448472694,1.1709785841567868,0.4567231332080125,1.4190086363295358,0.19858077057300924,1.43131620187909,0.4924523404865784,0.06826992684940535,0.0852224131593764,7.683497347608789,0.5975704728135692,1.0940717242944036,1.1637371503090783,0.480653872836253,0.1342465696647242,0.5845479847126397
908,0.13739187895271893,-0.945177248048048,0.3519088705262271,0.41023667667495844,0.5894415024415048,0.5410874110828509,0.8888401359258817,0.910537546012472,0.6566443498756904,0.031293888077892185,1.6935436020972539,3.1309892189838826,0.7912346941596846,2.7273618788015987,6.712244651309142,0.35078398330579497,0.09231991715071655,0.17654728693342495
909,0.21711639522797965,0.04877523636299613,0.809359319581479,1.6746658120222768,2.153415069391425,1.4302508275896015,0.8841069176882927,0.6002189641317508,0.28394983841396965,0.048804294100080636,-0.08838672499459424,2.1119064741573212,1.7206455299183496,4.154464253539749,8.221813630721552,10.179375624881631,0.10158252955064244,0.40038654105100346
910,0.20831637758784177,-0.4272498740115972,1.047057721092476,0.7383276671693694,1.3603249651231029,0.6360587916450748,0.394661496413305,0.3882931237552143,0.13001175159511258,0.11827643625566435,0.5680259379358529,1.0850035529915307,0.9011517959457201,0.6293454784411037,1.293503251178429,0.7341070398933413,0.1993829878582903,0.08031064770297593
911,0.17313626942437482,0.4051888858701264,1.2529420943598706,0.950263852522619,1.4351303310494188,1.447744904077785,0.828262447665454,0.25833186740926045,0.1726544584877392,0.04961271804511759,0.6908640849462936,1.543803957775764,2.52265596616846,0.5129808513151617,2.042483408024624,0.3852670524214499,0.044463450038250626,0.25919625513626393
912,0.153437493845543,-1.294392334902951,1.2670862157555498,0.5561098470299012,0.6984776660865201,1.4256685396403652,0.22817970769993845,0.3705279037889475,0.12559041004182356,0.04287350572006525,1.363071474068514,2.2409645117367436,0.38392846474127545,0.9948919304391054,10.56814444568198,0.29553606750301536,0.4087105608159587,1.935772961544819
913,0.15141565292488382,0.027963468018716728,2.0295413582355986,2.1292202080246523,1.7829526900368386,3.9988118537338546,0.45694536765732674,0.17007454494582736,0.034806335491290925,0.08733632628122157,0.4311546264852623,2.9267933701115076,0.946668509158777,0.5158759457976826,1.311241602637721,7.775242620306104,0.1442360060290265,0.7394130106606936
914,0.08741807018525034,-0.6667525895039,2.846066366537941,1.9357839805657506,2.276637959081337,1.582737348128756,0.28162489078751,0.19210004622038393,0.05616577104485733,0.11428805826774388,-0.5428483290675836,1.2009036903676045,0.3428670987049195,0.4067937914720643,2.642785379617542,0.2326253029775285,0.10931570889093827,0.7666719594513299
915,0.19726702637652946,0.6019939834963318,1.0591659884060967,0.789503468090237,0.6518857499089289,0.8316392583737926,0.34455039625826467,0.7788149660394565,0.3783596818063875,0.02985528537921709,1.4383563143581561,3.9375043496145032,0.08263283033111823,0.6411086739130573,16.11289086035383,0.6872818734752051,0.048830298442858404,0.24774657177426018
916,0.15569893223326953,0.5404698194854343,2.1747230202719123,1.5350127510118494,2.3509842096981948,4.125036111259277,0.8028107928380707,0.3451199903988465,0.03085695983211869,0.03358572325152321,1.9599700140720548,3.2398153659397386,0.953385193712693,2.483366217263828,1.4481365828774715,0.7110050159982231,0.48173555407152857,0.2985525094187525
917,0.1347811047219243,0.38369543879581985,1.4219430754851914,1.8061123747737822,0.575182670660471,1.241380131203906,0.48172301308215915,0.7323152546572209,0.2615561187873062,0.09417156628724768,1.1676228783941713,1.8265459165239972,0.34731975967788936,1.463585223334324,1.5262484807776502,4.5515000129801155,0.2816649920807064,0.27315055665836807
918,0.15998936994568475,0.5046724277326073,2.582316390320847,1.0991863963747859,0.3366017813449817,2.503104067274667,0.3470784853602449,0.7998559873996333,0.37023968657051637,0.08578191578486133,0.35714732680778133,1.57307134069941,0.5692655580704483,0.4986847053145401,9.954205110943926,0.7410692239881038,0.08517844424020263,0.0618679874177326
919,0.13247619894839532,0.5960891558266161,2.7052699979765,1.856722807055316,1.8181123261945333,1.4263010676927614,0.08193448195840708,0.25865969982859843,0.07008602735447629,0.056364192754020145,0.6247107192462522,4.90781610951897,1.0762405320141781,1.3523822033913122,3.618783518644288,0.19137766706686626,0.15357464336464607,0.5593970818804186
920,0.1538491362840309,0.44359468322551004,2.9438421090609115,0.9361889674175613,1.167878169708431,0.9781725421018614,0.2948003566022289,0.5793465568328175,0.1800525474316924,0.07057378247303125,-0.20506403174616933,1.2789678791526216,1.760664918957806,0.43596829858829095,2.4079076856371158,1.854126297368925,0.10267092607939012,0.3756710518701817
921,0.14824442175146102,0.8941500496308539,2.0254186754892776,1.4032993977751216,0.5771923906179208,0.8833882145413564,0.1836660245663912,0.7630563313696296,0.0536635977759355,0.06176793460245786,0.6269573939372259,2.393682071793246,0.6500307610242456,1.0811146841805426,0.8556768357237032,0.7430273942420654,0.6288565773869002,1.7394224752326763
922,0.12035560057654174,0.23381897285397335,2.8979202031921276,2.2850340686612944,2.9234343066963238,1.1016409934651052,0.7498634905549357,0.4270922308679271,0.07749702290678702,0.10604249185857391,1.4118145894931788,2.7432116113839187,0.2923268361682236,0.4595225693900545,0.3055944389013007,0.8191820485317796,0.03405356145677409,1.2924366769610638
923,0.11395365581623701,0.7280904099582133,2.6639231446367977,0.8180240079743465,1.584296050804891,1.746801072743629,0.4140734140662456,0.4635496612347408,0.23498318935649778,0.08926226735964499,-0.12528977937047658,0.6524550585282529,1.8207128763428446,0.9531298797642795,2.448165300922281,0.4590807291787504,0.4024211049081981,0.7473015412928772
924,0.11929056675234691,-0.5053328086474586,1.7261545642936147,0.81749755731389,1.9145224095669273,1.0614180754638585,0.9336930682030803,0.7895290929910868,0.14211259377484098,0.05724524036460067,1.07059914812386,2.823169819301379,0.7238160576249903,0.06823822544400199,1.4561914301692607,1.1676157565414302,1.0417258853659075,0.3206953126019646
925,0.20016396040609935,0.5326663532198016,0.8089829898730507,0.5665274838765072,0.7576555770576441,1.3043878515484915,0.5623528092708524,0.816817799736302,0.11509648165961883,0.012786416119938068,2.7774806829373038,8.401315197528541,0.6013318631663984,0.5720056191404281,2.8483885058545995,0.5341294432227554,0.3926898034556783,0.33223033486137593
926,0.18720151855025588,-0.4622894638413785,1.614878001526051,0.5825009868748755,1.258844335322648,0.7766736407262808,0.18645025885316116,0.5044284961439436,0.5539231828675625,0.06628823537621993,-0.009418269594523132,2.4952582377998587,0.3451758343435278,1.7557331946183743,3.892767641996887,1.5745086814633926,0.3422253154847785,0.412326415978196
927,0.12320317323540585,0.07535372458410035,3.2026491490298894,0.8166717803337438,1.1830612153628344,1.7987698207321474,1.1057071470537203,0.4279430675975189,0.17772962404176246,0.131225448916236,1.5272181528852062,0.5528053439927024,0.23192904373914366,0.4077376645247195,2.2313553928823704,0.715924541333162,0.2630322156594122,0.7623360235197425
928,0.1420926807291699,0.4047890492710705,1.9301221797338985,1.8130922326428978,2.0939783535529357,1.7676677919786021,0.23014732769411458,0.1297831160675742,0.17136473678409106,0.08244270753027513,0.24488421500379962,3.1819289705928653,0.6831198800365959,1.8951123814024002,3.5508710365238842,0.6800641059167107,0.11441617560436561,0.464442993935196
929,0.13728651073232462,-0.6629530602123453,1.219086525880308,0.43656657238998503,0.8700797244597789,1.3306157502407463,0.7332706534070679,0.8808136040785933,0.061553564701549754,0.032118795341998185,0.6927458051364158,4.246579006186912,0.49732702527615086,0.728966027797173,5.871846237777608,0.08555527464706277,0.042126982779069504,0.20677727806563057
930,0.21443164166572762,0.25490935334409864,0.9290971781929509,1.8678136276440984,3.2597176148892295,1.0450826248894263,0.05270813452851338,0.7582932874986127,0.1469312801478588,0.06818686882417974,1.7712541368674315,4.517940678988338,1.14469278868974,0.7464408570378833,12.869396533348333,1.0159921750767757,0.6019579443655927,0.07468536042444077
931,0.14563680875789028,0.7908970262283519,1.8668578247981595,1.3846954491572412,1.7041524060962845,0.8848409921323057,0.11523688368936996,1.2762391706442986,0.461066080660409,0.014343297674880887,1.652801101952687,6.8977999589114445,0.16525950079913507,1.7505625718852402,1.882758094312038,1.1531091685131023,0.32320615622632537,0.6713596026646805
932,0.29518252159720404,-0.3084533324646957,0.8860264538336683,0.3015856593346964,0.8757310969246146,0.746994290557387,0.20210831056564785,0.3288638098432528,0.4492803588018905,0.052602121261498755,-0.8361492893965685,5.7732778830137095,0.8849818575046126,0.3580586450534675,2.3978000243977764,1.8001189378278062,0.033018120315962046,0.6961552642395403
933,0.13401685402464192,-0.2981385972133971,2.2618708817842568,1.124347392069797,0.28059140600754884,1.1412902745384064,0.45804969104639187,0.7631183206746364,0.09372827036158765,0.04118110071052676,1.6186988495288532,2.1645783043654503,0.4105907255889962,0.22941851769136967,4.554566068065676,1.5791761117387058,0.10847141759176662,0.2430144356476937
934,0.13142606878590687,0.2816730693589884,2.8119049242389926,0.7653213512002924,2.094588710410359,1.9357289933874846,1.3170165003017957,0.5332181173302386,0.1630650681272752,0.09120679165827687,0.5402372138649887,1.0585437464821026,0.07844425415203324,1.5783393024225025,2.819885659115081,1.7502625028436711,0.5405360536176529,0.5112570954116133
935,0.16735708057295276,-0.2820308391903476,1.582575812162381,0.8087707772150077,1.7400552050332128,1.7953651134947792,0.14714184200083208,0.23545325329792363,0.40175256494165795,0.060933108135389026,0.7467359428331419,8.112143593687339,0.4393380440968593,1.289770959437568,4.13169251009861,0.6048043388594974,0.013458902366446516,0.2934271675238378
936,0.12823992594482866,0.08491843654625615,2.4809716195233356,1.0261419798456353,0.6130332416667114,1.2029917841600537,0.21712302378635914,0.778980044903896,0.12346299272216889,0.030382803914599785,1.5480631882757652,3.5616952206117642,3.214720418521891,0.574297747349166,6.603322691052346,2.0425527359720292,0.6959037014702691,1.8303218657539255
937,0.0976501284928012,-1.3823834118918936,0.7894788244497749,1.1532476041124202,3.4017081138221683,1.830335433974277,0.1621708533593193,0.2957050016601162,0.09741916922291081,0.04074549151859939,-0.016031921419213724,1.8335828458229049,1.8998267063217817,0.7852399396536737,2.6571175497702635,0.3169724238237837,0.052651967760934455,0.7788402023612495
938,0.16183698031575444,-0.36809731917080574,2.163334974563464,0.28395718091983096,1.2465242146208533,0.7501743463201743,0.2965313803530392,0.44439835855608034,0.4028621778200558,0.07072754581729838,0.1720342560925236,2.233312218193041,1.1423220653615584,0.8678024002433646,0.49130586706731494,2.4746735470375514,1.1517859941777262,0.7083419560730001
939,0.11836642758085335,-0.45486070548318386,1.3108785748633864,1.0342168145947637,0.9285894127549853,4.669239780861205,0.2724345469957662,0.8362786390652418,0.17455248348354088,0.06811042620821742,0.43027392005616655,3.710045713572696,0.825419838859659,1.3919659734928715,20.091308209238754,1.9712699046375386,0.03717023344750528,0.1839795504071876
940,0.14769994212239765,-0.24787356869184102,1.3690473578720996,0.6729858296148515,0.5737294772785698,1.4255005382222246,0.43547887037940286,0.17325791475584268,0.49005310843922606,0.04365018911383585,2.052857578852369,8.908192886292216,1.1501962105754078,0.18549865440617383,4.39919519465989,0.9513479676899756,0.060790345733128595,0.13446816775362924
941,0.15421978720691012,-0.785361317787271,3.0927796848277733,0.9482017138626431,0.9483343050808072,0.6239206828445012,0.20244811035647176,0.46452216246004535,0.09023204530071913,0.06944771861482527,1.121560507925595,2.551667582008826,0.5038274083128058,0.28262025484598907,5.477760269661988,0.19491473961559005,0.06901388416839294,0.22184421039782237
942,0.2107110209574509,-0.49313051750149883,1.1409710193237446,0.7162611755257386,2.9766099995789252,1.7705755941951526,0.11882089942160305,0.31624669730759736,0.15810579073382694,0.050982594928717,0.6605859981479356,3.568151646912144,0.7816797366543219,0.29743790015494564,5.2197215953208715,1.6838601104749225,0.46488301473896537,1.4657376143060612
943,0.14702172364236823,-0.37977919748399147,2.007760714028902,1.2497386792667975,0.5994870899277926,0.5210277651622474,0.3590370879146607,0.3692531008573192,0.6004778159904001,0.051487988942822235,0.3351809779986946,1.909273857800498,0.5537386682692165,0.5072555682079724,8.66810091263401,1.7688772534495216,0.14894753483556508,0.7400880742418984
944,0.1291558710185593,1.3302356160664215,2.50184052835971,2.134560429483973,0.8166045688192412,3.7356807456082346,0.13228299075303815,0.5034613929604808,0.1400309559433066,0.0398185765066551,-0.5899504970515574,6.469447415901939,0.457744942406515,0.6465580422029352,10.48067016047143,1.8422635902591575,0.053073706512910324,0.32098922493109283
945,0.1612525877731251,-0.0343430487654687,1.3062904002476066,0.6834222391743331,2.0652235476651497,3.1095378026454457,0.11675017853817211,0.5210365921346441,0.1220182307592938,0.04476209373407694,0.1771434031719711,6.944147504176768,1.0913555657141099,0.5604764950292598,9.157096199092832,0.7210018812116923,0.12607160430948378,0.2750788190314998
946,0.1672473209973753,-0.9054211094800076,0.8523986016003547,0.3032372055194894,0.771789752018193,1.8595769275126601,0.32515613398948684,0.2976207933802409,0.3478172352463254,0.01693145120130462,-0.1565396469771454,3.8324979750782187,0.20196460268326172,0.7409757982520945,3.043724514338639,0.22446490646976996,0.013477147027326667,0.753125839842729
947,0.1101244087807972,0.03669520682143345,4.832757604644528,0.632785834344737,3.7084425588494194,1.387548134466859,0.324656571443039,0.36969666305444115,0.1980237118556988,0.07119939462541097,0.4468076300820545,5.836191553030752,0.934478411318645,1.210467634038484,0.24958271703699225,0.7242860226788976,0.2676490421774366,0.3536967488776246
948,0.15397127657913032,0.203521282700752,2.728481097325435,0.925008574145128,0.8683837047894919,0.6021158195714801,0.40108190600619076,0.6220940672306553,0.16637496735168225,0.016197138951948027,2.2240171105151645,9.504652580864153,1.1343252347646313,2.4999751725523907,8.430759719564737,3.5788028611909137,0.2864412695560778,0.2946358263765193
949,0.14626975080121102,-0.179795083305002,2.6663381578733905,0.9443134388127427,0.8941958853143718,1.0318550845140404,0.13357200004909767,0.9571665506037539,0.1493507973949818,0.04381068985713995,-0.513322775597232,2.610865212537403,0.18782031326376492,4.615687151979009,4.204737582235066,8.795550220707243,0.32556706674304103,0.6711181156851119
950,0.19758959893812025,0.5298253886882158,1.6547047085143411,0.5657765813978719,0.7756519654457709,1.4171870804510334,0.24581911423118674,0.4841313140717426,0.3319409289009928,0.051067160991598054,0.5767254679037102,1.6048776794337396,1.1065232488461532,2.3836924160633224,8.707968098166283,2.622218324731503,0.26675172914461404,0.5062908067599489
951,0.20348446581370058,-0.45618292508222585,1.8693878230707128,0.24220294306191237,0.9236416235404385,0.9675084168611524,0.7168376900301682,0.36031041572088035,0.3527244093169939,0.11173999930762503,0.41983899099162664,1.1088180995877388,0.4513024340020605,0.4256194129048694,6.20146418823672,0.30180236741671124,0.15010437752693112,0.2065092020257064
952,0.10909274802474739,-0.3973572802955947,4.4859946688822205,0.6752543281709312,0.9698659341428744,1.074512027633323,1.1668452775892464,0.4111568534547796,0.1480169298974152,0.07783208777375365,3.0215352663091504,2.131457675738066,2.42837366767888,0.4228395651473683,0.5431958069215325,0.900413926200338,0.1897813988566133,1.344970116299434
953,0.17715873260624201,-0.2187924865139283,1.2177699835376807,0.5985617319828439,0.6895019843888001,1.3649182932561867,0.06328695084901219,0.9558309193376481,0.15064461283497352,0.13776433842084837,3.1162684874572335,2.650097226989286,1.3019101033278078,0.09383267338932115,6.505766017508727,0.6077700065173521,0.16265059912793678,1.2787706962626213
954,0.17331872307978327,0.27631553155423716,1.371155174783146,0.868077316237694,1.656835991505976,0.6518750532841616,0.08022205766801327,0.44311989516476796,0.2761111083530002,0.09450818606044926,-0.18162303898709142,1.892549930548557,0.1452987040514837,0.2679039050308046,1.9798046848162998,1.500811967388151,0.04024295257993539,0.7943084410015863
955,0.07921706251675617,-0.7541967025896801,2.1462768453694347,1.157847690937472,1.6256556255143468,2.138628942529714,1.7786914458282534,0.38103854659460046,0.33935371074351867,0.16274337012982776,0.9246931232639004,1.71923540488219,1.1326173338499739,0.9201770899778339,4.716221455359089,1.5810235800344465,0.20387868465822961,0.1959164379518839
956,0.16478708487971114,-0.06745450416039525,1.2935634062194696,0.5595983377340741,4.424035207188528,1.3134381394200296,0.39378501360068774,0.5692834192002267,0.14675056762059335,0.06822396618587039,0.8829447158031174,3.2152719327320853,0.5867769084915957,3.029297700497826,1.5385813371156662,0.6538029850307279,0.14266816462722665,0.3302830240210557
957,0.10471572812898176,-0.3907906909027548,2.9428830163879045,0.6796442398171458,1.4573985466408739,0.9565527291631214,0.20884342935534433,0.5947107373522481,0.6147519560893144,0.10631099034897779,-0.0902745877075537,1.0621898343320584,1.593550485017689,1.0775882030413797,3.3785923253766263,0.35630107953822543,0.07313212926106685,0.8622333036969299
958,0.14089717701091534,0.40431560457062465,1.7254278266402936,0.9662689953430477,0.3654632344920693,0.5443795736663184,0.21887202562985866,0.5700003807308385,0.33254839105508394,0.05948230431856247,1.8026067243627435,4.60876592075596,1.6034278487602434,2.362215150769365,7.0445559566842055,1.193528362478123,0.04205991500525413,0.21104827461425596
959,0.1607215930409698,-0.907182725587669,1.8878079817414934,0.4457056763085083,2.7130645987595394,1.0086592917501034,0.28811276683555936,0.24733927347133317,0.07173507511573309,0.02244549145328444,1.0292999216892549,3.0281867613374414,1.2545419647563345,0.6418561765666283,7.407827185905292,2.884236612963677,0.19634928786203942,0.45646929060189523
960,0.16819488763720666,-0.3213108957306379,2.4287091469237976,1.243145453560591,2.0712898906180732,1.0657919062906278,0.22836619115005583,0.6453809721043223,0.15710353588697293,0.06630163575515871,0.7150869992578028,5.774019985106284,0.15519698067969556,1.5055139668578044,2.9615789093265876,2.3806733184882285,0.6492386252561596,0.5397393331775667
961,0.16272502767581618,-0.6571034089857812,1.209655681811875,0.23622469033797983,0.9309668826949093,1.2188425038499218,0.22680430980185262,0.7156010631687423,0.23347829959208777,0.08009644307175094,2.6723739319285915,2.1469589931969764,0.28959809502951256,6.698480308829548,1.1005636739857936,0.3513231200968193,0.10810964444357427,0.466609937346234
962,0.1087605815025964,-1.065653796720635,2.1046107977340047,0.36845143136829067,0.9039415489483449,1.1045340376185129,0.24231562288139794,0.5967199729963264,0.3000268494947657,0.029618224839983394,1.9853379697240099,2.794299480116566,4.698954605574336,4.5942475399549085,1.8282620983177869,1.2581123422242064,0.32810661924832574,0.5780087938077877
963,0.11887895392717471,0.4677906203314848,2.4212070467360762,2.007629593255147,0.47949413160266097,1.3625641696447341,0.09514628203256453,0.10847107437543416,0.19666062568623507,0.0764515896152431,0.512962855944335,5.107987577549016,0.33498345306587735,5.615697236756736,6.745344083695716,0.6890609321480284,0.17582281665110563,0.20234196277602556
964,0.1397319549298076,-1.6278608590439196,0.8569429284784299,0.9078635592376119,0.7945857821482288,2.752883011195533,0.3050243361212857,0.2411459985607412,0.13567563671582822,0.05650287125917941,1.0788062436446215,3.8178578080974,1.159126987948589,0.4136018710963673,8.279573991287926,0.7151165149373128,0.1568085101848516,0.6332444460366546
965,0.10395410098803548,-0.12717112849071305,1.5640350573980921,0.7137458564242163,1.2633916959517497,2.744248890608342,0.11904968801189117,0.43906037072625625,0.15369679650696114,0.034618576935065634,0.08944225099306036,8.487601227926882,1.282723553502533,0.18104293019812265,2.1117127948441046,0.4183468540985229,0.5570952987558712,0.3520554737401907
966,0.17012860715268643,0.24106852630349007,1.7880693895450688,0.5268139447260466,0.8738783918934399,2.009878120458935,0.6287268138413956,0.5527439956138592,0.2891680861071942,0.08599029336802592,1.0742070184542492,1.9228651618051806,0.4282454921667809,0.79335554963467,3.6291181272103716,1.1827227115910457,0.362510139073429,0.08086973889379796
967,0.18365188628555038,0.09446056824542517,1.9676335042609447,0.6465910505657677,0.34137435496489743,2.1894980718150356,0.24409252822396132,0.5786571230103944,0.25661723402256975,0.050570370503195815,3.1627400429510417,2.1935967974389796,0.7914605176158841,0.9052337705431206,8.628377613375397,0.4045283028176196,0.13259555019483557,0.7721118168057975
968,0.12182246628904142,-0.22160284026905036,1.9264126089089137,0.3316480888583947,0.6959555395795003,1.9144573573197134,0.5774760589033141,1.027289507738538,0.3057122546638992,0.0702210114713443,1.0969659907094982,3.3653216465075633,2.614338479188988,0.32174461554557715,6.375714216352525,0.12426341547034372,0.6728475442620732,0.3828703705990875
969,0.11515616960067429,-0.44565029918297216,1.4632259295142092,1.6524139412206211,1.0596137576948035,3.2512765074568604,0.2598216488934086,0.5938777967178013,0.17504881347744375,0.08441586176599228,0.3571039969774311,3.7514988103501277,0.14900813803051954,0.253978645871461,1.7796022718779392,0.36199877896231597,0.41870479289555423,0.21495718665568458
970,0.15576937227805934,-0.6277035509823038,1.7525868653112808,2.3384715398037508,0.7518867632539299,0.8452954403087031,0.16424205528275757,0.4955923606330859,0.13208379118669292,0.03958819559946844,2.367794296792146,3.886793279646485,0.7146688597846361,0.7298307150049209,2.6420646365291227,3.7269176485399567,0.49233496706283725,0.5131649714608298
971,0.12142115455223831,-0.501997745290359,4.346565172300218,0.39421704666024193,1.4258868882297668,2.199451904296012,0.6598273053082995,0.28483470589024473,0.36745006447097717,0.050965645381183644,-0.4253785664015992,1.4823945514676284,0.9169992354486811,0.31602771099927535,4.064815274136997,1.5275376550174107,0.08708872762568234,0.21843040107694595
972,0.1294225645979641,0.41145858332744856,1.8700248197249882,1.3526101618029693,2.3471132189579933,1.6786517598354842,1.2098497983210887,0.78612212621412,0.22179269085757494,0.0333167304136746,3.4644222876131856,5.580618710904989,0.16859717139402922,0.21151317348248863,20.498543525077476,6.307018193005896,0.32423150500170117,0.3426066426710033
973,0.20377418843401796,-0.2859013985217701,1.5153229120603031,1.1552934614185677,0.9932992354067756,1.717294710219406,0.29912894601462947,0.5810593734027225,0.05997028319818582,0.022199801420896843,0.8967541234601809,5.950893728093652,0.04166333680554102,0.6080429468264232,3.359728680504413,2.2997699903902635,0.06791818881031464,1.2033142987125989
974,0.20175724121104718,-0.15045358728046485,2.634183919620573,1.2584789071027882,0.8135548540755887,1.3422481228285623,0.2553769279278422,0.41944843047352764,0.07606507012583856,0.028422417156382943,0.8473118729270974,0.2355843522979317,0.38232561622675904,0.3717252727408788,2.025696220014973,4.909122642976726,0.13617874497509275,1.7699618382876794
975,0.14139467404050415,-1.5637851845812984,0.40840967899106945,0.47130990767761405,0.6956942636850435,0.5814433984574326,0.3957453081120601,1.462080330687148,0.19423056198618585,0.058145777581220026,2.2530251150555354,4.833211211030942,1.154731331150902,0.5221486026822042,2.3096329071015407,1.337493710043979,0.2525924267382621,0.8148020099223435
976,0.11197102117884214,1.0904799245831498,4.117202856815027,2.0322260702820722,3.6736986826887104,1.3243727043221647,0.3298922982035455,0.672170964968794,0.13726247422041532,0.03287595785129925,2.16487539404614,4.510448839109487,0.4257555744063586,0.8461434291001856,3.4957939997456515,3.118733712790715,1.857412142512119,1.632695118242078
977,0.08952043206273981,-0.22308882604052865,4.788815043546049,0.4584814953642355,1.4921295928860279,2.033835155721377,0.8644244943747069,0.4152218963152288,0.7265165827574463,0.05885441768347331,1.413947454702763,1.4984182957862453,0.0666665821742331,0.11923655835793857,8.563613527033423,0.2792821000112133,0.13960150885187808,0.24826547413857095
978,0.1615500023779717,0.1577419034303252,2.1583431087106106,1.6035435117467136,1.6228252173106603,2.3511557283075644,0.1186416288978786,0.5314539251384757,0.11499279211043237,0.048102889993186626,1.333058675594035,4.993952240293727,1.3362460901511846,0.1899012277023438,1.2300662008002423,0.3172089721310693,1.014313385626237,0.7725560822846178
979,0.09179350224388061,0.2344935211695895,2.7657540778013376,1.6924331024755663,0.7244608930469284,1.9213855563231974,0.9377967685333174,0.7290977743767351,0.3496017021191239,0.08440734225324577,0.7722251010887486,1.4529160564075763,0.5005284853432436,0.7189434539945212,2.6198518900991004,1.6700424045019762,0.11368231196822244,0.045645945236900354
980,0.17205186047082566,0.07153028525357265,2.3111037244212413,0.6799166860101944,1.9586247064458844,1.4049807342214138,0.1131426725068581,0.6424172946828275,0.1318027719023875,0.06111780640398685,2.272223102610136,1.718034330768772,0.11413813853018535,2.2145567820463907,2.3197132056440486,1.430650935079955,0.45677395489628275,2.0215639872683453
981,0.10685088637577218,-0.1699343091282781,2.981656746931404,1.6404044028817568,1.4327644792045249,1.4389614461912426,0.13825092990843887,0.6284816974374455,0.27328436413315954,0.015525654314135733,0.5572091135867354,12.614198998158814,0.9276888169425276,0.7372905813035839,4.578652745386024,2.1500758214534996,0.05458576301871231,0.17134976447147562
982,0.1432020612767467,0.19350345420141665,3.0867927081201127,0.9903753845024912,0.4942102397082801,0.7379623814882386,0.12176477109354997,0.726687604048951,0.7710644369863562,0.0610030047827848,1.7776169749365658,0.9237479058604141,0.274420987458482,1.335976540977352,1.0500052416548595,0.20561440278457468,0.08407795375070456,0.6797874827485207
983,0.18223588747268032,0.27809202337321,1.2413233986496177,0.8286835832598444,0.8436396997900026,1.3415381046031005,0.10917792432083022,0.7783616500866101,0.7104252756759548,0.05232929017352078,1.6787461774642676,0.8169908554004162,1.0467910358635302,0.23544196355453625,1.9758782506020987,1.9062071392695292,0.7420357694119881,0.1431118495363176
984,0.11423125743652168,-0.7267859227656311,2.2302424007902464,0.7197560763207526,1.6186474491265936,1.4358281456705202,0.29829766269397356,0.5777415802479026,0.29110886131885083,0.10692054777528652,1.13842065268208,1.0997664869022337,0.6134744575206809,0.26474674823452504,2.6756686003341397,0.44854883750073404,0.08299233447364272,1.0309975784937941
985,0.17433577203133663,0.032191951928903895,1.832241289927874,1.873569781915704,0.7319899240196437,1.6404978434579203,0.3396532906452518,0.3804028048989361,0.22571409974078047,0.042601796679312826,0.09689149214726095,8.457027102881538,1.0105252508054534,0.8599476064870614,6.019692708876534,0.03252170778776053,0.22926130504485473,1.2536891616929757
986,0.16873259435883298,0.41938295178860097,2.6712744461840363,1.3001292041146288,0.6511881602418592,1.0623188021006347,0.4331407221338143,0.6525703134421241,0.19969040605544844,0.053688552324093024,1.6214927728513082,2.874720475800779,0.515486379808755,0.5088536061604707,6.793044856968131,3.3285354692678046,0.39283023040604165,0.2670823483984165
987,0.1511410063549868,-0.8006845450195398,1.9655678141158888,0.6760328391792679,0.7685288539018936,1.71074267196042,0.7334366190791651,0.3531977795882438,0.5467680711933974,0.0340874178619194,0.4629433761454943,2.6174402014720863,0.56374109169979,1.6477567202265095,6.290352935310569,3.508606140622683,0.2784178841970584,0.3912783156727428
988,0.1184549492726832,-0.38311852797740353,1.2111917352289203,0.9970077609374135,1.2592915435689467,1.9742086238430347,1.2044007279810298,0.97663597400421,0.34318673731288707,0.049931502314554836,1.5702846897040517,1.113679517591083,0.20867965553812456,0.3669098156847866,2.9471551160513503,0.38944791542942775,0.634574311673618,0.18696137688484313
989,0.11366721201499039,0.8479792198695407,1.8454345551247258,1.397489131883039,0.4512628416832872,1.9432905791675867,0.29812212041807434,0.4622166269679513,0.09466875527473138,0.013388211792829575,1.0250549173810084,3.2809964611608042,0.36635027128616543,1.8483533376265509,0.6076426703722095,2.5821670905072405,0.2724600459167208,0.3495967479427679
990,0.12429484912751584,-0.5562174609210534,1.8567605324870493,1.4094467319215265,1.4389961348541502,1.818162314005477,0.05514944436069622,0.816059310999577,0.21898197698103153,0.052232991855949575,3.75274036791605,1.9427623048624203,0.1253010198880597,1.4227707305942987,5.18304461611773,0.3673288520521849,0.037123711109522325,1.5828086252465094
991,0.17931122222091614,0.4843173874341052,1.8403774075433517,1.058203014536583,1.84675426539035,1.337928772298015,0.1919727889026697,0.47642124186128776,0.21682389882312805,0.09310496699473234,-0.10144160054377499,1.5445138667476799,1.640958242656004,0.29544761720790746,3.9761039426000537,0.8630674401092271,0.04054088443805142,0.21223135186073225
992,0.13286549167606174,-0.06466870125551537,1.7107295175879784,0.14852335222707172,2.9032879689539697,1.256126314204576,0.6344185394637272,0.7624077847600572,0.38127027072746555,0.08434210120636576,1.6337912946372284,2.1422010592522014,0.3032989011817392,0.8406630143374593,16.38863472758226,0.6704978323018808,0.9173930794584401,0.1318434041182605
993,0.1651031031750343,-0.4027988569793886,2.4519351297326835,0.45206497689546193,1.0162750667000475,1.4192614933870344,0.8332878896391429,0.5332656857633958,0.2527111034349597,0.026916360329439223,1.6471570128017032,1.1089485707377498,1.1495569525747606,0.7334534389365301,4.242652816823493,1.8844035107295407,0.052876398033054134,0.7737692514151305
994,0.14617553239650372,0.6237947829166999,2.2738393979347693,0.886536657314127,1.9199817037885645,1.0045379229820839,0.05817478579757044,0.4375481878539477,0.0985405743296843,0.05921714213965467,2.3099658067879885,2.4270782323117013,0.46026912490428096,1.6785292511847183,1.3606777328337338,0.545462744587032,0.2149038398790589,0.5338030228464756
995,0.1883733044256675,-0.7359773936484563,2.2503375123066514,1.735192485711263,0.68287350264161,0.5329354130566607,0.10882958647042851,0.6816261616330259,0.20658416984913838,0.06727117116305602,1.5117286795755516,4.002000045347564,0.22622089344811783,1.3839066159132094,9.29393783302976,11.000699960724514,0.06622208817565815,0.5083319709370603
996,0.0671526595023674,0.3782687378233374,1.0656019367985636,2.418947939015832,1.6033117650304614,3.6952988217666856,0.4241035807004981,0.31328937839724186,0.23845163182041396,0.06096749932861479,3.041465217699491,2.4500141608113832,0.7527704902404724,1.2757674241665486,1.87226178543446,0.5159917594500895,0.3579652664466934,0.3843001207033679
997,0.14307513123958038,-0.1652284874965822,1.6553265481002983,1.7989222885967966,0.6912927395629226,1.353695813123855,0.5984399836676711,0.5358706408078224,0.25843236641867834,0.1290860005305044,1.2654222618659796,1.5678305233515413,0.16153077215981473,2.0695343477052384,1.9032113579215209,1.3700615262683857,0.11817948264772218,0.3318601894416737
998,0.1530616278468178,-0.6016217470564583,1.6521160251118365,0.4664038056011095,0.7793653541314995,1.829987171419524,0.43114741141347857,0.13492926788086398,0.06855911295520473,0.12415031887925637,0.9304983686717544,1.0372806501881153,0.203381896952014,1.4439210215042984,2.2940788995140315,0.46428954404376155,0.22437440825830743,0.29253238321080327
999,0.1099570691866317,-0.5168101607465567,4.31830896822278,0.53386323968521,1.1486792890402213,1.2057121870570333,0.24100220500807548,0.6756889250397047,0.16291944806374273,0.062494662220629674,1.6353104716744833,3.7158537968840233,0.05303730996621867,2.620457350942658,10.534549093316755,0.5789114367995218,0.675883033652843,1.1759918279341397
