,beta,delta,mu_inf_SC,mu_inf_SI,mu_inf_AI,mu_inf_AC,mu_inf_AA,mu_susc_C,mu_susc_I
0,0.045582612456139614,-1.3131464719772339,2.860939205152981,0.05988683641971777,1.2070118423716691,1.967710069323127,1.0676432095994508,0.6326423219147068,10.257785964726251
1,0.09705498847753444,-1.8955413103103638,2.2402466413268574,0.08744277692403207,0.7370488135377458,1.7729706137680088,0.32749403320113796,0.39924232157848993,3.4235073432718206
2,0.14515789610852126,-0.9887725114822388,2.0270620797508334,0.27128164009867245,0.45322457271945527,4.0257492529894705,0.7037664652019897,0.15364104376261156,1.3164622182476604
3,0.20177803742024455,-0.48093223571777344,2.1901046225647587,0.09327807346097759,0.5155221817436068,3.2697245119593075,0.23010047101897885,0.9131036323560289,2.7388097205883084
4,0.18458857318038885,-0.5598490238189697,1.4518414056947266,0.11427284345014663,0.5068205253512641,3.203168075553774,0.4826778748307936,0.3554670858856657,3.0148442459782916
5,0.042282275545301465,-0.27205270528793335,5.718107645370015,0.15744368970057884,0.6980780780231605,3.9261964471671758,1.4831644888215516,0.4064022266146736,5.228775856750432
6,0.1513065986255565,-0.7007426023483276,3.5930339047718856,0.13754315214048207,1.017757568833569,2.886364286553803,0.5186868650515402,0.2841442848190056,0.9246773825794643
7,0.14359208643185487,-1.5036566257476807,2.9337376425689636,0.02305020614014271,1.6882068299818735,2.971521924435972,0.8138163045406961,0.350904026303486,2.490215644281634
8,0.046505015843731054,-0.8554980158805847,3.863440428630368,0.22796597400789223,2.5463655063242063,1.7281087248754525,1.048502688990575,1.5707867217951772,3.4402411893393756
9,0.13417200806599103,-0.9764978885650635,2.1628154518394465,0.09015989204585775,0.7960167391752155,0.5599782754800267,1.9110433467949677,0.7305596248440516,3.3865914936858244
10,0.07839269273123653,-0.8730252981185913,2.647113638562757,0.14973380161604674,1.9444512731311325,0.6140759901925068,0.35408479669106374,0.49926814311273066,4.2364067831618195
11,0.08588545726863792,-1.2567700147628784,3.8171592987833813,0.22876939456913137,1.3934182068942942,4.345431883686495,1.285414568685103,0.294509172505045,2.3048657907755907
12,0.0793143593780152,-0.9791919589042664,5.961066168762865,0.08449125471334382,1.9188014284442674,2.000991713263053,1.6207545749765155,0.10808087925555108,4.427278148194471
13,0.09585924301877088,-0.6881570816040039,3.309277930354339,0.26010381419582024,0.1827561797698697,1.5141875041756998,2.541728296149046,0.7555220331859537,1.1545385768428496
14,0.0828890546437199,-0.6912461519241333,2.1182917677225395,0.37002238847402946,0.9956739989348813,3.1209065242646363,1.5866562186516189,1.0346088552431663,3.8026973532387176
15,0.07507050249180879,-1.387916922569275,5.153375282040549,0.07511083797439834,0.33199701404973586,2.8223217643676817,0.3966462267154015,0.4390571115907717,1.970467367894437
16,0.0754526139074628,-0.6999987363815308,4.655749858460209,0.07246900271207067,1.2552307302405026,4.119948836554156,0.542728171990505,0.5326828558317962,2.4017779102396193
17,0.09555081431335277,-0.2848174571990967,3.02718346290112,0.2711392552376685,0.7884385173809009,1.986800672771916,1.4369480285208849,0.43109764910898585,1.9911631681565942
18,0.18958096843436062,-0.11692783236503601,2.5742874914672673,0.14722980164822175,1.3098990744477406,2.514361327584852,0.5223294606997042,0.2846873411511864,1.8506027880348617
19,0.10829176790394197,-2.1317896842956543,1.6079260607335135,0.14281376481812624,0.40983777009911787,1.585330493958455,2.3889046289354354,0.5963750573224681,1.9703641329212322
20,0.06783851410071746,-1.1557756662368774,4.773193511621545,0.18273722672883067,0.6987017795721966,1.4242260961917397,0.8652715705116955,0.879774502535607,2.129087523631233
21,0.1304272886554517,-0.1427016258239746,3.2771551625052315,0.19619015120113548,1.4816984672918976,2.7951317357072987,0.5461159497809362,0.42257669071153575,2.491664430075271
22,0.1363220216414569,-0.7518986463546753,2.159598095014316,0.2624877463727521,1.6512997656638941,1.8753441077362838,0.6388905280071698,0.15990951289110353,2.783608312428577
23,0.04871519533258451,0.0629226565361023,8.419644030174458,0.027767797896633185,0.47297879069473847,9.977951869490072,0.46188330956522,0.43998665255913066,3.9563824717594285
24,0.1375929078804692,-0.5341072082519531,1.8913871561402136,0.1786725650693079,0.3153873631206737,0.7919413695696409,0.9556197612690499,0.4072961091959931,3.9816529959084295
25,0.14650462440733333,0.3681422472000122,3.0639625061050175,0.3642373060226436,1.2342908621095934,4.722899917959154,0.7869604558725241,0.2500960703870393,1.036126891809186
26,0.09030762456115939,-0.21362723410129547,4.734211999262876,0.15137804260988819,1.190177144958498,0.6048215260734092,0.3550254741509211,0.20491336395259496,6.3183889035263485
27,0.12377151463190972,-0.6595329642295837,3.9267454954051924,0.10718506015190707,0.8818626189554881,2.8701914875314696,0.43807339172743004,0.5382280516045279,2.733857408495843
28,0.16371274246552922,1.0863782167434692,2.9159215186310017,0.1675278627889161,0.4565446550469067,3.730552012324714,0.841309165045636,0.20721683735423557,2.958690694728588
29,0.09610169385742415,-0.2694285809993744,2.6679494704712323,0.1486274638532556,0.46055001371258325,1.609978678245843,0.47675461584888507,0.4391110247775199,1.5963646852170301
30,0.08578252125964707,-0.7892007231712341,4.121420543325986,0.12029314973951014,2.5986390964943715,2.2330509888616397,0.40844594616656227,0.4848319181375679,2.5543865319656143
31,0.18761794480873892,-0.579999566078186,2.4390545950966187,0.2410054805089204,0.5161043049583903,4.148918212576151,0.313322999641325,0.5706945761132767,1.3058689882124022
32,0.11355459502598651,-0.5175601840019226,2.316238656057967,0.059117179066056645,2.0692997877804102,4.670314373233322,0.3749031006641074,0.26766328978482956,2.741306559512387
33,0.1381567591710155,-1.195033073425293,1.3950991988118875,0.2198229670813178,0.8170931445504379,2.4602242911149865,0.6858233529614606,0.3606511344795136,2.101599641159586
34,0.06535726484855621,-1.0954281091690063,4.176102977007876,0.2460853235197248,0.13854598826196166,4.991520838786889,2.585042219604347,0.5879452587500381,1.942774252545042
35,0.07149542314150081,-0.8809038996696472,4.565432818259053,0.2464055250012285,1.3932599976307931,0.8044497311125399,0.9483288638135149,1.101719691352393,5.970784628911103
36,0.10975992682938018,-0.7322044968605042,4.1677507788140336,0.1928265142766936,1.943877197578194,2.561623467242718,1.430824251096377,0.2755079500649869,2.231234111914645
37,0.08191231351062295,-0.16742749512195587,5.383533592816807,0.29078833850794594,1.3890707621444762,3.9484480622907627,1.492369394536571,0.3594562371425844,3.3170546931649283
38,0.1304195148149232,-0.7616118788719177,1.333310463715932,0.18442605224181657,1.5678612436938808,1.6055839564085452,0.5952877867095594,0.31485006993560977,2.1312062159032665
39,0.11873209800859319,-0.1330295354127884,3.7323210689839623,0.12690070273219106,1.0799625187711848,2.4608361525842946,1.5752205968969584,0.2916648010188692,2.754450715009917
40,0.08031770215417747,-0.3286878168582916,3.5338059890035236,0.1161258016348897,1.4428801976491408,3.010714007143767,1.0383106552372177,0.3373275719727015,3.2730506492959854
41,0.10179676778170528,-0.28225013613700867,2.6898695940896427,0.3377360572140584,0.49776040833144236,1.3870404563668046,1.4696246875693602,0.31084056497679585,2.1892575791597393
42,0.21597839086331813,0.41106125712394714,1.0659655914892479,0.04971408480662395,0.2185906876452855,1.9823669133929707,0.4889987570244669,0.8474822010281877,3.1850758843218663
43,0.11364053182302265,1.2694716453552246,1.3653620153826724,0.12137946679917049,1.370915836569019,2.4579660334575344,0.1191635570214867,0.5059094304792375,4.046937991283896
44,0.042366292314778446,-2.562375068664551,4.72151735909678,0.511578685349361,0.1107404556070923,1.212952635482934,0.6349774727503568,0.24405323057869277,3.946491881677993
45,0.10956650063879551,-0.6461805701255798,2.5667216358319003,0.1314886712355955,0.6288302196464157,4.816953944401823,2.965754946561807,0.25777327412907247,2.930729070671653
46,0.11770581056516621,0.28222399950027466,6.746441486454056,0.08704851576254763,0.18283475781885256,7.6413176164400385,0.2547162824891161,0.7442972984955262,2.4936854957671613
47,0.07071065893157344,-0.9077900052070618,3.6671030787311434,0.45934775304864633,3.258824161418321,1.6177107722736623,0.38722846057660887,0.7370161511669127,1.5251373636447603
48,0.14051604793066735,0.12632276117801666,1.5924182461539735,0.05489586316246619,0.6374146035215296,3.5380687856996302,0.45606281847465907,0.8900889864135927,3.7989874057799096
49,0.09817764529785548,-0.9952164888381958,5.7833980748622675,0.2477283592700157,0.971633554701758,3.5740188843288228,0.1703464753104605,0.17739355474846114,2.046505396969921
50,0.03349941309785066,-1.631617546081543,10.898884351335784,0.17643590784170696,0.2862513494853139,2.13519983166197,1.4144082534132312,0.26322976354461586,6.048958493839996
51,0.11069394402776726,-0.552830159664154,4.136905240432471,0.18785252967678057,0.0797038757507324,1.1079692308534959,0.3069046923183288,0.489331782807599,2.3282867776298395
52,0.22361913603393282,-1.093054175376892,1.550510556669056,0.13114937692781845,0.679299688337716,0.7456727517942884,0.8420170845281928,0.4127801342320712,1.4965208173110804
53,0.08692387364296947,-1.5099784135818481,4.106404004948092,0.05701291852647689,1.9038637502561073,3.142609500482673,0.3509719246165786,0.24336088936544464,4.121153769753396
54,0.07310192955233429,-1.231062412261963,2.582092337489747,0.6158254806207303,0.4668529919247164,2.3119291677109626,1.55558693909488,0.16330725245646857,3.362415442489864
55,0.16897739317763089,-0.825573742389679,1.2835513003278576,0.14476073868887074,0.7068466980068812,1.4850992666635316,0.9938001743050217,0.8647733524632252,1.650869900630837
56,0.09686371921484707,-0.32953116297721863,2.7650994769351205,0.07516863082184538,0.39992744454109225,0.9830913553817439,0.8498606569035894,0.6008173005295564,2.571693370401377
57,0.06592204386109891,-0.8296386003494263,5.616557073805826,0.5087322643486375,0.6485936616283758,3.784496407293919,0.6043022301014528,0.6227257197432229,3.2739286676379313
58,0.0425156950821598,-0.9604330658912659,6.8415750710316345,0.2849776536371069,1.1154662345707513,2.445016010160101,2.854001114396933,0.49727632985165576,3.550171904220874
59,0.15135481961550581,-0.28735512495040894,2.692961385065348,0.14511595686099044,0.39183710283453466,1.245969930599304,0.5009729173320393,0.7847468793407939,2.4640002534885785
60,0.10933860852276404,-0.4464547038078308,2.9450107203255826,0.21530169886831857,1.6909683233444255,1.7270245432988844,0.5721013058492358,0.49105861798531797,2.677003619951904
61,0.049096957292068324,-1.2157691717147827,3.0046474534672223,0.3365758725351963,0.6344937943311044,1.7811117095157982,3.419618188186894,0.19465210969597296,2.8135122201699088
62,0.1297978995424689,-0.83403480052948,2.5110662512051825,0.39189565897490386,1.1476394079947096,1.2688853710414196,0.667925559437158,0.34657529252451236,1.314533377236258
63,0.07692559594461106,-0.5640470385551453,4.8860085041531365,0.32925996474498354,1.1696153178814033,3.155894471572764,0.5199040374940257,0.5260651109195398,3.4208364641085343
64,0.08463427918790327,-1.1896783113479614,5.697033101905999,0.11870690661649054,1.401533426669526,1.3963981758549813,0.40185303689357105,0.859796109291683,2.696932351969674
65,0.06697138901467369,-0.4319886565208435,5.242229391886224,0.07524679167614387,0.15898862506072386,1.0288748725279708,0.33441025093031024,0.6513157267706396,3.194062526479882
66,0.1359226256572382,-1.0858341455459595,2.802085376660225,0.02635859642037377,0.5326704415808481,1.4598989418227841,0.9782690596206316,0.6845718841724648,2.8725875615291305
67,0.17308065758576463,-0.8845106959342957,2.1702681386733813,0.17067755513101615,0.6788660434447553,1.7196561034799116,0.7577497424385375,0.0724423131849728,3.2794253350170526
68,0.07417048892722954,-0.3402089476585388,4.382573978353893,0.39492472513935767,1.1155014981541478,2.698358417913027,0.2273753165979094,0.31610628594352375,4.072631071902904
69,0.057406440300946014,-1.5851075649261475,3.80696137381315,0.12483533080439996,1.1513321754464934,2.275149723294955,0.4770040099674381,0.2769782384078484,3.8509551152558785
70,0.21551660449281387,0.7609643340110779,1.172894588420774,0.06471623773932735,0.9000046538626153,1.4159101482917196,0.4395629255882548,0.17022181638100078,1.764822127496238
71,0.07026911374832799,-0.7019363641738892,4.531747215746141,0.24646019575843708,0.9800308001492541,2.145401862497312,1.3653937546995616,0.3019423112008407,1.6040231265471536
72,0.11741618987937168,-0.04675464704632759,5.394286216381654,0.010688732188817506,0.15699335942821338,4.931628556756628,0.6022604438969482,0.33748198339816415,2.6418244550800436
73,0.05285071627655539,-1.3962159156799316,6.229566337865987,0.33544006634315565,0.5128963427129569,6.299275024118312,0.5819477777835406,1.6296029306198008,2.4340659357219296
74,0.09626395904338637,-1.577995777130127,1.6876569034921642,0.025988598141913375,1.1098008880744499,3.3123118161205674,0.3346332093668023,0.18272840443193758,3.5313660368034614
75,0.05358115924549912,-1.1127541065216064,4.370136085191858,0.19726473063762337,2.029540451059127,4.661256578113054,1.920714066875928,0.5151232164918926,1.1480363432388225
76,0.07927435587393493,-0.9131307601928711,10.037049891223209,0.6280349033924225,0.5413785976486665,1.1876922639288576,0.8654588309218221,0.5876359693291344,1.3573673998474924
77,0.09700892824311469,-1.3892817497253418,2.153973326965029,0.06350865007607756,0.4320618415761143,1.5254031483603019,0.33399037952150373,0.33961295966629584,4.024232553664044
78,0.11294276316389891,-0.5136857628822327,4.373450130983849,0.03888702501399419,0.8303767805503965,0.805074040688704,0.4710269150520324,0.71505253028435,2.811571277937407
79,0.1080478490999407,-1.3714150190353394,3.1930768859655347,0.16475343298289616,1.0392859594853123,2.8955420797657148,0.24447204006688944,0.46850910113498945,1.7101281069178846
80,0.14431084628353685,-0.06706254929304123,2.618341191262662,0.1740341378959732,0.3320144284428408,2.2443600383610978,1.1540159182843255,0.5046743024862153,4.09059506679564
81,0.12175652024114975,0.01007221918553114,3.9600846710202684,0.14107203258471032,2.1437632472208996,3.4337687982297065,1.6959576979859339,0.1775275713354135,3.496596429660218
82,0.16709033398798834,-0.5078924298286438,1.7227270620448185,0.07446452995532553,1.0385402894857338,3.650904854973616,0.4407632110167938,0.7429534095810637,1.9200256866157535
83,0.06611802747612955,-2.506110668182373,5.168089799310292,0.27442210190302535,0.809369555261258,3.061493296949446,0.9487648762463591,0.46420594993135694,2.1281055170351943
84,0.17318416212544105,-0.25936275720596313,2.0799204891544605,0.06079201788302646,0.33415254456327526,1.7398110277884786,0.12009699440938923,0.3336068254949521,3.8670902313633153
85,0.08510136116763037,0.3691801428794861,2.652841886689145,0.17933049878373372,0.8912980856762455,1.6160458245841633,1.0489792287821709,0.6800553979610376,3.8393764582985908
86,0.09819920585703133,-1.1934188604354858,6.142772977114065,0.13170632155956224,0.6651305280521654,2.082370892560348,1.5545007303962242,0.18381543432006783,2.194957347822484
87,0.22366267193345896,-1.3288207054138184,1.5068703663513383,0.2914630359013291,0.8339215103181867,1.7101017068428739,0.21343496563352146,0.050842520108744176,1.6076365066659277
88,0.1393937763180905,0.2803245484828949,2.8226861599607025,0.006013937455242229,1.924786548665738,2.160601974303174,1.1959385754279663,0.3567599188192493,2.9184284796517734
89,0.0855002358110259,-1.0683176517486572,3.2036767366613104,0.2835282344861285,0.5096178537382869,2.7767657335047113,1.9441680382493676,0.7613619142603029,5.649256765810043
90,0.13847965949765503,-0.8699604868888855,2.9669706852419697,0.15170590800030634,1.0660555947415307,0.9775172451238408,0.3160304772300037,0.47995558146004924,2.2379228386176964
91,0.10678118652635478,0.3330897092819214,2.09599774929764,0.10098182472038736,0.20695259393083637,3.095478617526592,0.6477958789615598,0.5642262489655269,3.4599341645773807
92,0.07952431103529332,0.9892136454582214,3.457005727516186,0.0901543248072706,2.6694209903253543,1.909859194303494,0.373938907551137,0.2764565446714184,4.58419536902563
93,0.08190237364030627,-0.9262049198150635,6.696653145419687,0.1007746473627536,0.9690751683973271,5.4220529141873035,0.5002726453967311,0.2757547122403919,1.0252454557433346
94,0.1181912648221433,-0.2892727255821228,2.702037443977586,0.11175641210302359,1.2634437606578095,5.893154554937946,0.5220938661878635,0.2235321962444283,2.4399799624386094
95,0.0690344196978869,-0.6537398099899292,7.109236869404273,0.22312122300029286,1.211224599096905,4.8226404095611635,0.7672157012979139,0.5311528162144212,2.4543248311267276
96,0.1457164738207427,-0.5502637028694153,1.775107638552346,0.13560114528375408,0.47573968380351783,1.0568334677455176,1.2439657604466192,0.5381649521893437,2.696108314200825
97,0.04820253692449734,-0.9058433771133423,4.885879782718587,0.6433698223286791,2.097610481646809,4.163887197466023,0.29953011983673816,1.8664950350429454,3.9121374465206955
98,0.11006786763709116,1.2519453763961792,4.180184191174267,0.028672899413979797,0.5551354632741983,3.022676687868962,1.637637658030954,0.5712284694431761,1.749580423795948
99,0.10442609581861666,0.2008088082075119,4.517216323542904,0.24588422180213956,0.340888847140833,2.025763172909709,1.4023618243835017,0.5403119759752731,1.6698835673790788
100,0.11143598894828542,-0.7236598134040833,1.5890510761224266,0.2183078283784086,0.5039473793212519,1.4038189638328917,0.6469244216955127,0.9385201829917383,4.637531363340136
101,0.0816726287992715,0.3903957009315491,2.495263014406988,0.4908698375467579,2.4034666123782227,5.278266360457313,0.43581115513736435,0.40705630135373694,0.6533039674195069
102,0.07877107174892525,0.31322336196899414,6.635983972260695,0.08479790224372964,0.2898289506190152,3.1085187692217175,0.9453241967106364,0.3450583541666396,5.467659424482482
103,0.09870207879503533,0.28044593334198,3.095677151169028,0.2497394242253306,0.8247412900953,2.5543160396595455,1.665338427061132,0.973673842309461,3.8745636875029397
104,0.07162420095912855,-0.7810958027839661,2.171757560811145,0.017718273352719645,0.12724123045974234,4.126081302099828,1.2179459619899164,0.25966828577017337,4.881416819939482
105,0.08545254857792424,-0.824917197227478,3.2139316870531656,0.056146816300841694,1.9109229508253607,2.253837567402485,0.3110145131339548,0.39792931336224374,2.630071192669507
106,0.08502753853149839,-0.29683923721313477,3.0537783238302567,0.07769220835751837,1.4073440130973647,3.9802212342685057,0.5892586056241307,0.6021657895761381,3.4122598762424428
107,0.1446305944824911,0.16090326011180878,5.153786899716455,0.6445373831012632,0.28442617716128965,0.6624655416635176,0.6154046793708384,0.9285240017489608,1.6982338827683447
108,0.13037996868993135,-0.5528692007064819,2.617843234258012,0.21370947307886665,2.1246680069501562,3.734262346733828,0.37294549388883835,0.36155218695928665,2.0624824533546007
109,0.09849342598312556,0.9725224375724792,9.87578726808752,0.08923725234684703,0.7470432440369326,5.39259204829121,0.37609399464048804,0.1949331080393383,2.483168309117035
110,0.10413585093000584,0.8734675049781799,5.417154433741135,0.26124042577983214,0.6433933299777514,3.5636530849453885,0.7456476626980432,0.47416848137649215,3.8806894113830377
111,0.021187247483979404,0.5049194097518921,10.638906315687057,0.21803053332622588,4.748085683378542,4.817185362900584,5.50642290958569,0.19489697655126528,6.802479856578207
112,0.197831639258531,-1.3160626888275146,1.184371003191725,0.11798129262302,1.1218085873436752,1.2706632741058153,0.49646962151508667,0.4487882057871641,1.1910340015861174
113,0.1102674367652521,0.3338554799556732,3.2768399091271543,0.48313302682553694,0.5040622562123164,3.609124659059443,4.575153518042076,0.8279179993421227,2.8069464514871183
114,0.12030608516989855,0.577220618724823,4.9684589289578325,0.2215926491374055,1.0115585052361484,1.4904645446210782,1.8529576319765724,0.13015700029711424,1.0060384585183415
115,0.08583835332978694,-0.7594172358512878,4.845847433761511,0.12984206732681985,2.0136717855346555,2.672165295395924,0.6424783932501338,0.4352529690165602,2.979412650344563
116,0.06301509791520499,-0.879869818687439,5.481943252517615,0.26743754056323626,2.182599688670632,3.3638579423222277,0.9077614576163614,0.748624853986603,3.4253231151594417
117,0.16982589318628882,-1.1083561182022095,2.564015625225314,0.48055267811797214,2.3452366081248863,4.117577331633843,0.4375424289943841,0.38104468624505883,0.7331467467803583
118,0.12375912129239483,-0.41249561309814453,3.268975827356514,0.04637507294845191,0.6984582145104309,2.9580668281693674,0.962365301220238,0.4078968427287023,1.676897503634597
119,0.10046642658329467,-0.32120466232299805,1.8399966325681703,0.3420705454883974,0.3040971697208728,3.95422861795169,1.395377877010046,0.31929260522350267,3.316824169139061
120,0.12464959878575545,0.20827025175094604,0.8865053576868795,0.28731371370332404,1.3530383143448625,3.3404247196366015,1.3257508717774569,0.36239513399672263,1.9909459908920875
121,0.1416711489733221,-0.37264737486839294,3.004179704333383,0.32204379702258285,1.1979815747640459,2.082653158243672,1.8305362431988654,0.8473836289330487,2.288180320258434
122,0.1694777965140984,-0.6175154447555542,2.661615355930351,0.08397703148683204,0.7857011806798992,2.654864084825496,1.1970556458126411,0.7992110835338746,1.0795329212202942
123,0.1039903617246203,0.546878457069397,2.9693374642777863,0.1088878018946774,2.5476322336604436,4.16659828189812,0.1695013148192188,1.2422203440767077,2.3742928878677985
124,0.10140531527848265,-0.2045426219701767,6.085705463806378,0.08035744664181496,0.18574024481588794,1.9777480603801656,0.13524899801172138,0.2600642835416677,2.140944907752363
125,0.10057705478481849,-0.5329543352127075,4.02997128507188,0.17499668837695856,0.6370011282948408,4.090690157102553,0.3740473568060849,0.4456054513235824,2.0881562804280223
126,0.21493357903799618,0.6470011472702026,2.048593682483877,0.0963858836676385,0.7070083955405433,1.9680228923739462,0.6300084191733345,0.2018218682337246,2.261224734144508
127,0.16095906503488588,-0.34137046337127686,3.223322883488228,0.06097506156742505,1.309422662855183,1.48273800330018,1.0196505953153765,1.0241216478605824,2.0268418326363835
128,0.10787731974081971,-0.717184841632843,5.486423507956245,0.1963594575266084,0.19902225299812465,4.569316002731789,0.6921218634702834,0.31741265227517973,1.7297570483772151
129,0.09035597462954975,-0.7662883996963501,3.0964278562635688,0.37913536114272295,1.024526040155618,2.1697503801236815,0.6695501078791505,0.5807247597706159,2.603877670480613
130,0.2538396820226167,-0.13417531549930573,1.2919671525221104,0.22677053683829024,0.7287975813345744,0.9941747718043187,0.3165831443407118,0.40295011024438615,2.46805296821856
131,0.05662267484068906,-0.9047957062721252,4.017622568005289,0.12784090868986367,1.2875648117438976,1.779873435746175,0.9527804048706151,1.4954163988939617,3.0217475366943947
132,0.11162156423139258,-0.3458941876888275,4.17469136899498,0.47397723837931416,0.5488995918788602,0.9432246569845837,2.6336341950833857,0.4719314732126768,1.9509697500606986
133,0.15276244634205086,0.21390700340270996,1.9297686615017136,0.0553835494030158,0.39991226032066096,0.5330000729665838,1.081174157197153,0.8623721410417166,2.1676264451120835
134,0.05470097334439956,-0.6477873921394348,9.509508152306738,1.2505019860784312,1.77434611419771,7.601008785625069,0.7434024024906415,0.07632642847425801,4.5291138374042745
135,0.07567076114685041,-1.2251229286193848,2.5403691093498306,0.015375078750910463,1.288530047904273,4.041515707567483,1.8713249277900161,0.5482240100362711,3.0258232947366164
136,0.12182408950464847,-0.6530695557594299,4.0208984014228015,0.34784312545500623,0.44430738545279913,3.3460876753919013,0.4945189781396584,0.23306868334963995,2.9846603399947957
137,0.1019942032445804,-0.767938494682312,4.651425021124932,0.2491028639789031,0.2595755615333283,3.428264764315622,1.2526948469346582,0.4067598009864857,2.0397871102283154
138,0.06424743517761954,-1.1767908334732056,2.396753347936252,0.08925057200343794,1.3305079104928534,2.0918929117655125,2.1306807584518164,0.37791474348424614,4.211799257976006
139,0.0758356396805887,-1.8238941431045532,1.1292292536182285,0.11613698753924401,0.6754914212721453,2.635199562131776,0.21156257571947573,0.5681649151728864,2.2610127359341012
140,0.11872204911583543,0.2610684633255005,3.2052895581881753,0.2302807300056299,2.6737035232526667,10.810629688651574,0.14704007310243022,0.295806673358389,3.3050236536882434
141,0.0877438594456898,-0.845683217048645,4.390336519072597,0.13162846951750182,1.4424131514273888,1.2269622328402936,1.7680391853077342,0.15720479478349483,3.125809035318084
142,0.16428225367826207,-0.519960880279541,2.01623148664625,0.04809686556113285,0.19983133631601813,1.7427405507101832,0.30702786513559854,0.2521482981713341,1.7175711962267886
143,0.11292297307289582,-1.2202991247177124,2.6347519502701227,0.30350214528093167,0.47781400395710183,2.5266891373178164,3.290158470472504,0.9005457671766223,0.7623412011399257
144,0.12594611994216834,-0.4230559170246124,2.2244361007345916,0.5233108925300571,1.6711559817753185,5.6721185058913655,1.0510837272140645,0.2604745472907234,1.4561680009560258
145,0.08920825811697936,-0.4176448583602905,4.477128820402734,0.25180556474706495,0.8393715168921948,4.919994319389391,0.12965290465851795,0.3492788596014117,2.8781195063249876
146,0.046925206923016424,-0.9432221055030823,5.6711023145967205,0.14364151318978197,0.4203993912824999,2.311201826884001,1.4939379999293503,1.0571985193009186,5.046131677907029
147,0.08795844441712931,-1.6574305295944214,2.613923436435459,0.26121442326555366,1.3243221539141916,1.602850263645176,0.3321862070319148,0.29214222412646046,3.370835806799207
148,0.07066318382008162,0.871137261390686,7.93696198513022,0.3132682851863201,1.129797596479398,0.9479104041152174,0.6095152443809018,0.4202090956471084,4.2062729159652505
149,0.0800282290801475,0.1471310406923294,6.296560989412898,0.3622748395534849,1.295533149241997,5.647370091158008,0.7756853229087937,0.16562504232184505,2.3197999891364964
150,0.06288593418480744,-1.9998043775558472,2.9333952780716124,0.15179391584389712,1.2268044775777769,1.0628039875767803,0.7207779468135714,0.4000093348507721,4.561098356871901
151,0.10110757938114259,-1.3782751560211182,2.2316368477806336,0.22663938288050461,1.318091264112168,3.6375918159046194,0.7551133376204441,0.5248429931783071,2.6684736590665983
152,0.10183769563298814,-0.7228747010231018,4.735076680877373,0.08548664020063863,1.8756601342143033,2.162540753878176,0.13843808193285395,0.26534256513935395,2.7344760389550906
153,0.10305055741239633,-0.92705237865448,5.0312719593522734,0.10737115904452257,1.0219873715564687,6.350678417212135,0.6655371509573614,0.32733517759388736,1.372655505052354
154,0.07026387011029801,-1.006070852279663,4.499433723024845,0.27992304125467943,0.5392928738234075,2.9434250012201693,1.0684198810561814,0.8268284029185937,3.37411838637852
155,0.17418179099704062,0.4596095085144043,1.150970271118791,0.17770064147898187,0.7462807481098975,2.36888849800151,0.9170730577620498,0.6278252529772238,2.213615056354252
156,0.16669650777351672,-0.2733552157878876,2.3590220814898726,0.12040379114016467,0.3742555827825104,3.9184907346594295,0.996453517834457,0.4042069670448743,1.2791390379103051
157,0.07226473740231347,-0.1445154845714569,5.305495938231208,0.17438541875233227,1.0926722840012373,3.6237747686025514,1.4142115406726055,0.6454928980606452,2.4138840510227784
158,0.08559350654274653,-0.42937764525413513,3.6464535111835326,0.3098748933714749,1.0772005269512193,2.0432396404450746,1.078893535676608,0.18918712436645627,2.9811545758391147
159,0.07540670118636016,-0.5467260479927063,2.399723625671677,0.23369772586320114,1.1759457508037283,2.4355668325481585,0.9367831791463401,0.5036666059641414,1.9397599300951816
160,0.10226399526768962,-1.1755285263061523,4.9118017517272685,0.09889513898829054,1.3775754680366512,2.4931442249814824,0.12632320308702277,0.5542767496401969,4.572900476873462
161,0.10877638294077595,-0.22332854568958282,2.6849150349937556,0.17931386757884074,0.33357513108158865,1.1928023361966138,0.7478927276790563,1.0169035447628494,3.187427036699666
162,0.12648476783621673,-1.3301317691802979,0.7677430535066827,0.14322652881318235,1.7358396778915899,3.815872660155409,0.7203433697776698,1.069778955293845,2.363296515975074
163,0.11998660632321674,0.04289720207452774,4.943365734631396,0.28561506835162337,1.191826526475605,1.1452942115484537,1.7566717214493583,0.6473434892340989,1.4036126804213158
164,0.08953727655289533,-1.4807767868041992,2.3123532224788907,0.0436177405958462,0.2691651189595052,0.8154317778072752,0.9309483655716501,0.4435846760763153,4.358561105096327
165,0.10731902597330438,-0.45774322748184204,3.740712920240841,0.19014191042759648,1.722341532272845,6.988921703038882,0.13481232144456576,0.06442298659967868,1.513206144706837
166,0.09263237881798593,-0.6288632750511169,4.1340976614088225,0.8353148771055119,1.6849641891623899,3.9758437244228575,2.784035081052763,0.6663394657990526,2.719555945684393
167,0.061153261527874224,-1.157322883605957,1.2787168759162606,0.35918959158717456,0.9994943803041396,14.175123223001858,0.4508122908345565,0.370254568665352,3.44890414166959
168,0.10783807822498481,-0.7063550353050232,3.1868126829478425,0.24221984786315284,0.5076428424477796,2.0951530098545668,1.3973396368554656,0.6695806583769622,2.3418231199059836
169,0.1348633722263443,-0.9176579117774963,4.2065672637988545,0.2766656648262569,0.28261082309403485,2.192102017833348,0.35119349079214657,0.35996059849994605,1.671620322231231
170,0.1158676351026133,-0.6467220187187195,2.0578546569615477,0.18186364925525383,1.2264554551438756,3.454862610449454,0.21350779715546464,0.22001046472775376,3.273940376140183
171,0.098904995266716,-0.586735725402832,3.437084391419042,0.5817938581657022,0.43690813875708223,2.0392014181029223,1.01584797888534,0.20845133520773507,2.57451397811929
172,0.07336001745676214,0.06677623838186264,3.825967204839214,0.2140223962735015,0.34702480171416705,3.7264304351099007,0.4849074640070315,0.5163917348054607,3.288990262119675
173,0.04019476228363365,-1.1218420267105103,5.165571860217887,0.01664923060557889,1.297870652276818,10.422870573389561,3.496701054746314,0.11529038936279325,5.761047155529694
174,0.13264427193784237,-0.5384240746498108,4.435572995684564,0.13635982636271662,0.635425708698474,0.954715471582353,0.5874698302666065,0.46040229655583453,1.6619984413697995
175,0.13727652634849885,0.4030799865722656,1.9632215520183345,0.14738536950636236,0.5468243289856336,3.0775580693722433,1.187361817569106,0.29456633424880424,3.5416552311070078
176,0.1445312152452419,0.4727649986743927,3.1531166172552463,0.12919172114825722,1.4193569704382092,3.337513085671206,0.765130229184129,0.12272718031535029,2.063064502818616
177,0.0934202013268259,-1.2703664302825928,4.6443550679773775,0.21308921532605218,0.875258827618299,5.335275938575147,0.35842553429961066,0.42443719638580096,2.486484132265152
178,0.099663559374995,-0.27946844696998596,3.861434758824339,0.36403350395181294,0.9792359239640098,1.223459015589632,1.6660494925894713,0.5502205230874968,3.274974401994241
179,0.07940597455082253,0.2649557888507843,3.078465848294677,0.06595071797649459,0.8982927861158224,0.6744444642122734,0.2279931784684587,0.7075445899413498,2.0790772723363737
180,0.1764811972701279,-0.44194990396499634,1.0908604600510654,0.08852640139520468,0.7091189891577441,2.76575814721038,0.17124093741410926,0.9054794749872975,2.1947836129193625
181,0.059882924338662595,-0.7927401661872864,2.644431156282921,0.9114887962829372,1.0628761236621336,4.177135604633942,1.4644493377031254,0.25515408997639666,1.5382569676125664
182,0.15017999261585913,-0.3707316815853119,3.1128581388031566,0.1536567408962256,1.9292477918469664,2.309574647125451,0.21043158224117373,0.3026124041938322,2.4337979846908433
183,0.03991585770209584,-1.251338243484497,2.5802704411308293,0.4650695771175528,0.49840137074863716,5.714753540544599,1.0507719513777296,0.08773007440266857,4.135625694552804
184,0.0845166000244689,-1.3422935009002686,3.1771574236483437,0.5894805868178219,1.095533627681913,1.2094999978019247,2.804566681592738,1.0312702009383004,1.6051088270754064
185,0.12410829093684857,-0.7340487241744995,2.1410342367983963,0.3157824928091045,0.7317137528279836,2.141453877961634,1.1875721006295534,0.1303253637706843,4.30232750109982
186,0.07549295671061533,-1.178598403930664,2.177160131530669,0.33997695297549785,0.7896799278240508,1.3245984973404812,0.6223900652889712,0.41693572213592983,3.0531456900310543
187,0.09576042488233451,-0.5874371528625488,3.831603161472891,0.14524091063484096,0.7576000339144217,3.847711777721189,0.40604499078147716,0.15068469660672382,1.5495857321054913
188,0.11362137796938653,1.091465950012207,3.4314825930508954,0.20235335740858884,0.7867689716659496,4.365623769908351,1.5418046733140272,0.7218314067770053,2.8702185177843087
189,0.19249282939448678,-0.288813054561615,2.4304059591714418,0.031179120876147024,1.0454511448489392,2.199993123329501,0.27219244953642846,0.39082390702318587,2.8019824958899857
190,0.161698491410104,-0.26946839690208435,2.966202215393278,0.07325186671534009,0.47903310218235445,2.1168806508278406,0.32524998857749443,0.4575490987290508,2.1442951262543124
191,0.09280026848113473,-0.6640034914016724,3.986143342006341,0.25885708299072036,1.0668623732189104,1.397779174746849,0.5662233915477686,0.11613244659667124,1.5072947191095565
192,0.10274933826914827,-0.6742888689041138,7.504602654249367,0.2624100310909263,0.33603140333253967,2.2899835100741024,0.47104378866482,0.2913145731619059,1.658956730315021
193,0.11000799916837006,-1.8859220743179321,2.694286745972202,0.272844685601021,1.7939735486061748,4.939152892111098,0.7012829574511146,0.2357768672231323,1.5425836657411247
194,0.12053499386904809,-0.24544662237167358,5.438285263902479,0.17437510802966927,0.3530865424098047,2.0233910804227184,2.080977626872539,0.27677455691827046,1.3573441397438015
195,0.10642551228630842,-1.4425270557403564,1.8269462808283328,0.14495704725917322,0.9158260795934291,3.219702593043432,0.08384837069472122,0.6591656684344183,2.6860292586734134
196,0.05173355357707033,-1.1053388118743896,11.487361869898063,0.30985261937261693,1.5477391674367167,1.4073711918535534,1.1324194315772604,0.6641308418007597,2.0190289774181696
197,0.12406060146922362,-1.230766773223877,3.0077111112827613,0.17607661330653174,0.49470762865772283,4.684778687253939,0.6393135557559914,0.22874185207587425,2.3373278251127907
198,0.07356839602961675,-0.29066917300224304,3.6674899793259956,0.2207084812544889,2.1526573790969503,7.8125099584956095,1.9323224840741902,1.0023551886519435,3.469515154261114
199,0.15167965121068913,-1.1022125482559204,2.9716391778780573,0.25071361894823485,1.2219169016032483,0.5992716622085973,0.3431799523029153,0.3864958141698982,1.6137531149945636
200,0.13069823178621578,-0.05841721594333649,2.724102380726698,0.17679949737040562,0.3780412677216193,5.168568518992245,0.5988109166106704,0.30615348046005,3.139272586426559
201,0.10899941293672886,-1.1937434673309326,1.811427696353112,0.5568238261808666,1.1593389040001723,3.6651220006144944,0.1646139684924681,0.46608483109429066,2.0567346064894054
202,0.1311173619452049,-1.0936408042907715,3.2377243743619477,0.15641265948640723,1.5716702396026812,2.1403162643098765,0.2550725557322467,0.3506972746748708,1.7474131997138695
203,0.17199095484095245,-1.3724733591079712,2.977445637836823,0.10924519339570476,1.1767959740090495,3.121680465595092,0.3800423621043138,0.12576455215253315,2.1539662657017775
204,0.09356649418402554,-0.875002384185791,4.019784117221169,0.1339096982830705,0.8684658597400058,1.3077106366248075,0.5397426001137894,0.16415643570265787,2.8851960224900974
205,0.13888127108671133,-0.17511813342571259,2.2424087190138264,0.10894926862816204,0.783000859358325,2.665928110548546,0.4107724815033296,0.6378504357021471,3.5407425562072263
206,0.05113013237529046,-2.06238055229187,3.509143699381027,0.2112826148671678,0.22853691468834209,2.514048273629912,1.610405814699883,0.4356467297701318,1.930533372025832
207,0.045976357099463364,-1.685636281967163,3.723673705721936,0.43206593630543894,1.8835990099553241,8.326857162094043,0.6272123481896652,0.24820021976929554,1.8561340956350123
208,0.08694773054689997,-1.464703917503357,2.7124727428297284,0.22784119035763523,0.44598664625641643,1.0174688042646334,0.997797350909495,0.5502912679575043,3.11973444306494
209,0.10006026332844715,0.6119629740715027,2.6423868224716567,0.24194750906359036,1.0858655667498471,2.2292146131968105,0.18210297854917395,0.3668709412403016,7.362465570731193
210,0.13633568929255607,0.8212282061576843,3.3867739769531306,0.2258321624539747,1.6132361436266287,3.0319116405077264,0.28727854063024305,0.4490202940774489,2.72588447775877
211,0.06864990747046944,-0.8292842507362366,4.578362690537255,0.13886969896843163,0.6312784853012453,3.2685877168808304,1.470596058978658,0.9234898030005663,2.5350898185659423
212,0.08434597830429442,-0.3804453909397125,7.21353542834029,0.0974677041137618,0.5815111655849741,3.7373623829233047,0.7961192890853532,0.3417239452031751,1.3259304589573226
213,0.13996707648060489,-0.2497238963842392,4.3745743187280945,0.3481929021554317,1.3160804911344515,2.691672453154281,0.4742866056763849,0.19676114897600205,2.2699093077851717
214,0.14757658154835385,-0.883270263671875,1.6492756148254941,0.060089370792098896,1.006143033721888,2.395544363106368,0.3004211123537007,0.1876072989890749,2.6798672113531423
215,0.07066938394111513,-0.36754655838012695,4.655723773127536,0.07293466473505472,0.6062648558367536,1.2767833112162221,1.51747296411975,0.47976083195663766,4.313411186588249
216,0.1243857675907589,-0.9228242635726929,3.591394230176822,0.08586449169879974,0.5424012209090433,1.9057273080312183,0.25358118110435,0.1196292939925693,2.006981134657889
217,0.06982136924170629,0.31721264123916626,9.06531951715054,0.5950934839670308,2.496949727914941,3.4960070862704615,0.18498340660480359,0.32725492042697235,4.14065542963838
218,0.15869018851988617,0.7038254737854004,2.7374159563823897,0.012115207001234944,0.3241304933601441,2.8387015946709027,1.4439720665366185,0.41110567170322904,2.7383399395268033
219,0.06663794803565484,-1.4823178052902222,4.836047940853141,0.25729266072635304,1.8948584185946433,2.561918012878426,0.643947446396259,0.43116682673547624,2.3715933942268017
220,0.11641423779371306,-0.5143689513206482,2.070936785115077,0.038699953311203586,1.6095224905742795,3.7248448888246912,0.5704257765966882,0.3393866024202506,1.9637304084051257
221,0.09869400750864736,0.493591845035553,4.212616230467552,0.49050436417329213,0.206342009160428,0.8155326485036227,1.0955566376208743,0.41536601925280414,0.9727536532755471
222,0.07815048659843762,-1.397682785987854,1.947395462998632,0.10865414546538857,0.545942610418709,1.2792717832130889,0.5774308293497373,1.71034452135101,4.348393352937743
223,0.07872115025965129,-0.37315285205841064,5.669915974322836,0.5546684811191699,0.38942968300653563,7.7204348292644225,0.3180624744789695,0.23163343966299868,2.905306262480715
224,0.08220956198473976,-1.2513383626937866,3.2130816328800673,0.03013207442317498,1.6747568238541937,2.450651044288388,2.632803447770708,0.18042703733659607,2.033927324989817
225,0.1542612257595982,-0.1760522723197937,3.7391021302647385,0.25578086542247136,0.2230697349768443,2.251160301045573,1.0941478257876227,0.3396636506936148,1.5497310713258547
226,0.05302620562759728,-0.5152798891067505,6.537853465446838,0.2628745372297433,0.7501778859202788,1.7988448924218627,1.3375818906120274,0.29489547572626673,5.570862007114967
227,0.13095337655849093,-0.8900813460350037,3.660253616842752,0.24921130539156966,0.7049654291935816,3.5731532428724897,0.881074734755984,0.6542772559139329,1.8177307759473393
228,0.03972345781545442,-1.4232206344604492,4.488602365446207,0.2282669527460076,1.0589446622038625,3.815133084810938,0.35664323806333426,0.4820812408643004,5.199122351984179
229,0.08231478480599741,-0.1823732554912567,6.894308726530181,0.46891117475027866,2.3898693722708138,2.912549616253161,1.0106482971997677,0.4049374638563221,2.7795407044994955
230,0.05918003223802136,-0.34946829080581665,4.234017202217087,0.1366567118388077,0.21112538152072888,3.3134322186740985,0.8168147230107938,0.6951693202528402,3.769081960487532
231,0.08160777295310166,-0.5752909183502197,4.043532003890035,0.20022270547364213,1.04704710291299,3.9183431273627183,3.0985000674225036,0.2561456811794519,1.9481583334197152
232,0.049361641792673626,-1.7646857500076294,5.15761160042506,0.1423876599391179,1.775432700227962,2.7938605120400575,2.4706348761546937,1.1016201027134644,3.71341786580615
233,0.157918954670868,-0.5450005531311035,2.3041384747124494,0.07611201625910995,1.9411079342318536,0.6735048006784764,0.6141751890312313,0.24547911667874167,2.6706819156939634
234,0.13563155490039777,-0.9507254362106323,3.0923266655355475,0.15693004041445918,0.7224963769422058,1.7002177895081358,0.6286790011819939,0.6113777776051215,3.0306765174672132
235,0.06756638455158182,-1.1777548789978027,4.195910178521928,0.2092795645421757,1.6422752106047824,3.1434116819219815,0.9027613104726921,0.4551038712750225,3.353340068109949
236,0.07837736820426404,0.6190095543861389,5.1495567922086,0.547076854744933,1.4096288593103141,2.7074930108764605,0.3013277583934591,0.46764140030763995,3.040290348084772
237,0.027093352845630463,-0.9406766891479492,13.376075655672489,0.3185801833686015,1.7671690384332392,12.824580828547004,2.5920333528694073,0.2664377119371579,2.8774416233711237
238,0.17364530659659125,-0.4735981822013855,1.7190597623639974,0.34370900177748104,0.7371680973004449,0.8941412793058521,0.16051266665035385,0.8849522773856996,1.9696612453961386
239,0.06915371937842572,-0.3648446798324585,2.7439806718747324,0.2842745888545413,0.9213996223304587,3.1479419824487436,1.2667964119533912,1.4616643166214702,5.140855720641212
240,0.08500795789442232,-0.6938328146934509,1.8776689904904038,0.07351207888351416,0.18126881888746998,1.3631711020635688,2.188810174945698,0.41960245897626347,4.825535342503454
241,0.07736939057280297,0.42811083793640137,4.580448603799061,0.152550875357335,0.649365642235075,6.650535832580994,0.3669942930491599,0.36078486739086896,4.362595959049573
242,0.1552224784469041,-0.6265941858291626,3.590078407179717,0.12080246535415554,0.9981065069186954,2.641335886342158,0.9651529490064616,0.3388259131230795,1.150840292594316
243,0.15264279427678096,-1.0383625030517578,3.792465728577418,0.1254245075087731,1.8638494532936907,0.9484198801826516,0.29394934282117224,0.5824810191640872,2.1309746531780593
244,0.15847828560956131,0.8073787689208984,3.7000731495642016,0.06399442537689423,1.400735616250809,2.7438069830312566,0.8731836936308579,0.35745620330367195,2.1536811383936914
245,0.10702916091466509,-0.3683887720108032,4.2086869756547305,0.050007854815093435,1.235166630937119,3.647806955793956,2.1637302890083134,0.898135177745085,1.4628798685083024
246,0.08768950581494162,-0.02869541570544243,5.612134457455074,0.1654525100746252,0.49014351590058736,7.451699770393598,0.17821867663402502,0.2423477105867102,3.138151218081418
247,0.08846449705125792,-1.852308750152588,2.514724932704027,0.34653604550221606,1.6315137604000338,3.6878515583715585,2.2589714009785915,0.11305033647984397,1.55364871901604
248,0.09136780718687233,-0.27036499977111816,4.951788625848385,0.01546693601955932,0.34324222333456056,3.11409222970979,1.4121331675404838,0.2186250609031101,4.277357465859472
249,0.13270544851806512,-0.5719812512397766,2.917885452368725,0.16652182712405933,0.6257551030562061,3.5387854466342947,0.48246953983004576,0.3636348247783186,1.6208256774486243
250,0.19633675320403282,0.009771223179996014,1.823223600611169,0.15918272659581892,0.5194710888659305,1.7318706833257498,0.20268045589402325,0.7141937115779796,1.2790827530285687
251,0.07193671547333003,-1.5694282054901123,2.0434807920892757,0.3368885756484142,1.121902118664611,2.9903478659961182,0.15639541303343268,1.22589609320177,3.4477934164669715
252,0.17610814306109,-0.6819921135902405,2.159469634201971,0.2931324364112677,0.6215687347049889,2.218764389170017,1.5969820474777565,0.5294392789792615,2.2779783957206376
253,0.03086143660073687,-1.1517374515533447,5.528048905412833,0.3781604185474243,0.34940700102660693,0.828664066280095,1.1747546881717295,1.4160997961550976,5.852495981076733
254,0.0804126426694544,0.20346888899803162,5.293950863395551,0.06798029744554294,1.249053664578036,5.683418391756251,2.8820334890764396,0.2908076127039005,5.914618967163142
255,0.09808052935007616,-0.7074962854385376,3.6187175657920396,0.16450805522624332,0.6234009717144001,5.033330806076851,0.8681816668356733,0.4995631687249579,1.54090708419615
256,0.12876560617977764,-0.8828381896018982,0.6929363599193237,0.06604419971683892,1.5156022425417512,2.3632870781428137,0.4742405283287722,0.21308502400196797,3.5669729036550417
257,0.1439551277048255,-0.6749821305274963,1.5266745277491791,0.7682837733773006,0.5743008061897767,2.06190007650803,1.0521800221484876,0.08853805286093157,1.5185064631719372
258,0.16093748018953163,-0.08818311989307404,2.8407069819180752,0.32637910860103886,0.4823544088371525,2.900734372426118,0.9816626214077983,0.3671663111767443,1.8316556016905108
259,0.18233879713580128,-0.27433496713638306,1.4033753518613028,0.3077803786027014,0.700765438048199,1.2237962436623155,0.9313974965602909,0.2675210500404589,1.4652267125101521
260,0.16812188875949138,-1.0540486574172974,2.4398422401959956,0.20257726470038523,0.8925601646120886,0.3976044797339034,0.47524503871861873,0.4436435876552295,1.6055435714061508
261,0.06886697083466665,-1.731527328491211,2.788167763571893,0.16243016104322508,0.5609182006964007,3.6110156340413773,0.33797521330269603,0.4893034630070009,3.920986887062783
262,0.0634304916278525,-1.0750794410705566,5.702931081659289,0.16259911518094647,0.20170312369186305,1.636536539188126,0.5063423635895619,0.9733334983050654,6.0889825802170465
263,0.1037764676310559,-0.3632871210575104,4.791705608714312,0.07417209815434134,0.9453105576248902,1.1499339895908296,3.7818666824694933,0.1603134652222836,2.9853681085857584
264,0.15228632440238332,-0.8549734354019165,2.5249478701339703,0.43065265435595423,1.0883564624785385,2.2057534472611353,1.249021186449552,0.38383208202210056,1.1144434443840903
265,0.08072656048832183,-2.010150194168091,2.5131093456089153,0.46127729556003116,1.6896235192501492,3.306161691315451,0.8366049376660245,0.3335595037026825,2.022788876143001
266,0.17545604955739588,0.7159045338630676,1.8246634286883416,0.30854290176525623,0.41100693321819365,1.8486277372110933,0.5189111174081779,0.27850265025727877,3.5458750809272197
267,0.13695914165319828,-0.2558427155017853,2.6655404185980998,0.18020026446006676,0.7408466269142043,1.9884470727097923,0.12999062086953056,0.5954137608425156,3.5717419132311847
268,0.03579071843047443,-0.6442636847496033,3.0808315870872036,0.13320877170905013,2.5278479873146957,1.9754422001288587,0.22790812436524432,0.9718759454399641,6.554477545248219
269,0.13584050005276324,-0.7528352737426758,2.6009697010201016,0.13979297284517958,0.7405539178770152,3.2963597741601918,0.5805313349421661,0.5253617664501957,1.0688949169373512
270,0.04629410930538638,-1.1956957578659058,3.8735319760670186,0.12079273082176788,1.556461675574886,4.146809324118028,0.5263390762296094,0.24523065000157065,7.089014980471559
271,0.14384462034259055,-1.7660804986953735,0.9898280075986885,0.27159933314064266,0.3202315421412392,2.5934524892535187,1.1209578105797462,0.461805295027552,0.9806738613706852
272,0.1296293521121222,0.18851424753665924,2.687175337519623,0.3820635222760409,1.232005191280329,2.794280524861867,0.9034946584631076,0.47928797334442225,0.8582803570823031
273,0.08687684228621406,-0.686479389667511,4.072830129904665,0.2269798700137035,0.2540456246266678,3.4216741785892846,2.422581900139122,0.6062908744600365,2.4903447803542837
274,0.1309029631903291,-0.7969081401824951,1.82548354263197,0.08420470580920457,0.7132663043142214,0.9368526913482814,1.301065215558832,0.5110359940623558,2.7018068245176057
275,0.11309740673917168,-0.9056299924850464,2.1696352819679934,0.2018644091019883,1.36631357936378,5.3488632149199695,0.11176723041743193,0.5070410073277534,2.248361043530196
276,0.07455020543206513,-1.1050474643707275,2.1691409466310057,0.07511368537163149,2.1620847626988007,2.1604279969434024,0.7625918161122764,0.39102573971967286,3.751741330681578
277,0.0651153918274703,-1.3705987930297852,5.50039636550607,0.11648645176224301,0.1895807650361567,1.2218081137614725,1.5807077012946866,0.6448491582342543,2.979170786896031
278,0.04964117272686287,-0.7696823477745056,5.979637812499591,0.187610362955092,2.6046081592027517,2.6741040378665324,0.7771371933086622,0.16213898705241087,3.897879721039034
279,0.1008193947272993,-0.42274487018585205,2.7725104730130985,0.16621216269480743,0.3734359940952556,4.183408547059704,0.477616394089413,0.2829201638899063,4.685977315338115
280,0.03998477031553164,-0.6445612907409668,12.364779237176343,0.7071401616050418,0.8798259332415983,3.159963190731607,0.4213005054434601,0.21617294273665447,2.7206594096083343
281,0.18083599103332867,-0.11267884820699692,2.4874943613451097,0.2058770679991942,0.8594341195137898,3.476556772540369,0.48745662818715174,0.6296402036373087,1.3065425977236762
282,0.06796846680598355,-1.2521767616271973,6.394909273368853,0.7685629570375155,1.0706663731908643,3.3652910316333773,0.4517234487940515,0.22165634703116843,1.632424916124226
283,0.08367480871265039,0.37197020649909973,4.9610750553072185,0.09183714199726868,0.6051719992014679,2.572422343255237,3.5017847665911868,0.048368669100343153,3.0601337637555486
284,0.09847518164417342,-0.5005999803543091,3.619980017733688,0.08150038371532668,0.8019261651359298,0.41970606424323736,0.9088575380212739,0.326048757352797,1.944407348161179
285,0.03888087856872366,-0.06698457896709442,10.024895932401611,0.27819850430868637,0.7793790212616055,3.9312367163099777,2.2497844414039805,0.3210346334629254,3.8914986151449535
286,0.10340491214344152,-0.7352715730667114,4.45278311489728,0.1351692774697802,1.2611123351168139,3.3685915024411504,0.5006184515789233,0.6547619265392643,2.310002951376519
287,0.06246604900217849,-0.49865585565567017,9.068944810032452,0.07340057138850918,1.049522781573934,8.12503051475953,0.32432363179071333,0.7282924656244563,4.385771453726184
288,0.052305759764356426,-1.4102193117141724,4.614461560233105,0.10880356549415948,1.2868866810876216,1.7996534019560075,0.41480187662485035,0.49461649313047573,3.3365714778349
289,0.18438786773154353,-0.40436670184135437,1.4428341871192734,0.09009220571681904,0.5707755060280153,3.48521852085959,0.8406955650750899,0.384669511818413,1.9560630065947777
290,0.13937586430741003,0.5883550643920898,3.129082026714379,0.28225672910917016,0.5787358669383426,0.2202197005791505,0.6951875934692938,0.33134656872062507,3.344664358576464
291,0.12891083815387927,0.19672997295856476,2.91965718649937,0.2005316097506143,0.5240249531474176,1.2324320224281267,0.5049704157802081,0.6423003858707833,2.620397378159712
292,0.10956822474986083,-0.40307608246803284,3.03951846836948,0.11550620203818651,1.795918574300791,3.234345069763478,0.2707413365549202,0.5231742592702843,2.3767829437842645
293,0.16431102505041456,0.1929270625114441,1.8255372942285781,0.19189795630039275,0.8877054618423199,1.254013645822894,0.5444546674974445,0.747951706540193,2.4573436074676485
294,0.20283139997335864,-0.698214054107666,1.4955932507369,0.11326870712852534,0.8246695956683053,2.111072554288,0.3491059411384802,0.21942556195742316,2.122916537087085
295,0.07108991495231895,-0.007137034088373184,2.835243566706552,0.05201226610812828,0.5927701484707611,2.73825931113084,0.3506779188583561,0.24398030429206605,8.254016183746558
296,0.09826225257800719,-1.5922441482543945,3.33124667254015,0.033618741489741075,1.815621003440592,1.8397237880035653,0.6125084732771623,0.4588487361221204,1.9178240471595531
297,0.07282061274381799,-0.5666223764419556,7.053153064664348,0.14666811541021463,1.7337487904664772,2.743975111044598,0.8979242756883482,0.3817647921869834,2.7852815800972657
298,0.09489741882219312,-0.6339256167411804,3.559527069222853,0.08911886718357527,0.5199006597371917,2.2604021897355038,0.31412438022467304,0.6454730263518973,2.6530245235372782
299,0.12663210688933335,-1.0298179388046265,3.5020807477984826,0.26862989545216054,0.45228240348078397,2.4903069294323554,0.5025862344978316,0.2644114588953434,1.7017244834916148
300,0.07983297176816367,-0.6553474068641663,6.588075663025249,0.03323795783169021,0.4768320863107415,2.2846224552952714,0.1509394116530087,0.46091448646564886,3.6698966740544603
301,0.11248962055256709,-0.32336166501045227,3.369913320023179,0.14626340848670857,1.118825908875236,1.916145550268652,2.4878967884090213,0.1843307705936923,2.1858626481266525
302,0.07323690107699327,-1.144222617149353,2.173453199312938,0.18857213975483558,0.37187183409975055,2.2595359041275187,0.4403204691852082,0.5265271237301382,2.249086839755165
303,0.11274305596597771,1.0674141645431519,2.6510790994466276,0.12701733067736706,2.218001313382682,0.8750313851493796,0.09403938765691437,0.21340608929333468,2.5539275295049593
304,0.05758708808786453,-0.49687305092811584,9.308058207257954,0.10932500168782998,1.2355307989768436,5.7631483690873635,2.5045877228844673,0.07914018164384587,1.4292612142969354
305,0.1268915356512884,0.1027936190366745,2.1710335559082496,0.5196658819552579,1.7695788737421028,1.238743943044938,5.289570400781144,0.21955081395718745,2.4069802830012756
306,0.12683700067433507,-1.742709755897522,2.2081500576419377,0.15737287236800077,0.6913456985177081,3.604471591006252,1.2992035376225588,0.4051727631470492,2.2975502250858773
307,0.10890184763387889,-2.027411937713623,2.5427280818926983,0.10071952151755463,0.8234006021341429,1.8605895852026657,0.3556493450033803,0.3068870218420199,1.625630471673895
308,0.07588792878732427,-0.5788913369178772,2.560965786183402,0.015881224723607933,2.1816959890956924,3.0394300589789967,0.7430280309820531,0.982975075056503,3.012923160189712
309,0.17766480249776057,-0.3755105435848236,2.5572718378245174,0.08796163205584374,1.163089091937356,2.3010578616492507,1.5223277547543665,0.4143578220701181,2.7081252068397967
310,0.24201939497815464,-0.07390253990888596,2.0226909776108304,0.29684079827658066,1.02854424779044,2.17699805626222,1.203423141888827,0.23400459837687823,1.5510935442408338
311,0.06504000089461148,-0.07465961575508118,5.934682055848004,0.2560218613804965,0.7056033381977207,6.751858597945564,0.8710434909415983,0.12209459619691534,1.714196338663689
312,0.06747803572508479,-0.5641118884086609,3.439275928881978,0.598277595856235,3.52305784687066,9.723597694179253,0.22473180582921398,0.12559707979560766,2.322723077563949
313,0.1156895080581651,-0.8033936023712158,4.074089275751668,0.41083923016774115,2.0134919973223946,0.9175551444746287,0.6825690137138558,0.3966098434116678,1.5539892174285186
314,0.1423590277953469,0.14559516310691833,3.3006729356217175,0.12632534146882138,0.39995230786112956,1.3157315377786618,3.202603754826139,0.4897595497870119,1.9795895418530565
315,0.08537943909440775,-0.573819100856781,9.963731258841344,0.16827256955093675,1.1414993717157447,5.690427550982421,0.12812660839919124,0.10786129739739514,2.5628310293601344
316,0.0885029764588778,-0.8886908292770386,2.7119966488723772,0.15748487372444883,1.0927868833305119,4.401519954262404,0.31866936752977226,0.26140790036591316,3.0031230599965206
317,0.1259508344099118,0.2190704196691513,3.8982365989220837,0.31762723143800137,0.5294272874398064,1.57760877239457,0.0949526179954946,0.3658024064630394,2.3018780499786002
318,0.22726946813669344,-1.075779914855957,2.1643188517384915,0.10005647026043911,0.6654904620579672,1.5444435952750462,0.3183820393062666,0.2908040420280245,1.7659478260532342
319,0.09900233747045525,0.3689604699611664,1.1607618262222186,0.013351387997943253,0.22311920155214165,3.9779780537887093,0.41433371786407025,1.2479943082455378,4.447209883068194
320,0.047872359107930494,-0.7527403235435486,11.24824403185913,0.10416202284765969,2.8163135062286515,3.4121663197176315,0.7018414568078356,0.21236164534399504,1.2957561405835254
321,0.10769422060737288,-1.2274481058120728,4.1556015384313305,0.10263597811234,0.7539442313102919,4.302551634363727,1.9080158196847503,0.6333169456282054,2.065082783170695
322,0.12499886680264048,-0.8733145594596863,2.96633022094209,0.25613594071730583,0.2990482165315323,1.6662707572350985,1.0542976032513807,0.2979370289711509,2.260488418880708
323,0.1613376630690211,1.1690865755081177,2.788743164924714,0.12267662868914941,0.5646225554316734,1.6231109726912536,0.07321198841409521,0.5684439318728279,1.3379143897415502
324,0.09843060641963727,0.02225862629711628,4.637928317164092,0.05824851667826772,1.1194391241473836,4.204962390493494,0.2156323504453241,0.2613911044527235,3.3299709846029653
325,0.15685550865725137,-0.320602685213089,3.008317116931809,0.051288743022805304,0.39210741698364093,1.7919589591000584,0.3449563976467202,0.28778600434641854,2.215741526553844
326,0.1054228988638978,-1.2724767923355103,4.838747875862499,0.1382132283911876,0.8332928349376257,3.3089765486222067,0.6023922022051671,0.19535379438026262,2.2549871322191226
327,0.08402549794395386,-2.1809635162353516,3.692666407132685,0.08374779632010775,0.37109130579251676,1.0082430476138426,0.22231741620873965,1.0995839550739954,4.449673105835757
328,0.07997892191592759,-0.9166812300682068,4.85417649803643,0.05278425217548909,1.3883326332977193,1.8601878386746864,1.0952976220962545,0.25737300238498934,2.1847375137967164
329,0.19618516968672065,-0.41054922342300415,1.1828701555584438,0.061066760865095396,0.19374376702276194,1.439378095336557,1.2172271728052313,0.1304938205807199,2.830381398381284
330,0.1440455419593292,-0.19804047048091888,2.939240183123315,0.16061868820422265,0.38874548969254336,3.9114342341365513,0.3383926312922984,0.16191000983600384,1.8861749249142334
331,0.08664931786955396,-1.4839249849319458,4.378111449458116,0.011878209655510516,0.8171904823871974,3.3238423546529994,1.5554189855074987,0.8912858204094899,2.758931162300335
332,0.09027615170198852,-0.10297036170959473,3.6150276576301175,0.09363723724418274,0.3868141545308459,3.744661909541085,0.7499139850971843,0.2887163950270748,2.9453498760192196
333,0.07993423793058407,-0.7966704368591309,6.178516420650165,0.24003741587975364,0.544030911660892,0.8068889281314687,0.34628690996565403,0.995690811374746,3.034927844386503
334,0.18055667307364115,0.20467427372932434,1.1595159049658845,0.2070347882562802,0.8187585427982622,3.821201745478956,0.6024321303034064,0.22099503060502781,2.4205919146246457
335,0.09245714348133732,0.01955239847302437,3.918278200597481,0.40763350133252596,1.0089156208451788,1.1475286662271458,0.43221203279111403,0.39504919728340365,3.5751873215261454
336,0.1145601459176935,-0.5578961968421936,4.349515766402459,0.2647730231008224,0.15462576535810385,3.0457048065808805,1.3702593076900438,0.32515140423970756,1.7971530141399708
337,0.08467571555163136,-1.1075496673583984,6.772294889535765,0.09371788701490895,0.06633293661124832,3.6787050669509136,0.640305272169424,0.6822841407966564,2.389275013545886
338,0.14088897963280203,0.1614423543214798,2.5586350354572898,0.11162584895104069,1.056747923885705,2.2549539337598765,0.2757877511054217,0.8091804318145268,1.8013505331133142
339,0.09737595678170684,0.39054614305496216,3.441977207260148,0.11251561176221035,1.8295320662242376,1.0366954604366867,0.09850568469585141,0.17956463218531846,2.5663278735589685
340,0.09514694143441661,-0.5103887319564819,3.4001490055679233,0.27618376913660986,1.2471760860012635,1.9963379133920607,0.7703997900911196,0.6819140264192013,2.8356288984922537
341,0.1950421007176378,-1.0325608253479004,2.1798535916418973,0.17897516642683656,0.9842189500756094,1.0816368360892994,0.501942343470382,0.5019192173156508,1.3339952467138283
342,0.10827955631457616,-0.14234477281570435,2.958353882139133,0.04385476832842905,0.5072769751435201,2.8075956778952693,1.3806355669252155,1.5546489398754915,2.169939464729529
343,0.10716196100287378,-1.7585819959640503,1.8476455727072925,0.21073535971419402,1.1861612070845808,0.30307006267371345,0.21663936359391808,0.5340858441341146,3.444072095622892
344,0.0824720556003572,-0.4701138436794281,3.893390870611993,0.25951757929468594,0.34822615151346376,0.866352066593126,1.0500604588602835,0.3842460568972319,4.751015719458465
345,0.08601543916530935,-0.4670810103416443,2.2704123982870197,0.21737591435004724,0.5720174262569382,4.738818869244347,1.296494931105367,0.7406054757210289,4.628489697390345
346,0.06844098501125896,-1.2795436382293701,1.0846142370940965,0.12743234319802293,0.18261216417554343,1.5498608120646544,0.6300794329257293,0.9756690980351489,4.071594185624747
347,0.05403015887551141,-1.8689831495285034,8.442221358721287,0.3733993361125526,0.4801032192854428,2.1579824652523696,0.8916520647872254,0.41763788994742485,3.1499716885716325
348,0.12103797450283538,0.07746747881174088,5.934316305526205,0.2909514815336745,0.7969782848526836,0.5067298162709326,0.24968354982290428,0.25497645725494417,1.8603794419852504
349,0.10434416665125429,-0.6652624011039734,2.3963962304644433,0.3055124738191862,1.1111342078819513,3.2391998756641525,0.45913443602481013,0.26261807434806006,3.722688829663258
350,0.1416614552962074,-0.43212804198265076,2.096538146394764,0.1653359065442864,0.21937291309565474,1.9553029846119376,0.4658296785592618,0.30905034716147717,2.6815134410710506
351,0.1460202745758167,0.1141199916601181,1.7806026267859647,0.2659559713253797,0.5628244576928512,1.0868473429421466,0.06235681462051006,0.7836402843061641,1.9041322607928737
352,0.08226569676270415,-1.5936397314071655,2.388331436329867,0.1330598714296757,0.8400332801155077,0.2132300409095174,0.4533658794781748,0.7550421154044745,1.7565343528189763
353,0.1023908339900472,-0.6727684140205383,2.206305440604805,0.10786834384916409,0.38636035763468274,1.796779851451396,1.3352850427266054,0.5355445562582872,3.3574380014486467
354,0.05968849961582802,-1.0750513076782227,4.070203347508162,0.024946085319112344,0.7139609382230143,2.0234763488984924,0.2967945521412608,0.35666007447479325,3.6147130815564545
355,0.11080296815626979,-1.4023865461349487,6.070303614851665,0.11597517383906353,0.5830772684542487,2.8075739230329573,0.6386595523352242,0.26074557699877915,1.344209382474205
356,0.11140814873271275,-0.845799446105957,1.0846024469707307,0.1563689597384459,0.35682205924036026,0.635376776956442,0.7859980661295652,0.5666012762348401,3.305459434826503
357,0.10578712630131357,0.08466790616512299,2.318082886122302,0.2161607281856847,1.7427366034482579,4.519252828841919,0.49586436302615866,0.3910397940632785,3.08069092828404
358,0.05030044648983232,-2.366563320159912,5.750977611192495,0.23761186826423342,0.2638521875964958,5.5805556436548525,0.17062740874618668,0.47980364203956855,2.615809944008922
359,0.08567353969871207,-2.0535223484039307,2.4732556021351124,0.23862632589774774,1.1976289560600164,5.686449730144232,0.967942667880489,0.14693933603395745,1.3869749800617595
360,0.11002255664421084,-1.146558403968811,1.932344367523202,0.12903343581762572,0.455765012186628,4.540330346832075,0.9684479961919632,0.3706231259235395,1.8984600679191241
361,0.08594008596369201,-0.1322455108165741,3.7256939826350446,0.38891764226093706,0.48452361424815016,3.4974806310299025,0.6501421649366504,1.949216118819421,2.237625263984271
362,0.11855278952073181,-1.466701626777649,3.1555920116694853,0.0734155704721637,1.3804231457150271,3.4904565495062685,0.5126258301159569,0.14573839736555155,2.0248890477784984
363,0.07793914462750626,0.4309160113334656,4.617792436524956,0.020831604298456947,0.5692246999436577,2.5871527512208554,1.5325950890844264,0.30520160592605244,1.2246831802665856
364,0.08299211972550226,-0.722974956035614,6.64996979343533,0.18281884772197615,2.3398560977931564,0.9058541029480669,1.993811905765535,0.12026381355259715,1.5702675567897795
365,0.09950875380767661,0.6299622058868408,2.789738680179864,0.19730447632352913,0.5270812076407652,2.2267772223331357,0.48303601956562103,0.44466629260886037,3.769783398007956
366,0.07718895667876113,-0.6088326573371887,4.180456779344393,0.10380524684357688,1.689031048983458,2.4476086855948136,1.002060127605769,0.5019354922733664,4.272533977032627
367,0.0662707337517744,-1.222334861755371,5.97344084460905,0.07080833841123124,1.2891789224958203,3.3553738094491585,2.997104314537282,0.1679094609037751,2.3415131253936154
368,0.1522789359261946,0.2619800865650177,2.4330285329992987,0.1742963010356685,1.141759598235986,2.2469425640572784,0.5808992053734012,0.4676321463641524,2.475855201195126
369,0.23156891740248414,-0.2131049484014511,1.7745803864448904,0.377297307088144,0.8483804219154388,1.8388912481439261,0.5337051815823385,0.5712278565818447,0.693369342462093
370,0.07914603109180264,-0.5153079032897949,3.814181308607867,0.2522646210195202,2.346218957232166,5.553578482096378,0.4502078949890013,0.12015009238364929,4.937062530966338
371,0.12416005415301866,-0.6412259936332703,3.4122545881965576,0.060863007167545634,0.8981184488295638,2.033526936707786,0.22029358675781935,0.6855981098813879,3.9145520869318258
372,0.16486135159984772,-0.5461935997009277,2.320275689642441,0.14199302075953518,0.8451354622926481,4.107204940227922,0.8067688936181246,0.40082782285031776,1.1534038623485894
373,0.12904524972229,-0.7404546737670898,2.896038829936221,0.18785391809544083,0.130157217520225,4.1081994727106155,0.8272493359717142,0.38435433392076673,1.3162814028589422
374,0.11686953587094322,0.33977779746055603,1.8670330148840724,0.2039245352979018,0.9004448136526536,3.634868742237858,0.07055404638974984,1.211341812720623,1.24728133373992
375,0.11561555536434971,-0.9981640577316284,2.854089573863559,0.4190370082950425,1.9037753520719218,4.588470824765176,0.6184399530064895,1.4811727706051017,1.805632760837826
376,0.16552236564646297,-0.32869309186935425,3.547773094632246,0.10385485588931606,0.388598497261307,2.1314549547453563,0.696934880003107,0.18872459022059282,2.1857494311633596
377,0.06778797313140973,-0.7297622561454773,4.384552918661696,0.1857895615126411,0.1746258978748353,2.2362451473082285,1.786924442560073,0.7991728440936224,5.303316913500707
378,0.08268342657973635,-1.5114177465438843,2.785334705634047,0.1045828660648303,1.0823682037881992,4.008952145156403,0.6773414115284244,0.3989226458222933,1.4121583345037956
379,0.07452163007027068,-0.7410091757774353,2.557207515165536,0.08448903887106185,0.6103382548628697,1.6491437937765019,0.9011144232643871,0.17289326864351004,5.693438194174573
380,0.09406187834534578,-0.7729672193527222,2.315217937812545,0.13605458404134846,0.7642227886905426,4.044661549898939,0.9231757049518011,0.32316248003806347,3.488291863447731
381,0.10730771718162087,-1.559564471244812,2.646786895794686,0.1875250826222415,0.41839555242220683,1.5378466760071121,0.8406894141735876,0.217529219216205,2.3292954863984314
382,0.0894158711650862,-0.13275377452373505,4.734684958283242,0.07620567357927238,0.6511555109754004,1.8354104860709115,0.25650991644324217,0.648053392568967,3.4934087419139135
383,0.09104250228090019,-2.4886906147003174,2.7216465183608953,0.4056571669612827,0.7121321049096523,1.3388555229946555,1.0904340830507284,0.3303484589409928,2.8016525012489932
384,0.059529951230500144,-1.4944405555725098,5.124608766978144,0.24518177600641136,0.688963593495784,4.803261507607953,2.4916794301125202,0.7601810946067936,3.5631569290824054
385,0.12141359081748737,0.39609000086784363,4.786791675503181,0.16360344988436445,2.9453154671397237,4.184663966216131,0.769030772851059,0.11526656027522302,1.8624495272648747
386,0.08980121920822336,-1.8763794898986816,1.5890552909377254,0.1369069058507037,2.060870564386293,3.439256659234878,0.877981828514196,0.39169003868875013,3.036083988681967
387,0.15239588654305103,-1.1350306272506714,1.4839137650140213,0.08655869378820492,0.30624360318294985,2.5375355439698515,0.8895083402178757,0.803131964013513,3.610920502174087
388,0.1539811527412393,-0.09840714931488037,2.2526675082181544,0.19994318690929028,0.37890081891085986,1.1314250571276796,1.4558310607775502,0.4597572828085809,1.3414291742566455
389,0.03707668650723887,-0.21288564801216125,4.757771591569523,0.3077276225016045,1.921706436985072,1.2659312845876558,0.23770244228035256,0.38534869043791986,5.175642962334459
390,0.11462741092146249,0.5082273483276367,5.968148092252527,0.2963066649941085,0.7442069353768576,4.8523754545330515,1.0971707011529666,0.07147548229335603,2.52238738175236
391,0.0962936853278283,-0.46380341053009033,3.005903143298907,0.16717532885763578,0.5591986575326595,1.359130015690043,0.3832701710677918,0.5572768782031257,5.316394358768283
392,0.08997862851097571,0.8314251899719238,4.490748026265929,0.0967496322667375,0.43063291542539966,9.544474224800949,0.6993580933939061,0.3299646424222525,3.5865352754525266
393,0.1565062896260958,0.570770800113678,3.0025814545891674,0.011027918540834923,0.33542942981764606,2.5779116725235984,1.5349085310730792,0.09153724587810445,4.2434657536425915
394,0.21313438524929726,-0.5221012234687805,2.320064101501848,0.06527529061853876,0.39911605248069076,1.3760215121573915,0.5112905517349045,0.4733744579184066,3.0619988061199477
395,0.09543665817767089,-0.10999173671007156,4.103562826440278,0.373948982086927,0.3354220724183966,5.51783668173242,0.5556846423880476,0.14214210635839022,2.719357544766465
396,0.14515298180752398,-0.01925940439105034,2.006502690104782,0.17565249785910914,0.9487327771452506,2.955132295296916,0.524933502932599,0.6703503279988776,1.9376416811001198
397,0.13724633691297655,0.6334137916564941,3.014791055626292,0.02308235029907226,1.2686043745553621,1.3389687668327572,1.58094429919503,0.18482227859716752,3.378678688828654
398,0.11851311183852274,-1.1778466701507568,3.515530596478988,0.04495100546082027,0.824537885385206,2.0204331521150056,0.3938204873773819,0.22400512251365393,2.3143248507205496
399,0.10191476521681464,0.7071868777275085,3.1533981645374904,0.32563173698230247,1.3032066838428715,2.8891354715635753,1.3005678304209574,0.31505048513259437,1.8144142167666393
400,0.12203327763019527,-0.1924862265586853,5.255555273840667,0.15011362351680899,1.2806426059206795,1.42867096530321,0.9352891715358654,0.5567584471252505,1.821927380199221
401,0.042657863969568346,-0.719832181930542,7.133546128766826,0.11958797297525761,1.2848379659987494,3.391025549613459,1.042650857418899,0.21688145716578888,2.8049973322105517
402,0.10619949427838382,-1.2180047035217285,2.29864686570881,0.11401126657050234,1.2121774372023857,1.4737061201316184,0.21810347701495267,1.324669398334119,2.024379305594983
403,0.05696609649549488,-0.22720685601234436,8.73632003014495,0.1751491460408989,1.1415978279091266,0.9734397045438599,3.879465527170236,0.12551024032157101,3.5471341087149595
404,0.09533329783883361,0.003989254590123892,4.9711101179530806,0.27801032998804703,0.1777567656096811,5.330154665633082,1.2911758759840946,0.14422781316234734,3.938271665091944
405,0.05867196543595498,-1.1546188592910767,7.223395128817756,0.16857130198966033,1.211544264868352,3.342992167043595,1.5601963394633647,0.2835873554489392,1.7053197336470296
406,0.16801892605141824,0.43645548820495605,2.4917560653753514,0.21884336204037166,0.815986179991827,3.8836040497784343,0.6817019522011946,0.45469753797715823,1.5433542665785178
407,0.09974913801528114,-0.23096083104610443,4.669824463455159,0.07986230803270303,0.8837381041821594,5.133539971103803,2.4435688596884795,0.5905376447503496,3.1037691729890344
408,0.04959633690476788,-2.4510109424591064,3.180114917134764,0.19932141641659532,2.5528026753475817,1.2473771851163895,0.9538721707638337,0.6867558880179958,3.742044251370009
409,0.1668042475815481,0.31023409962654114,2.803831919636108,0.24468117463339056,0.6622740818659094,1.2941983210496346,0.606511680186221,0.3370732830843122,1.522804611221084
410,0.05757930379944616,0.41644638776779175,2.438707018716876,0.3930936906800719,2.206265857638217,9.34933362658739,1.89367131459863,0.3201924537626315,4.519421456643519
411,0.18339727222892344,0.4454289972782135,2.131691652005504,0.19731383771513056,0.39993988792703644,0.14549072480096673,0.5344298575486897,0.8569460695591575,1.5023620050491597
412,0.06824893570516502,0.12180537730455399,6.758378086501184,0.1579145872369792,1.0585293324221838,6.27045131081906,2.5630337454291356,0.45928555158253503,3.2092031239995698
413,0.07184455336768909,-0.442831814289093,4.13949956904262,0.8134379027386037,0.990122702108358,3.439310778517944,1.4246402946675143,1.0498294310788068,2.6106917657371813
414,0.03938205217318618,-0.9772374033927917,9.243237581718576,0.27920555195990915,0.6492420295662268,0.32416697097393204,2.190241824831056,1.09503509431572,2.0305333739953335
415,0.1306388837756058,0.044662825763225555,4.645551106535031,0.5139774930499753,0.8004854510801019,2.9110580671386734,0.5979880700706902,0.6544655261658485,1.5344262380800948
416,0.18851554474035703,-0.3932400047779083,2.546516071785246,0.24371127365575143,0.43328696640187436,1.4936529474990434,0.06762999702205273,0.28312090901010706,2.3803779176166326
417,0.07919661854166081,-0.22220641374588013,3.240199753445222,0.07431310280675855,0.8883899820617428,2.1181960647830147,0.4283523920256835,0.5660693795777388,4.9700352532298115
418,0.03663173199606867,-0.3188653588294983,5.898932792657817,0.09685104137802199,0.934202356355472,2.863783274034158,2.623663269270063,0.11887975903308094,4.258397649939785
419,0.11323195879034924,-0.18682588636875153,4.09911465384714,0.20251436608301568,0.9891663171930717,2.96179258262502,0.8261573818331005,0.39710803363623376,3.508827043515789
420,0.11365248091142009,-0.32786843180656433,1.1669915794279078,0.021275228617555497,0.9470646079527439,1.651799348785373,0.3918413068131249,0.5145552957387269,4.51858699906378
421,0.09112676139667536,-0.6227622628211975,10.303945933652033,0.3230458890189152,0.7661577906556922,1.8150144265797077,0.6933373346390661,0.362868881680329,1.3375879498088532
422,0.1932622823056437,-2.0116055011749268,2.1424268479243085,0.2038233105331376,0.8118826454112817,1.3305593404235405,0.47335814974644363,0.5655383193253571,1.9570267473331882
423,0.042262330189451594,-0.6266138553619385,7.707641565494732,0.3939828637781935,1.15494607304865,1.2307733775731473,1.6514947573699832,0.3846172851760172,5.236132447272166
424,0.052182035210483625,-1.6879711151123047,4.841097849234944,0.3003252920838394,0.7978174262537043,5.169399760550979,0.9809914845815142,0.2792886409238441,1.998525213657969
425,0.07066330175209119,-1.1575475931167603,7.37585612228343,0.3224607584224262,0.38214656078349857,2.766073362256626,0.5801010410812472,0.5121520818540864,1.3307698392222702
426,0.05833109485284229,-1.0497610569000244,7.60312394260694,0.09681190989185229,0.852590635075355,3.1142110251667554,1.4437652612839804,0.4146780520006808,1.6534159814160043
427,0.15072197447447638,-0.7149648070335388,3.6575942413881175,0.1554088881720756,1.199556952998803,1.6840623531342869,0.24588093891551527,0.18761664759671282,3.0830131712455446
428,0.12829078553497156,-0.47762301564216614,1.5627390777284977,0.1292436940786421,0.18330132026738713,2.0816719717980523,0.23611970994310785,1.0433087337507547,3.8679551510899857
429,0.12075515367109875,-1.2241625785827637,2.530596522924972,0.1952513541056703,1.1100052420362914,1.9895196184701565,1.0259069796248246,0.34527919184811645,1.6436328800529345
430,0.074645624781731,-1.870278239250183,6.1526483203388915,0.04966904102599401,1.2712424566092728,0.7381245584897614,1.4158861803652973,0.08445468061025606,4.534158346989082
431,0.061930155297127594,-1.1532657146453857,3.5414496265499285,0.02176113787759648,2.7553433315255216,5.460633672825707,1.0791013800545832,0.9532050660977599,2.591221133730443
432,0.10046460616702435,-1.8246265649795532,3.7086113272297236,0.09170686760017792,1.521484081666422,0.7519649079076101,0.4468403472676652,0.17959092039772415,2.0568976588966135
433,0.08118817967878195,-0.22090362012386322,2.758924255614281,0.22697805712763716,0.9229396548483859,1.2456835953708059,1.0580922888710662,0.370968677503952,4.561686705583862
434,0.0708811035305721,0.13688422739505768,4.069813260538556,0.11023665569995501,1.3768944527240683,2.9260808973185193,1.2379899676257595,0.4604125325786423,3.1814025987852244
435,0.1402205062157832,0.4890536367893219,1.4475806422031205,0.14913098582754936,0.8614726493211335,2.7573115246503774,0.535769901671154,0.5201933664541475,1.7838031563905112
436,0.09694282573324078,0.3930974006652832,7.340300863133395,0.5713285789522176,2.496311180898472,9.451889118245386,0.19900201634494827,0.3999696630407591,0.9986243088264692
437,0.08484012667441779,-1.3301587104797363,2.8794201437431726,0.017092530369845055,3.2400170567123197,1.2769383598687527,0.13854717741682077,0.1262020370945566,1.7225102101812753
438,0.06224082604470614,0.3318448066711426,6.003748525706461,0.015253828664572333,0.5985359378925509,2.457658682683692,1.5193908226464063,0.1674273196327683,3.811698622880139
439,0.1966156129436929,0.29316216707229614,3.8880204356596395,0.33344651528506714,0.7542209913893936,0.6910427255957359,0.13930721184859604,0.5223214283798789,3.0502033732962586
440,0.20120356163262945,0.6012424230575562,1.4962714806258541,0.12241598111236801,0.4843055915079896,2.2525772809570306,2.343983473055666,0.5120529714355984,3.109736682083524
441,0.12900064559434857,-1.3682771921157837,3.0296997608161345,0.15137309817735728,0.5688036681253678,1.4079925457128597,0.33016845987094134,0.3728120087053387,2.0451523407595547
442,0.15353922535519493,-0.19770322740077972,1.5452177962043259,0.0812019047890283,1.365721241725283,1.8830858879760297,0.6086206772811641,0.7377790755180461,6.029310429186276
443,0.1277032757817808,0.8339309096336365,2.981302418133628,0.15793866610144858,0.992219033751719,3.0233469780990347,0.49179224620387163,0.2784085770568624,4.757009375383463
444,0.12192305738307095,-1.3588510751724243,1.6762203732208047,0.030324478591625372,0.2690483156064048,0.987827606597293,0.44549847986247776,0.39027309113970177,2.89216960944227
445,0.06859285801772433,-0.43935146927833557,6.74535826417063,0.3182090915238135,2.243681236547481,3.1517190264168877,0.6334668443067006,0.6478247611145527,1.362982571392295
446,0.17864587887718683,0.032814525067806244,1.16510932604904,0.0788998231925841,0.2537391477963522,1.0106331188843727,0.2705259229069932,2.448660040468861,4.293360478415967
447,0.11694777592814026,-1.570580244064331,3.2986306669157193,0.1488905573374095,1.0750890288036392,1.586520655366085,0.2877494013559667,0.37387523474036305,1.9468349071663062
448,0.0868511411894504,-0.07975293695926666,4.800081804244303,0.016164296172943342,1.850573667870219,5.848252187024079,1.558779647035339,0.5293784720550376,2.0781958733988017
449,0.08444310345398831,-2.526738405227661,5.611050752030834,0.0841849935179658,2.351759316612753,1.7301906447490276,0.6770001867498444,0.21548092184065576,2.120444078783741
450,0.06474843179286728,0.0363173671066761,6.485316953088762,0.2802944889903001,0.8656113435970532,2.318521336254724,0.2996540122468124,0.27330775507613136,2.8349887356813617
451,0.0732145019913915,-0.032862499356269836,9.126124360496533,0.23766793112464055,2.5073478813239567,4.562574266062238,0.6035233486037923,0.1810625926414063,2.5856583069399126
452,0.11643536150632201,-1.0330296754837036,2.358931812448825,0.15959056929527674,0.1925401288345678,3.0645645018399836,0.08604714988056189,0.6701882661055191,3.1516078169799076
453,0.08571740589822475,-0.35316935181617737,3.393887980133183,0.01605209278780901,1.850529106081165,2.3928636372073697,0.6694709345006535,0.2924412195076014,2.9254994787771564
454,0.06941087421466267,-1.4468088150024414,7.201928111913098,0.31596278471848227,0.3890217634050525,3.438313398529187,0.6830218985999748,0.30010390524311764,1.4722308441489649
455,0.07201263174609633,-0.5855542421340942,2.2805943037381944,0.37128257179367363,1.85494460597031,3.4207141276507267,1.0734819278115826,0.5149182177421896,3.8085487312419213
456,0.13279751958674027,0.4885020852088928,2.69315176022019,0.1516757817926248,0.6816808438908971,1.4211270648773013,1.1936929396333424,0.5625092381972258,3.2800458122571188
457,0.059346788464438444,-0.09099733084440231,5.271658044687073,0.2287933128696443,0.8041436593430216,5.710013314424014,1.4735474462025697,0.22906356963816235,3.3120733302700724
458,0.08893992984931286,-1.8025742769241333,6.774671250485111,0.3123711385477191,0.20341491257207003,3.0963241344476713,1.7760864956438727,0.1975926248133699,2.2770570561732892
459,0.04150097711055781,-0.4187995493412018,6.0874911138547985,0.39895044285489656,0.566988943272737,8.21960833497495,0.6190368690726092,0.6133625604030681,3.7741274867412646
460,0.16981326088590937,-1.0536376237869263,1.5584189637267296,0.12211925453485019,0.8412169642622292,2.8578959257894994,1.046752843538551,0.1196982511617004,2.3137946527635833
461,0.046006972124710784,-1.1582938432693481,7.012187575415711,0.36095548104742486,0.4475170370396729,3.772533788448263,1.2288071645997267,0.254718650934799,3.903831953522578
462,0.14513389720927514,0.438292920589447,2.236858501447525,0.04652839450499249,0.680675310362885,1.7855908087807975,1.0410889074808314,0.3525533132740817,2.2671883555921903
463,0.08301691636884036,-1.2024794816970825,3.369314802970239,0.17428240128306785,2.7469131252534607,4.062089581423943,1.356331882276465,0.34730758837908104,1.218790373833774
464,0.16988402602361605,-0.694454550743103,3.2841778897937433,0.17175220019051265,0.8805638089439494,3.2458839422978,0.25935916882769827,0.28038675941901026,1.749068468596139
465,0.12738513794523645,-2.1170833110809326,3.0802594433061516,0.06278087490359925,0.3867328448470236,1.167443638227351,0.25959165281756613,0.38839750071003315,2.1907323507892666
466,0.1456585191315583,-1.2286642789840698,3.347551104524216,0.037579270748041405,1.003488988559883,2.5117100696085903,0.35575246873969657,0.194417029371396,2.1658076764573004
467,0.1395764506351683,-0.5972298383712769,2.4979978584700806,0.13045764216479816,0.16866549470841852,3.7632145053268715,0.5830584667820073,0.2945739894277418,2.3235489108203997
468,0.09098649575048494,-1.166013479232788,0.3295267822969173,0.09238817306170037,1.238523860782667,2.6285709145683382,0.5715673462279968,0.1356273511448065,3.7920236033429204
469,0.1401845221751169,-1.1453262567520142,1.4402599806250185,0.1701371588326759,0.4603699159984654,2.202281872558928,0.9703304477926051,0.7754138355158793,4.015116588742553
470,0.06851664256751162,0.2607017755508423,4.712037821296544,0.20746744409481535,0.4023058467143746,2.18712602075584,6.021309588245171,0.6751415106607956,2.143611579807261
471,0.11719018652562398,-1.0927047729492188,3.437374494192239,0.07466410025391851,0.7165613068709948,5.07731491724386,1.7855442996924507,0.18094465105181146,1.3020556284095381
472,0.062215040563602456,-0.48740270733833313,2.1982305272508906,0.07731351846696521,0.7937931485869356,1.8756142975714134,0.9805098293665605,1.0825029903501535,4.699249144784856
473,0.12747658741580575,-0.28427600860595703,3.418380785946924,0.09089038205387956,0.8275416355399544,1.1314497734937736,1.3563071847570745,0.15987247835532511,1.6833233321969436
474,0.0419422010367284,-0.9803962707519531,3.627637499183569,1.4294446414429816,1.9045542824354922,3.8718667621949163,0.6553094093349162,0.2210048046902436,3.1775619508525472
475,0.05741496778692548,-1.1083918809890747,5.162425546007576,0.309670867256312,1.8086214774846268,0.4118644453667928,0.933801157473135,0.2966807189880682,4.245205258607635
476,0.08109230417900602,-1.1003062725067139,1.7515341109197162,0.0683784519086721,1.3266072607936592,2.7265097547092054,0.8996778709332413,0.5480383398131952,3.241410138025949
477,0.08353621384999455,-0.44865795969963074,3.2961409045410197,0.42375830003068893,0.32797587171840153,3.3892627054859035,1.0778153639217134,1.3488150051776342,3.214251233785565
478,0.10887887171988779,-0.07139807939529419,7.506248932559725,0.10928364418049932,0.3219007853647173,5.674422005855369,2.277858235277525,0.21891840445671257,2.0392521033631694
479,0.07747926088964677,-0.1691456437110901,3.852248531545513,0.20393525615695196,1.5994112708458468,0.9775080630351779,0.4088399939905673,0.16621378745352258,2.0702218353984407
480,0.1082255630060047,-1.3034355640411377,2.9370969607085384,0.04455600215266834,0.36614444550585407,2.8844243194870374,0.3201099792001069,0.6086544880294366,1.473982797329381
481,0.052544818340217396,-0.8007416725158691,5.941842423250476,0.41201250264706635,2.433334108908705,3.249178468420302,0.2170172605131461,0.7337324373032797,3.5800582158783016
482,0.11845302714189491,-0.17892217636108398,2.9615253182798544,0.1192838237907369,0.37882916586560705,3.5580278074524765,0.46017899934667883,0.5327478528091816,1.5423111184196903
483,0.18598656019303184,-1.0385578870773315,1.5066423395814095,0.16544085391081145,1.209210331524399,1.981593600192713,0.5777287901760527,0.411599646450082,2.570843086540124
484,0.0819314155077903,-0.5611317157745361,5.0662832884031745,0.338754953222592,2.838767244952501,2.6959884342346356,1.2544735989998934,0.7057214448007891,1.3523495998685156
485,0.09144890060846148,-0.28636035323143005,5.929551585470648,0.06321925813049209,1.102023166754606,1.4737649739257388,0.5526112941053544,0.45923592238807603,2.729500976952624
486,0.08886360365969508,-1.139317274093628,5.608931441940897,0.11948551626954221,0.6378198882887642,1.3204601416345725,0.6983954788779361,0.09262581972201395,4.863072323360136
487,0.0879791871096921,-1.06004798412323,8.008436879700692,0.10299042963887499,0.3561506999206619,4.807057583268119,0.7077985588062421,0.18712341884119907,1.035647799316802
488,0.20224539023750301,-0.5872976183891296,1.4940917451440008,0.33139669749069145,1.0437966351467733,2.6266705069968537,0.37028125091720737,0.33456835225726794,0.911400577102863
489,0.06061205256455711,0.8852465152740479,7.797846075123886,0.20940798668748636,1.453169265992703,4.411532671737511,0.8996919945231833,0.6964143636088436,2.245960281455995
490,0.12822131090117625,-0.41975560784339905,3.5102863241898783,0.01968717676608402,0.6179474163099541,2.1814491886271736,0.29123620395595284,0.7635309738817354,1.1197224774762355
491,0.05635376296954038,-1.5547688007354736,4.056985040370953,0.57319696031087,2.848166131220742,1.7729905868871163,0.2062380355099762,0.4344340422444941,3.089295768033618
492,0.05119841964645433,-0.18107827007770538,5.261004984132214,0.06903644419542662,1.4827539114384745,5.197757767425484,1.1343802240262102,0.3665132806351292,7.656495779385967
493,0.051041938031477316,-1.1978094577789307,5.133480610778679,0.02987447713715378,0.8776964965275976,6.333952047525802,1.48019661863378,0.2302090101397552,3.7154210626713433
494,0.09550872413327312,-0.6384308934211731,4.441830009551094,0.3812010679623337,2.3008064725833814,2.188574179644398,0.7559469228265248,0.5258032600760676,1.8684065398821894
495,0.03890477450254949,0.19978469610214233,12.509881121005826,0.02300369991341572,0.7332745117962763,0.9709655253228161,3.297408742476654,0.2490201463996481,3.042178474017466
496,0.19440133963862524,-0.31148865818977356,2.650291029661712,0.0871036350320284,0.33258787164751735,3.0859198162847274,1.1152382408150623,0.278786157339891,3.48099782176041
497,0.036058496284487554,-0.40957292914390564,3.581430564314806,0.08559293514635188,1.0012181664651285,5.246192272364478,2.5150518624870988,0.34258416243995204,4.828489572953183
498,0.15930663153544938,-0.9790158867835999,1.0361959935680094,0.05136534864015228,0.3300888065660792,1.1794673100117004,0.231285889105767,0.4596689692647451,2.586200856555675
499,0.09410974781803663,-0.650043785572052,2.6617019773121013,0.043208207000783885,1.1772800919242021,3.2491316015552356,0.4809470844959537,0.48966407224599673,3.3027259179109296
500,0.2538950639513853,-0.011197234503924847,2.9856328977346727,0.09740031366030083,0.4401429303348884,2.3476035568551565,0.7992230047051396,0.24873796746639534,1.4483835511661036
501,0.10043131752945988,-2.187161922454834,1.5783875562246932,0.07857955616997113,1.7501636721967437,1.9338717531821161,0.5054005269999386,0.3817714594469663,3.6173132496028026
502,0.14328559972450455,-0.42467188835144043,3.1528862107484787,0.05627276315229492,0.3038979983372465,2.8118484733988347,0.4593574180289797,0.3517209735070583,3.3117432689135082
503,0.10814047242672221,-0.6391685605049133,3.2383257665172662,0.28089410354384337,0.4502053188861327,2.373706506033402,0.22205363640205683,0.25472426849018426,4.439200724789625
504,0.03117703951474559,0.37364619970321655,18.953985335839963,0.03935454141735844,0.7325336011355883,9.148419070738026,0.8800233197637696,0.42633112611788265,2.322048671041431
505,0.10269051247731173,-1.5434743165969849,2.106595128352564,0.0091043910285226,1.0361749637883677,2.9143281854923027,0.4779574789210975,0.4445491860764776,1.6282419527913978
506,0.09023849341298891,-0.44743821024894714,6.559884403958445,0.4340696812504421,0.3543247162759807,2.5073753801974323,0.0750641488987917,0.17991766026497066,2.550648102162764
507,0.09178690515491056,-0.4987161159515381,6.422822600074568,0.2374582801841009,1.0711703324952242,2.5768998959405844,0.4183029168263917,0.7445816123979517,2.3652319266535944
508,0.05968393168865464,-1.2135846614837646,7.0921728892095395,0.5769228432443776,0.38844287793890175,4.969544116244355,0.7492122142236439,0.272627370938504,1.6682306482308897
509,0.11491426234045735,-1.3419020175933838,2.3681469075379304,0.17363499823602915,0.6167831514456186,1.7731484775573794,0.31930566097752505,0.35298553798920246,1.420904941346164
510,0.021168711784546445,-0.9068200588226318,13.230033238857848,0.08204183725652939,0.8331565195067638,0.47469949441791043,3.688114903846099,0.23076278987053303,5.357009449912846
511,0.07567050856885701,-1.1267619132995605,5.076281233099549,0.21561153009330833,0.48398515991459196,3.495474928699392,0.20141676021128177,0.1912988782659134,5.64424991025349
512,0.09447071746077118,-0.07029178738594055,1.5553979867898264,0.15258419479759863,0.6733913632479082,1.1360166727385155,0.5943614366933587,0.45346814495338544,3.7454364910138773
513,0.07488075328306502,-0.29289865493774414,3.795370208081364,0.4468756117575882,1.6401887493247798,5.01602844170413,2.5264889946441493,0.2783815957978635,3.831937983153403
514,0.2277243474638999,0.1444677710533142,2.1054114033368005,0.2656967872290592,0.5647722351700877,2.949171058312003,0.48561604046536794,0.491917927529422,1.4122398145719888
515,0.07474914990607268,-1.1970279216766357,5.469842724394104,0.29889090180139916,0.41778441187918747,9.800830498652132,0.7539116290768063,0.3919615363315988,2.7139113936806014
516,0.1445179491672203,-1.2906856536865234,2.168831963446979,0.1557345486842881,0.9867614970077948,3.4993126937734114,0.8236398823146293,0.2378056089368033,2.1026328310603426
517,0.05581566564518676,-1.4472674131393433,4.12324420407987,0.21949054697082535,1.0734147301843266,5.552301557337129,1.3793921968435872,0.9264389858944848,1.7322923159023045
518,0.09124655204758696,-0.8313593864440918,1.7056701398780956,0.23458772644219406,1.4576866958113024,3.4448091393475235,0.45159923477559577,0.4470534415105059,2.5822183885128656
519,0.07838278751163177,-0.4987880289554596,5.182395325104426,0.2636453667071179,1.2654411081508667,4.410312762470269,0.3792760838228794,0.09350458769079951,2.115857485293303
520,0.051953891637474305,0.7108784317970276,5.616301982657225,0.02774790422733291,1.704565897873486,5.555016615122522,1.0915210310343448,1.2913158354735799,1.773693065154167
521,0.15485119711564047,-0.704031229019165,3.7550873006439094,0.03560110341323862,0.3583288119453149,3.7452503089682416,0.6533144423502767,0.23007608694002066,3.1662395365715326
522,0.08421677232944108,0.5004351735115051,2.550999468787531,0.18537451015691614,1.5302458676514699,4.731587314852738,0.3753372658381885,0.14033093941586003,1.8752729057252562
523,0.12115302709186493,-0.6099216341972351,2.671415700362336,0.1103886204411785,1.8140333611967208,4.596714772246149,0.3808377449889081,0.46716408568643997,1.043798206079929
524,0.0678369290709449,-1.015986680984497,7.933147986301517,0.07090463136035705,0.3282085468501075,3.165283612298147,1.4500482663323342,0.3474755566749793,5.056829462186334
525,0.16530443334746922,0.03079957515001297,2.778367652117113,0.09085177439478762,1.289044957083144,0.41577772161710386,0.11250206554251554,0.10320538565440485,2.070023426008729
526,0.06193950243710564,-1.6482187509536743,4.556324230454906,0.0631608936589104,1.580714956060454,2.199093887801119,4.886047528968351,0.4330975230848766,1.9544407407480389
527,0.10249021411597042,-1.4525394439697266,2.7008566931880305,0.23283852367251084,0.1791359589520204,3.5418735143049007,1.1266348242941506,0.6192372732299815,2.100063200287434
528,0.12073146160160024,-0.09558530896902084,3.23503260340123,0.08529931461097534,0.8887895562970134,1.4698020811011396,0.8064045112223596,0.700201472026791,2.3827042089299044
529,0.08283755036013252,-2.4419445991516113,1.8460511633546826,0.12997432000546336,0.39388469271582377,2.127310728039875,3.5862411342692027,1.2017132658862337,1.406875807228107
530,0.04573653073947731,-0.7505859732627869,11.25804756354023,0.02410736589529791,0.15201101483659898,11.692355600326668,0.1082983777106298,0.16620328624468067,3.608792528146627
531,0.07678009188690899,-1.0569649934768677,3.3569517477381976,0.2376433400254385,0.5471400859343513,2.535458234760031,1.4313997764175437,0.8638220037049047,2.203420638878404
532,0.13860407057982785,-1.691862940788269,3.441994440560906,0.10189442950731219,0.3973584173244675,1.1995899324424975,0.6680271262076674,0.42675540112253224,2.598873611989532
533,0.07680759212281431,0.6593381762504578,2.587242192432884,0.1291798322365884,0.36230118429234687,4.590147650366832,0.9918499797889143,0.7325123596834937,4.347193494545018
534,0.10680145350997812,-0.9412104487419128,3.0181280504885555,0.054821716311957425,1.378933536768851,4.877406778815662,0.7703110329928702,0.4450269485962424,2.859374552282194
535,0.23211232677679033,-0.13086791336536407,1.297468911201748,0.09949300183005798,0.5108113391596674,2.0801629943258924,0.8228017187781422,0.43066068879612596,1.0170288795217335
536,0.08285712493346484,-1.0076919794082642,2.589814641326827,0.050264086200454326,0.6908661282051783,0.5241483432409113,1.3922875507523544,0.833886244943938,2.9282764710558333
537,0.11496591860259096,-0.49230098724365234,5.1177401273817,0.15782850568022858,2.464290918167909,2.848289382500999,1.2119704907184559,0.26082864479196016,2.073763949517725
538,0.06154540526094232,-0.9523983001708984,10.430077095960028,0.08901061275364817,0.7438393411545722,3.20341628597396,0.16296196824179945,0.19107094532681324,4.539782635321012
539,0.24115061115451525,-0.45034492015838623,1.7450748431996634,0.11187147026942651,0.34741318026908297,0.6579396077036858,0.07016849754365469,0.8938980141887626,2.5245248539495746
540,0.12271249245348062,-0.04481949284672737,3.0423964380420445,0.09814665882471241,1.9608076867709263,1.4500075153429874,0.295212491528961,1.0165812735544297,2.0967673418184187
541,0.08269247546352758,-0.25815925002098083,1.434776162494337,0.03390315154427311,1.5439511281151954,3.9093915318355745,2.618763381924086,0.4798973399572395,2.3523370519485014
542,0.10126151635743769,-0.8961127996444702,3.747684353596061,0.08401482090554341,1.1464724371262691,4.693314836914092,0.044634809282805,0.41796381871320837,3.3083442884623824
543,0.11572288773176098,-0.5146085619926453,2.6492442135768695,0.27869298505786705,0.512281592245512,2.637187877341412,0.21023751079635739,0.380105091471754,2.877317796619993
544,0.07505282115027125,0.772469699382782,4.658841172356117,0.22611541732648488,1.0385685906119775,2.4018224325163353,0.5078187013916073,0.42320959798169466,2.391436806524585
545,0.13066258859289218,-1.1678465604782104,1.4515551279416,0.0890498817133401,3.7250340530119166,2.692386488848625,0.17922911088106175,0.6499703247797878,2.1905004568487256
546,0.10049479101277496,0.6579682230949402,2.4749240464831743,0.20663732109899102,1.566787523113772,5.164223468944724,1.1617151964569923,0.7796973932562137,2.836980677753875
547,0.1206394722229004,-0.3285698890686035,2.7216802609070387,0.11950212567542094,0.08467083013273419,1.0530609498564842,0.7534347102043013,0.60884677702126,3.027716512439284
548,0.07084226252019311,-0.19328728318214417,2.777920558328256,0.278413655003138,0.6872631227318183,5.252634664818154,2.5025279885916296,0.9509771100088044,3.6852411033008035
549,0.176513914700573,-0.9237715005874634,2.4784081921309107,0.09965607473812604,0.23418155075266386,3.0584178780734357,0.6198646633927255,0.2395819592897998,1.893579777938571
550,0.09299437740649236,-2.1284046173095703,2.4009016622370765,0.10570294483637507,0.9544998704099674,3.4363551451406864,0.16255424897470325,0.2185337582412138,3.1979250243998862
551,0.06967709164343329,-1.4942039251327515,1.6473638658159075,0.1695101249214249,2.487032999665583,0.4400260184175143,0.8067839570657926,0.5010086016766501,6.338487086075112
552,0.1575315707385208,-1.8959989547729492,1.1865710415527453,0.048544470093968194,0.17085042382088564,2.6875021003734774,0.9071200993931978,0.3276557000617575,2.899941228334439
553,0.07511947003926332,-0.7495887279510498,4.685851070720705,0.31971743834097577,4.114120720634159,1.1777912959935928,0.39327981745715457,0.11119972777047633,2.2708703914638497
554,0.1986897362817783,-0.7945578694343567,2.0348684204378684,0.048289474641228854,0.9813487565820379,0.9520904310372719,0.8786197492390866,0.5809687351100901,1.862607391088489
555,0.1405570096504736,1.030234456062317,2.7182567151305213,0.17168358351825463,0.30330708776476806,1.837679071583365,1.9906208626600113,0.5085607571519696,2.785162715378741
556,0.06903213192252852,-1.4337506294250488,6.728728105461213,0.30359814673083146,1.7879073647988863,4.099228022805426,0.1677674848175876,0.544691391578596,1.7617031159045793
557,0.05901389934332886,-2.4091858863830566,5.671896726723962,0.21542747314181562,1.9376332501700424,0.4067089143903022,0.8688786899190369,0.2598942617408067,3.652848202003119
558,0.11833658862357295,0.2341291904449463,3.533677506276364,0.07237182758234834,1.6142631319124652,7.505985861676627,0.5184300154913656,0.2602401247469475,2.128663200597701
559,0.05839458801385179,-0.4284392297267914,3.828140182316859,0.4497911070221389,0.9306078581272071,0.9910945456172671,2.641004976837271,0.1826488487365986,3.445115500294285
560,0.07446680246711158,-0.9857653975486755,6.979679084078255,0.28152456592127756,0.7867140946065627,1.1996881253903346,2.0434923632119744,0.4287125416134642,2.173965751255071
561,0.07697771893102842,-1.60153067111969,2.632509539317286,0.5044016323579131,0.6141088411698645,6.562970116160502,0.1621256702810957,0.4829673574571306,2.8300450228386844
562,0.1290660189733974,-1.570683479309082,1.85315732708211,0.1690696763991261,0.27022179051185674,1.3259218050238302,3.1610343217080366,0.08938291898440956,3.390014287581255
563,0.16769926059495333,-0.7422015070915222,3.926017192288214,0.06395623209896258,1.10255485649703,1.6607326035546204,0.11771159173706798,0.3564079516342331,1.2221591463800325
564,0.13594116342740406,-0.5216666460037231,3.5948388828694324,0.3403437301560947,0.35872488098898925,5.15472882920991,0.27272677318463706,0.5251449930385802,2.52765257395694
565,0.07977813559113514,-1.140891194343567,3.454254359012652,0.10630016337346301,2.0587071818324443,0.8887237890440546,0.24804522825800368,0.5746495547266778,3.1664999844472135
566,0.12393800066116908,-1.362799048423767,3.0527355309125417,0.08985456805381438,0.340926926246389,1.225891855201228,0.26272801452473216,0.5085443279972128,1.9523784922847502
567,0.13081445121356777,-0.7067705988883972,2.560325213331122,0.2766993735815446,0.8728393224261708,5.100862641555114,0.19064418633762653,0.1786527789948903,2.8442296518103882
568,0.1109751853586495,-0.12514501810073853,4.89244598545127,0.06400995935619314,0.36613279172358626,4.011557091846946,1.206677531205503,0.12302514938489303,2.317333443146567
569,0.06359994402470046,-0.1998744010925293,5.86273628778,0.11519436101625895,0.5779172165289904,2.298107246550154,0.2628916791751216,0.8254625994697476,5.182657274542361
570,0.06639842722307908,-0.6745783686637878,5.575194277103575,0.30734487985254133,0.5202383580198301,2.5625363787542366,1.3652927611269512,0.2968239549324614,4.02838480315405
571,0.10493228210685272,-1.016869306564331,3.2888502931833576,0.20341993216607518,0.70703277452025,3.2321619724906143,0.28719574508101536,0.3200906707803553,3.5926540023394637
572,0.21701177604207864,-0.08216498047113419,2.460857567558124,0.1026761662504361,1.1454958836829672,3.5791659380636522,0.21638998198766943,0.6000489908759679,1.4918495597912944
573,0.10064301986334635,-0.61427903175354,3.6263844810731922,0.2550702144025946,0.24749587815947435,0.6048935225521234,1.4287098392837683,0.5528110015503608,3.942976300771832
574,0.11601555079487616,0.0005974371451884508,2.7268214717807693,0.2764933591847259,0.8916309525485022,3.523373266888075,0.30105276449075963,0.6127280555900877,2.355358838762502
575,0.15307407572891693,-0.8525494337081909,2.4090656208357495,0.265362493605844,0.770059763071881,1.3300439017727084,0.38999167484904446,0.18602407785969663,2.083287464629123
576,0.06959922343816344,-0.6921823024749756,5.175282655799779,0.015424424837177798,0.9086096936937653,6.547273510841565,1.77618039861128,0.8566609997784262,5.828642485503019
577,0.04675447854402765,-2.0216288566589355,7.304168136220513,0.059455456001121385,1.4311893122002117,1.129126101466117,1.3242079388071741,0.43319637856051096,1.498852346585512
578,0.11926260982543914,-0.734359085559845,3.8437856210810026,0.08024667078054668,0.8053616850693557,4.104132274737447,0.4815186935093038,0.3934651880781998,2.487527128395054
579,0.11520584173924327,-0.859354555606842,1.2063045751575665,0.5202413348561097,0.775608693096391,1.297420809615461,0.9487301935718057,0.9147297597954601,2.4706761096667376
580,0.05612106668861949,-1.2458384037017822,3.393059495338046,0.1608301937183354,0.5373591370128807,1.884448308831532,0.19633537230416212,0.3706908847836659,7.244288778258221
581,0.0704875323216209,0.24707545340061188,2.0581740823899306,0.07590649457053748,0.6283359994271163,5.029971816564293,1.0260996680989414,0.4755292982723044,6.493040278776834
582,0.12554887811694126,-0.8030122518539429,3.9949539720480676,0.2596894288083783,1.7173387178345774,1.3539326261683884,1.6757298843444866,0.3299451329131378,2.3340240638333953
583,0.06572963429505502,-1.5803383588790894,2.8168194978910575,0.09145005618096047,0.9119676892642691,1.3579087244448753,0.6605411872035012,0.6433289064954684,2.040229955516088
584,0.048139439120819645,-0.10607998818159103,4.78657198798114,0.2607986415822026,0.9887138364844376,3.900902599142785,0.7460898566473126,0.7851317061075328,3.5271172023351913
585,0.043977020232555675,-1.9427956342697144,3.928437121379115,0.3552212689182701,0.5613002062135448,6.415774740070563,0.14422028269567413,0.3079246418935406,3.969569217723557
586,0.16144038046362622,-0.46529147028923035,3.1092970516945506,0.11743301559971187,0.47034270980700255,4.464582240449367,0.38598519231736844,0.7864776898831678,2.0607722967628592
587,0.11234949495083854,-0.4338403642177582,2.6762512320194944,0.2727154919049564,1.3289213406938345,1.687421534181447,0.6497864654444949,0.35484378855138626,2.0630333920918007
588,0.12625054973991656,-1.0551023483276367,3.1540737549927873,0.16778554528637404,0.6770296244332807,2.7984824594469986,1.134181286305344,0.6008916139911715,2.0268148923666254
589,0.0959759640261098,-0.8120613694190979,1.3697054261480626,0.09349879163040334,1.3383138966498167,2.2460521179235458,0.3128903630267734,0.8308481867839498,6.611335791266851
590,0.15242593773245686,-0.5871437788009644,1.4766930586636935,0.07328743328478066,1.6164553972710494,2.728985295404747,1.0829026501321826,0.23173916580391182,2.1986679313770123
591,0.1335622142591436,-0.7100300192832947,3.1307435063331717,0.1401484638338241,0.6242913083138155,1.9089636250918043,0.44283188966691023,0.9948226392493856,1.380949547718184
592,0.1860520214639434,-0.8863648176193237,1.8717169191967618,0.2969254186936489,0.7127302769413771,2.2588744585234686,0.2668682737184592,0.6324433281720594,1.6938398345029626
593,0.08244354936609047,-0.4374941885471344,6.621816796865287,0.2744966337486027,0.5008875838266058,7.117690490205012,1.5165075533837826,0.3202297097668994,3.5154451044019406
594,0.10350194510966916,0.028492361307144165,4.667851426895419,0.28945456369622763,0.5399826503770736,4.269646566867586,0.9350520165652559,0.5601618139811922,2.145875950891641
595,0.09616719989574242,-0.4889652729034424,3.6137591785077676,0.20351164036424638,1.3235016737056005,3.4473881854052975,0.4770826868433897,0.5354284085433257,3.7797028494276046
596,0.12131659837835089,-1.0252560377120972,4.092653412343178,0.3302806131263374,1.4712450635142125,2.64808148183639,0.794892191173547,0.8168313981193598,1.574126683548122
597,0.152029336398098,-0.039715610444545746,3.840057102672202,0.09404799761411986,1.1455147453250374,3.775271783995258,0.5811812540480947,0.4890281376770603,2.1164035072833403
598,0.030024663674488788,-0.6004390716552734,3.319016970491743,0.865312856647419,0.783361623642614,1.5159154730527777,3.8941066223255247,0.18646016523916406,3.639308113321665
599,0.03642047304799203,0.2790246605873108,10.100355001565994,0.31058102842128127,2.373373334754964,3.9760939818617276,1.218162732505221,0.8674666664553403,3.570244741906802
600,0.14265553959232735,-1.0774071216583252,2.477024251070072,0.05508334374749308,0.39939262600427905,1.005755527870805,0.15086488348520413,0.20833559429728551,4.9346536208632905
601,0.08687514383244661,0.26384517550468445,2.186456709853889,0.2368875855777588,0.5770537704777633,3.345119722172451,0.9931229855146279,0.9496492795938695,4.5117684350720415
602,0.099132433686979,-0.635837197303772,3.3058980320794604,0.2533395833252263,0.44180339687007103,1.451699536049304,0.24776214563461474,0.20148899749464233,2.900146235641057
603,0.12631076504858352,-0.4987357556819916,1.8371098009604356,0.1649264158808463,1.0240090460709343,2.4177479813171843,0.5255608986013355,0.48757905092089066,2.449553280651848
604,0.0791344835651095,-1.1181098222732544,3.7616976116756846,0.3214908332324909,0.5532853239603539,6.464361717169666,0.5383068801277625,0.2432786574205256,2.0448808861873826
605,0.17724934883522106,0.12194615602493286,3.0257645001898608,0.10495204803468267,0.9851216053901338,2.8413121936664587,0.49547869142307804,0.16870999624891,2.2901247853632882
606,0.24774200320876022,-0.15687210857868195,1.2056294127118774,0.06968715943251165,0.2903629331550834,1.3460402741929138,0.7785386462242191,0.4371418478627248,1.8114104213147855
607,0.11459429258970562,-0.9876061081886292,3.2972554441563413,0.24999067109482678,0.6993595315275648,1.5551825924727847,0.4530123171346452,0.22482277669034023,4.178053931574641
608,0.056479891253871595,-0.3476334810256958,4.171967061223011,0.04950247868009001,1.038331039842694,0.45710178316205796,2.1729640814645736,0.8911106454005313,3.245235109582423
609,0.13751539579997346,0.03256099671125412,2.8808844926998294,0.20113787652794157,0.49788998898596026,1.5290133906893533,0.31169961206129654,0.27944709776038884,2.970133655401996
610,0.12233116609556752,-1.141489028930664,3.6677378794659443,0.25821790586313315,0.649146414243671,3.8009221256349486,0.3281291316789067,0.6839238412789304,0.7546016995784631
611,0.03140260135135771,0.42486217617988586,8.440406024181792,0.30807565676857346,2.942055470342921,6.599287565152723,5.689701760818718,0.13156139046118515,3.036942244610917
612,0.11791987502685787,-0.5245525240898132,3.3499922411076,0.5447015860409837,3.7106902261179235,4.675668871925093,0.48877781745196847,0.35296992696783536,1.7991366603702426
613,0.06514487994419584,-0.1024777740240097,6.421421594878978,0.548350908336592,1.3513250385462101,1.609531556458853,0.5598286983741777,0.3661580202292657,3.1578366987898656
614,0.06634688691193186,-0.9511700868606567,4.73489549103832,0.30867651993555323,0.431160838782944,0.7551772295515852,0.8975955463263566,0.5105649932075867,5.02781664678092
615,0.0880208970287534,-0.665963888168335,3.4870287799967477,0.05081465972349516,0.3453475661863468,5.173580793345436,1.0589937415469362,0.5461437165300549,2.276506493814425
616,0.06483201654360338,-1.5506566762924194,5.897484362881489,0.3714710579829731,0.6787905021640078,1.3625765126707399,1.8789385672808339,0.4288485065059043,3.735970366240021
617,0.10374673172208086,-1.0914474725723267,6.027580646567977,0.18253370355174878,0.2457190766382586,0.8377511086158932,0.4062773980748042,0.20423518221492265,2.9578460906235526
618,0.09160081995693732,-0.31675973534584045,4.5859105398863145,0.03239887075433557,0.5306059956809627,1.9398121904522747,0.37401505280431097,0.17204224028751539,3.5389647400181725
619,0.15353739503590721,-0.12885628640651703,1.362813196325288,0.25435708049333433,0.6782379753909169,1.6016225063130074,2.2687215744667455,0.611904521529938,2.1529455790053693
620,0.05822988259613005,-1.6695952415466309,8.355261215129719,0.41695090656015366,2.6270328159004857,2.7801487928847806,1.0242119507297882,0.2993575630204691,3.412399809049615
621,0.061056701113580435,-1.3018126487731934,4.295142965365045,0.24383018609114743,0.5440932719119229,1.7488611224563368,1.4872876018956958,0.66804880719889,2.2469086804747804
622,0.08621782107000457,-1.059463381767273,5.694500475542734,0.08353627359977214,1.4021875139485176,5.641878622758981,1.4718706670896917,0.18699510923809415,2.405420726077743
623,0.250663921141016,-0.5785859823226929,0.5414644714134417,0.0918968928438188,0.6089760016192826,2.36540195320796,0.5405698071204348,0.8977565381735371,1.8310602570243426
624,0.035984603379711884,-1.596789002418518,7.371769525920621,0.17206755029608978,3.72403949440058,8.962205001827694,0.05146493524201578,0.31191624115198346,2.272662378571868
625,0.14587823317698165,-0.816858172416687,3.367171056547121,0.11373889854862741,0.3518977461516355,4.132156887917469,0.4258547270368834,0.2757041260674669,1.525331367830681
626,0.08937173164659871,-0.13008226454257965,1.1620111467646614,0.28212250701238906,0.7838441354724793,3.601725651707211,0.5312235158569011,0.1433219184784884,4.818135845778591
627,0.09695500703408759,-0.2322988063097,7.584329302107476,0.07171796125069003,1.5704717948843385,1.007410314611147,0.6349093696344799,0.8156341272185635,2.4042846101754947
628,0.09582405335761335,-0.599922776222229,2.6091768815198026,0.1408038533150881,1.8076813629576827,4.029460161233016,0.45557627674547224,0.24331398329553078,1.5201598043631042
629,0.2898844091611004,-0.7945225834846497,2.082281528814214,0.04719729788058701,0.21947246748476418,3.4622017671235805,0.5785704853898891,0.12310140552843338,2.515655167737284
630,0.18992257821118458,0.1918918639421463,2.468137409322389,0.06962873337634498,0.3950975653037095,2.432493178799666,1.1558383105028698,0.22221182961968267,1.7213137036341875
631,0.11519491030708603,-0.6344135999679565,2.9186330542474948,0.028826720631432386,0.5670813130080841,2.3804065778683716,0.7793959773785942,0.5949781456138952,6.74908312272139
632,0.04639763405973114,0.14666403830051422,7.554834653711335,0.02642246011055302,2.479318342990066,1.004873607778568,0.44122575374110506,0.9011401174414142,3.875008969248903
633,0.08169656372818696,1.265040636062622,8.09992120519653,0.1691993004765587,4.595780576458505,4.402214189840494,0.1574187480071037,0.30273273560129726,1.6347227657497285
634,0.1493649472139727,-0.14305919408798218,2.2550271860715263,0.11212134771287764,1.3858959758263842,1.8526369277973238,1.0883084427058956,0.5851914313329274,2.2651481956917925
635,0.10426533449136033,-1.3408262729644775,2.7991757767265333,0.07932411754694979,0.7157147323446336,0.709524189754105,0.9833589430004352,0.45514437264984187,5.457400019052123
636,0.15796623234188722,-1.091320514678955,2.2127473137175313,0.3112552283050831,0.28724768639733256,2.456259243157199,0.36818093377985756,0.2647430080050495,2.9102111019484136
637,0.11962558621001183,-0.5478377938270569,4.77367434845019,0.35399042726818697,2.639234638616436,2.7784805960794707,1.0499213690864817,0.171608100017288,2.142392369582112
638,0.05571152533572746,-1.5787187814712524,5.024563161789453,0.033889800824360446,0.8155622157885375,3.046900288341089,2.050777240518104,0.38816595105648305,5.520671114485802
639,0.12433088667135397,-1.2724944353103638,2.2210280532524025,0.12889030898313683,1.2116535651811482,3.973610590081693,0.6197800055521616,0.47950047909042914,1.0013889008579056
640,0.09308940901027046,-0.16185133159160614,4.095816111081349,0.16732907088758947,1.4394218078497225,0.8708928502225013,0.10704707586764303,0.5635402005196075,5.293701589456532
641,0.3524180942984335,-0.7091625332832336,1.352498528239934,0.22318174193496024,0.6657429067372308,0.6321244014745298,0.30509189492401634,0.19864831437673253,0.7410265480431064
642,0.07367699653623429,-1.8375754356384277,2.6292890543385976,0.29395635120318264,1.1129266930575787,3.8063523891611006,0.465721960438949,0.792435070175978,3.3532805059951434
643,0.06813324364332903,-1.2982197999954224,4.241127299081215,0.08400017974396286,1.906360792247297,2.3377285311073837,0.1853654279519465,0.6304172615172462,4.9511871474922255
644,0.08344174319412696,-0.4677732288837433,4.35546394468641,0.10383616307176012,0.021364879066246085,3.3688392786389443,0.32906439662923836,0.9142541028481289,2.502387183349536
645,0.13792049135427412,-0.28686314821243286,0.9991158753115449,0.25104151855592055,0.6788469449086675,1.4330796077620491,0.7214929908416625,0.3652573759845208,4.161937896677845
646,0.09972733226127345,-0.12697315216064453,3.625322046488264,0.31404223324974545,3.5565050108835763,1.3122530334016707,0.9772901398358756,1.2242251927170302,2.9745847835912675
647,0.1287460823882719,-0.7644168734550476,4.281168631206854,0.23102881823892543,0.7066566269318089,3.10808635074637,1.7809484390272792,0.1650054907506676,2.3185639005947465
648,0.09424824420330304,-1.0773228406906128,5.077452313827496,0.10417978078666909,1.004596305370889,1.4360943210910073,1.6590415728342889,0.31114400884572124,2.0459699694366518
649,0.10243178089334552,0.28464213013648987,1.6410476742938735,0.09149862522887975,1.2647679578558675,0.7835056349795362,1.1401888324254184,0.7349309356581801,8.018115542084056
650,0.09904641594170045,-0.6001490354537964,6.0337388347739,0.11435406171052057,1.988441739286281,0.7480017062466943,0.08629557808499842,0.4010767030418974,2.8839732233361173
651,0.13900890975948096,-1.2603416442871094,1.3828673665265732,0.08274335690107269,0.44285443143182684,1.3927367062807887,0.600023812346546,0.6553572003568667,5.164350288924512
652,0.12192363875889907,-0.1580621898174286,3.487771274630572,0.13275858177937824,2.451955798249661,1.0987372382618104,0.13876709862837872,0.5185367579694645,2.586505474070807
653,0.10842939186526022,-0.796021044254303,4.7122372356478115,0.05530606702197156,0.3257114019347232,2.1734636927186455,2.913163535798257,0.25893541287241684,1.5526035176085475
654,0.12429567601965798,0.0005895562353543937,3.4866891808898672,0.12789712551719448,0.7687677546702302,2.1085682675976076,0.3556790663359339,0.1607715558763294,2.905073531661753
655,0.06968280651352128,-1.4797468185424805,2.4700133643343447,0.036867115481259885,0.5690795725979899,1.4637643309423867,1.3054869478846494,0.251114579725739,3.0400185370965334
656,0.20272586023672376,0.5860755443572998,1.9789820904983446,0.15826130756177992,0.7538317359735479,2.285420438734359,1.723946129491152,0.645362867772135,1.8245309657466215
657,0.14640184571515694,-0.36440494656562805,2.847877207666486,0.32998493982942273,0.8855330042569203,0.7367277000728985,0.45364240612223206,0.39332156863527956,2.2815113629900874
658,0.09485801371961397,0.5282413959503174,6.216516558689147,0.2851411737182697,2.220775612097067,4.081397374633143,1.7600927500904293,0.27147150581199536,2.8119517164195047
659,0.09293003555748858,0.4437968134880066,6.331168731178242,0.4730170202293321,1.4055856405580702,6.393454146030546,0.20968311390280003,0.4950142986841818,2.518870836733099
660,0.047201641627562005,-1.5595598220825195,11.836266846928385,0.564526851206825,0.17029719763599566,6.648181616576895,1.3726481824822674,0.13984297564877587,1.8850569670084014
661,0.13649969412567986,0.131129190325737,0.6897394891185153,0.20155607070989084,2.2513296420824154,3.332991260696741,0.15616510828768043,0.11116831539199891,2.49317468877766
662,0.06259982753637316,1.0929255485534668,1.9523099510710917,0.07200097483726754,1.1790213825792328,2.5027544271944935,1.080405553018929,1.4125051203186674,8.71004632900208
663,0.09771501523065639,-0.622058629989624,2.912854823654555,0.11371482078721387,0.7314095898271118,2.4098303669330594,0.23568171682726682,0.6722758705006816,2.7005437591926738
664,0.11858566649180681,-0.5677628517150879,2.601287531681451,0.3242855515725842,0.7885906418190439,1.1705508422019792,0.6835348089173454,0.41645780742892347,2.959825912049927
665,0.08912279807509714,-0.44943299889564514,1.348544943067334,0.038383611920709146,0.4229947585602289,2.2687816157577543,0.835093807432136,0.214783588501371,4.4889314536153195
666,0.19806990390259832,-1.060100793838501,1.3850889040671177,0.0907560410281296,0.5035928500895344,3.1774494507580098,0.8170115353336573,0.10822922709189249,2.0010592203163147
667,0.16230988277178895,-0.8766512870788574,3.5515793679306302,0.24683031317011983,1.1239114542043744,2.9446298311488897,1.4474359104948589,0.5766669898478097,1.7165657564548031
668,0.18778435303202085,-0.3458930552005768,4.004544468740024,0.13414459620825933,0.6560180383061895,3.007150395883379,1.0601605275433938,0.30234031060702626,2.0126488392190245
669,0.20564465947841773,0.6150548458099365,1.9685083533172902,0.30584637191923514,0.8490898125361599,2.485407796882418,0.08531381608272032,0.17322099700922433,2.655311948110369
670,0.0847061043403556,0.21671651303768158,3.3618843831501946,0.34124525830131175,1.282854121891059,1.2443381780839076,0.15364780230849795,0.5348445091023633,3.374626838671697
671,0.09584969026174076,-1.1809622049331665,3.4715568630534137,0.0819808709102045,0.41782908826106824,2.214541349171756,0.3699329439912899,1.0917456809764137,2.2049857776783646
672,0.10322588455571478,-0.8329384326934814,2.9845098407113686,0.022125311469210863,0.7094691290902796,3.7954711042975515,0.6778305821534729,0.6617032685333272,2.8131154737400563
673,0.17299014443717964,0.07874848693609238,2.720139885961204,0.15938591898566937,0.6265917131315121,1.5381671625628295,1.039064598707214,0.5210807683911343,2.2828905688660392
674,0.06119434739115087,-1.3576749563217163,1.7867458358993495,0.24058495197530133,0.5769895928182014,1.5886477842257216,0.5979980858000518,0.485577429408321,1.942481420540655
675,0.1247477688355841,-0.5349297523498535,2.2461001796125277,0.14306562914584886,0.3346209629350419,5.110953806250133,0.2298615965159545,0.4643740961928876,1.9104778819180153
676,0.11037775135402152,-0.770917534828186,2.7188885073518008,0.19604898714774907,0.6244941207511071,4.480075364579894,1.2993085485608142,0.42340604741933635,2.0879317597799814
677,0.07153445171160601,-0.2290227711200714,8.520196171388061,0.09773810535974621,0.4214281914869136,2.070226524407561,1.3079684672031315,0.4161595439942745,6.108584791236489
678,0.12895264417615332,-0.5868316888809204,2.8315949767683803,0.19305097213461034,0.3867500413304268,1.617729237398086,0.18678869200138212,0.6499057075864406,2.7010286291493455
679,0.05362830600594106,-1.3402953147888184,6.926416294874775,0.3387675932551828,2.500137462900599,3.7579134277773196,0.6030195801165448,0.09793259552625484,3.3306840073309205
680,0.1439289598810126,0.0323309600353241,3.0735317006227363,0.4292968569651864,0.267993293627284,1.8359263747971775,0.954296021012333,0.4176329611312103,1.6365903850127848
681,0.10395446731765044,0.6054444313049316,2.964165831706227,0.33755468862301347,0.7750245905712188,2.0795529419198346,0.419962335719298,0.4955472418663547,2.5286239138335724
682,0.07119662210048795,-1.4756215810775757,4.807320618541286,0.06914709170837435,1.7607385877741517,2.6101608806020105,0.6271064647692792,0.8285123472485186,2.606197439058213
683,0.14995113600554355,-1.224902868270874,3.1606823870724035,0.11888826228014691,0.8432588882805977,4.599253675289819,0.1727517119913716,0.2636265414221102,2.2366971814056926
684,0.10251514142949202,-0.8403892517089844,2.749338035825907,0.22922192015821422,0.484812614501383,0.5124403955384367,0.6657640572431235,0.8086889152358399,3.13087413385646
685,0.11845071136953347,-1.4948843717575073,0.8479863152096142,0.45501506841884237,0.5047197869057437,2.9283763089964623,0.43913167580480095,0.4169013293475614,2.2054205823620423
686,0.09337945042306696,-1.4850651025772095,3.8304294611589564,0.10959717296859507,0.07957185814731312,2.8286183173935147,0.6132115161517839,0.5958422723339418,2.4464182304292854
687,0.11295884011694415,-1.0116711854934692,3.4399836507109445,0.04638138674192055,0.9406089425938262,3.252326292173874,0.2724680713933549,0.4433449327435695,2.479678949701359
688,0.1259028871952435,0.013771540485322475,3.359222335298592,0.36284059248170025,0.5310926355324294,2.1586852622953128,0.07879081251395967,0.4471932773597811,3.061058662301408
689,0.09291734089509146,-0.5593976378440857,4.826473088890798,0.19951480561847357,0.4025444155112969,3.074322113084679,0.09472526082751584,0.13752616649675276,2.742536543155042
690,0.20835921423294634,0.542616069316864,1.681137273443164,0.2935368437426345,1.1934683769087093,1.9677040878145737,1.1957161916054169,0.5857299840024708,2.5968341596886813
691,0.11580013927677867,0.17275168001651764,3.554431561943753,0.13649554482069826,0.6922512883571248,2.132483883266669,0.28104174503355966,0.9821805129498845,3.0163458229024487
692,0.04864214781352356,1.1115936040878296,11.678467296280816,0.4742231162144806,7.074472630188567,7.818916365934656,0.7455498921675808,0.9379090190337217,0.5955510497665848
693,0.063374122993536,-1.6466455459594727,1.4767412931867714,1.4189611809775384,1.3170676146378641,2.5847497913127206,0.7161720434417483,0.22663627588702265,2.0169905457426407
694,0.08281193855595569,-0.848296046257019,2.1487676364939077,0.44388264584892567,1.8497062295199083,3.7823008601862003,2.472475149522693,0.48632913082355406,2.0933210598597825
695,0.13397369439645634,-0.9105216860771179,3.4928615737081783,0.1163233191412645,0.6029897842981297,1.502633896629163,0.5913910922589201,0.42011766113923416,1.554675349424681
696,0.10432819646205757,-0.6838425993919373,2.990326833912649,0.10186809872878749,1.6308019306199097,5.089684591185522,0.30950637793240476,0.2598609894065309,1.3357121468211814
697,0.08895263251043047,-0.7065660357475281,3.044081924939965,0.17964455771550003,0.1629095637555158,2.4645910187860554,0.9317213407433569,0.33658004535001007,3.8442379058469807
698,0.08647797807852997,-0.837705671787262,2.739928509123551,0.39988623156973957,0.87578390143421,2.452032088668666,1.063078446779501,0.2835819465009761,3.535974892417242
699,0.17846352704869145,-0.9895063638687134,1.6781006439821877,0.02201041877612942,0.3275579094112742,2.1153953245424852,0.2563802358109192,0.5307121134732218,2.3687972866522458
700,0.09539400420146861,-0.01098806131631136,4.280174064716246,0.09936451715144409,0.5943736944587521,3.1772483241517033,2.450567785697308,0.7826026280463835,2.2914406337355646
701,0.1985349634201458,-0.38409823179244995,2.2138718298699214,0.282315753212477,0.6930399536439303,3.837095097311795,0.41867111178911465,0.22357984636284814,1.262751727237489
702,0.14145320159365535,-0.06594141572713852,3.4260426687770926,0.0725066784477605,0.4295283380069527,4.478041566671774,0.6573036706898872,0.16543470073420352,2.900642738335323
703,0.1853124904272464,-0.49900564551353455,2.805466174586916,0.08107405501985619,0.3065297332517729,0.7546853178785012,0.1986729912241847,0.4242556936833774,2.1730954174481645
704,0.097169968343431,0.13512222468852997,4.9967741959147505,0.11322302326743265,1.2949680236489085,4.586694003738663,1.2326881627047535,0.2932241091420983,1.5332046046765133
705,0.12023932919438225,-0.7638390064239502,2.0764349389304533,0.09667778246798753,0.9479183000039453,1.0623412080882855,1.513826897699253,0.4892306148621716,3.222290568997031
706,0.1294390797425388,0.452169269323349,2.650818542832077,0.1818936566241877,0.5853081867650796,3.08958303413678,1.9959545611626597,0.48178677571792,2.4755639102766933
707,0.167593420032513,0.5858581066131592,2.2557989664637264,0.18899164699922152,0.7858184319372856,4.024451794373954,0.6332932021840344,1.1114787253394283,1.4687106401147332
708,0.04809701463478637,-1.1546125411987305,4.805879545229075,0.35715106053582574,1.045943512071823,9.740452317013204,0.5757778185537049,0.12237807405137338,3.5420601423292113
709,0.11275087832874081,-1.1283001899719238,1.9768359744505666,0.12255332100322258,0.4761125733604129,3.9391914810037774,0.37466918905472985,0.5087969773319722,3.089902741151827
710,0.09944900914088525,-1.1207301616668701,5.8275711586876096,0.12708000226378457,0.7342719177775017,0.8839612039374383,0.6270700218316044,0.15678680622838775,2.88521872276249
711,0.0871799045195109,-0.3107762932777405,4.406197008133709,0.1872802124212226,2.6572527175078124,1.4109639876427569,0.43124832769626026,0.2438918736920784,4.116438709046364
712,0.1006353417031951,-0.31049591302871704,3.89994988168038,0.35189527114100083,0.9718805398907431,1.6115871840667506,0.7086642809946431,0.903049838823933,1.8179363184065482
713,0.11943012079680504,-1.4000133275985718,4.09222702542081,0.21709439409888406,0.7726418699066492,0.75634594864305,0.337699985037764,0.6301059665587411,1.7432733053374896
714,0.07059574212350711,-0.13458333909511566,2.2514170012743238,0.04593290387076931,0.8055355597775871,2.3185122154263813,0.9999279924838138,1.0894336121551842,5.242871851521048
715,0.043588351737326066,-1.7890316247940063,4.855502974682676,0.02907601828599889,1.3598378263173674,0.28588294712630063,1.137364040162252,0.6726487922876424,3.043812314927358
716,0.11815610266979887,0.4620254337787628,2.6624924879853618,0.0708874748801482,1.1069836740595045,4.507148564533605,1.1812454725435728,0.516847254463132,0.9569347108306975
717,0.145068184418234,0.895388126373291,4.620911429372663,0.22820750327115086,0.6422017162177962,3.3957082823368903,0.31791092242213953,0.20416836137187325,3.365195954749604
718,0.12233778696190559,-1.178998589515686,1.0342574295003937,0.3557169741783088,0.9615002566513097,2.14896975076579,1.1432346206459862,0.3736815862904933,2.0392941597152774
719,0.14313946115727164,-0.49641379714012146,2.488237582637539,0.26022892567034434,0.5472983426802448,0.6640912181146373,2.0116050700684345,0.21080993385201596,1.8433723693958686
720,0.08590333527835682,-0.9085748195648193,5.669365812998834,0.20844313508828854,1.8742159242241831,6.557127654338211,0.0501848871995714,0.8681948108407729,3.2952628215956272
721,0.11950192623489835,-0.13857242465019226,4.776013214768219,0.2547518418556188,0.6571555344477602,4.671945363648616,0.3372471966019607,0.2945077330711646,3.4466119680498766
722,0.12278149970930581,-0.00032636200194247067,2.477173964735,0.24551938640756507,1.0484914320255923,6.3035808378474805,0.501680538684408,0.20654826704713872,2.028563006663374
723,0.13810963130415904,-1.5445868968963623,1.9268219493999865,0.2584290025289889,0.9193111929760683,1.677428726736188,1.034624626824787,0.22337095944065882,1.4411663721905448
724,0.07115964405872176,-0.2384287416934967,3.344846576323228,0.30156561376966134,0.5330406438811729,2.4833613195256894,5.745695665047302,0.4223530090724652,2.1621213621721407
725,0.08651839871713285,-0.19182288646697998,3.387617484224496,0.13728994600687078,0.24701796543761184,4.52789919731107,0.3905964284706809,0.37917536211722686,2.917692755897141
726,0.0723756409910268,-0.3929802179336548,6.140781510358604,0.1294786800532492,1.3452390526421765,1.1775299460241357,2.414089374661524,0.338969736298255,2.983944202055969
727,0.0931955357543878,1.13166081905365,5.369746223364572,0.3438442402860363,2.587310817528052,14.055217632465602,1.043433840143454,0.6519402748154783,2.7679449492173087
728,0.10442148995273744,-1.118153691291809,3.454432252211106,0.33680906774151714,2.0451578262929564,2.9958487290074873,0.4240251333522694,0.37281483082459316,2.745731912411569
729,0.05506427808781419,-2.0217254161834717,6.881107425843802,0.37462910521612,1.3415812180836897,3.604976937748878,1.1260327600894657,0.29226577830575595,2.889035249471921
730,0.15230019464762506,-1.3235880136489868,1.7618936065213853,0.24784184536287623,0.7340042279765797,2.2353360236989155,0.23557436047587368,0.31649661914555216,1.611981694858506
731,0.16942218587862984,-0.7115890979766846,2.605457807938259,0.14862206003031056,0.5023234950523701,2.0578934171584535,0.3481299819731163,1.0933344164557708,2.3575970213663773
732,0.19820264652509922,-1.4482033252716064,2.260692417797515,0.15580492595002632,0.5957858062121648,2.0800559959720584,0.629041742895617,0.09645402100981465,2.2600921961833644
733,0.08326878467663494,0.01634800061583519,2.399502218210479,0.16284310151543077,1.5024576450941252,1.7985331251045444,0.25102338376343336,0.6957050781136727,5.518731989388258
734,0.0898619378674953,-0.04765043035149574,5.101394730740392,0.24056631072274803,1.4506613979445007,3.1765003661111497,0.599534507273224,0.666332833105228,5.127391565290242
735,0.06004357235526967,-0.6530392169952393,5.489406053197223,0.182567064240165,0.3044351461489193,2.5967748783317064,0.11246755017439299,0.2496935509283219,2.2334597770218365
736,0.05105582514446023,-0.9463616013526917,7.693567045342678,0.2805698194189598,2.0128595056563863,5.040709252065692,1.0370182766301173,0.4610459068554021,5.0988357382863745
737,0.20383052705760457,0.5315628051757812,1.6348714127575477,0.06305678819317682,0.7399961926706365,1.2262061097896,0.3597327721809663,0.5932686077370455,2.7826667325843957
738,0.07746677448907956,-1.1019128561019897,2.425556862271959,0.11916989279963935,1.2505425341711212,1.2975955537286712,0.7180486143435056,1.2165101492527117,4.54190998775874
739,0.07089342424343496,0.2420949935913086,5.047420955172998,0.14683021353421102,0.8455410576862943,3.1298188193451626,2.893347940411753,0.4671693206038536,2.586002627788828
740,0.07439087068818163,-0.7017611265182495,4.195077942459192,0.24489007940012325,2.4019925123481776,5.229255210767528,0.563096555677394,0.24915926188025728,2.467348130124371
741,0.1210993415285518,-0.5758774280548096,3.706591476261969,0.5651159721305077,0.19553037379063948,1.3358321314844503,2.112751412606325,0.40209411729758443,1.532916582696163
742,0.13501049235169305,-0.4074292480945587,1.592054096931386,0.306535762607705,1.0974366599528154,2.8482065353227872,0.569732835297322,0.6999590947285919,1.9334294061984159
743,0.10634399206823004,-0.37057042121887207,3.170568014147123,0.08710716551480802,1.3717828398874525,2.910616684595228,0.9815572603768218,0.29232187737026993,1.822549520472204
744,0.10404043131459707,-1.5461573600769043,3.436854948940077,0.22489442708069754,1.2338693442628568,3.338202254775817,0.7389061588151226,0.2760387126253775,1.484921797045639
745,0.16830896169700582,-0.44997406005859375,2.898615426548224,0.2162331494255809,0.7521288122963404,2.9479984586834695,0.137416154936713,0.4463199605109695,2.423201731916795
746,0.10931989304532816,-0.989337146282196,4.522203376237004,0.06433538876046503,1.0433912812196233,2.810553564810216,1.093728369800593,0.6563760144528274,2.4027005919016777
747,0.07541669781628048,1.0273460149765015,2.1693021783447284,0.02703915974364616,1.6869122832329684,6.98968657144036,0.2593704850707088,0.7445371000644347,2.8794994364233726
748,0.09279860909785946,-0.6940008401870728,4.19132293095126,0.1623794374225086,0.7164585744117322,2.136268894419839,1.4981024476771505,0.7487089033345088,1.465203743764623
749,0.050408062763394296,-0.5498541593551636,6.953654006301056,0.27738648104302077,1.927650982378989,5.063007325993354,0.16439295998151,0.9826975337026298,5.844362597672286
750,0.12553831214722244,-0.4663263261318207,0.6852486616294807,0.14812444122152826,1.1711584023239356,1.5482494536759237,0.7281377050922515,1.0189573608347107,2.0683100986593055
751,0.03932595286774126,-1.1215951442718506,7.026379084271822,0.33528095355536536,1.1510627519127852,4.453663820934467,0.3943458934696489,0.3784765405104438,1.7158464260809725
752,0.11102165629259296,-0.45968616008758545,6.9277358782374545,0.120311764578716,0.7213987744992918,1.2534374192659212,0.9120315547801857,0.12134879520784592,1.916104206269391
753,0.06785515914946381,-0.7255527377128601,4.1975696417010955,0.672757493171983,1.0990146964487038,2.3333043747875477,0.5401826235610943,0.5788452620176273,2.6718950219980346
754,0.08189013109657568,-0.35416755080223083,4.6074472406038325,0.06595227465863664,1.7410653263018823,2.9550097046706947,1.6654315373312087,0.17901165385481996,5.319479147032799
755,0.10360845553304407,-1.2022250890731812,1.9270445367840292,0.3782226118450534,3.0822392632527733,6.51425776861181,0.8765156966510222,0.2588860295715522,1.3160376611288354
756,0.10021518618724476,-1.8524497747421265,1.2057640340569642,0.109070251842972,1.0464271217895733,6.847333852076092,0.8073682703145902,0.23676243427201596,3.980385407507836
757,0.06626528291586402,-0.019154909998178482,9.423843111877547,0.3283405437232875,0.27609314514205896,4.226226235934596,0.7108936849860822,0.2941849861333692,3.2511606646305613
758,0.07662574627471704,-0.7362794876098633,8.77810682886567,0.1846293523426296,1.2631169512196831,2.07101245365517,0.961422859190097,0.12913752151699306,1.7465803750044133
759,0.14785455821599797,0.7912350296974182,3.6112988921788305,0.13978815685267673,1.321512499888551,3.396721647843367,1.8188853438512922,0.20344600209798375,1.3734274575283263
760,0.053563711786691136,0.19845479726791382,10.772314289473172,0.08693067146815898,1.1457134856806963,6.400166954413765,2.9149362251504694,0.3334523188242108,2.801026019187814
761,0.13867713754115973,-0.4353594481945038,3.0391249938626985,0.3891527948650001,0.8443827567726798,2.535056878298025,1.0241531557651573,0.3561454778129022,1.693065340005454
762,0.06687370897712358,-0.35942113399505615,4.427214288160435,0.14565141749061533,1.9176330426212638,4.325169424964575,0.4179707693822011,0.2328094366617818,2.7480034478094586
763,0.049230031291930446,-0.6431422233581543,6.091846058118543,0.24087912996584462,1.953822256836765,3.2658990967945565,0.2084808831617467,0.34421461513983703,5.4868460293160215
764,0.096778539422409,-0.9139549136161804,1.622966393798635,0.17810220536446006,0.494526406053706,3.071188408544202,1.1611327093929253,0.2872828556927621,3.1745364420661475
765,0.08515266910519285,-0.14084620773792267,3.9721717764808084,0.11611364787609654,0.7570675101547836,4.12894397819314,3.102235539815597,0.22012880785516986,2.367544827287193
766,0.1103928578328885,-1.2261979579925537,3.3740166246703995,0.26669908127118996,0.48050395855277206,4.98168745771939,0.3769496350837923,0.03463559682494735,1.2264386416975248
767,0.15426357961706105,1.545038104057312,3.7346242783452133,0.3046403711259867,1.4594562676868565,3.4140802643846238,0.5395595450571795,0.3693416686405776,2.9988401389670973
768,0.16138696464649377,-0.24639226496219635,3.023642890047584,0.387911255584579,0.2909136436200035,2.358212595666824,0.43806480122393193,0.2498683670539982,2.1710367910027575
769,0.264098521544348,-1.0279756784439087,2.784352379131668,0.0606434628091428,0.47113086162085205,0.767469428307178,0.26727901127858406,0.19199147336949557,1.4062355002415436
770,0.06934262726583139,-0.5477299094200134,3.501235034319822,0.11528436978573803,1.0533070304366348,4.368106372381059,1.361583523132958,1.1510115881219989,4.4238911438141795
771,0.1341392872076908,-1.7985914945602417,2.8985635957287768,0.14337244862811252,0.6562478207079848,0.9230239087912258,0.13588047136580014,0.24746796913100141,1.9490697345750694
772,0.05019082219519901,-1.2461860179901123,5.879152453780015,0.2658887347459873,2.17637491204616,4.246517695512823,0.6841262696422282,0.32510605695274636,2.865478433367246
773,0.16173537053088372,-1.0425596237182617,1.7318615993263284,0.056174171467929565,0.7383705571664101,2.7858338031151932,0.39587674274057255,0.8720951191255347,2.1824598430909172
774,0.05990558654489564,0.2733175754547119,6.68715528853657,0.46045273792678926,1.009794553681604,7.45365964399114,0.5915134917291583,0.5640558689260763,4.8349233165508645
775,0.09052962337714478,-0.2310214340686798,1.0715041991469891,0.027650192022626224,3.167977771076731,0.9928468184754117,1.063794658277998,1.523254378904736,1.4776731094841449
776,0.07950849990621348,-0.2823014259338379,2.7926927353390125,0.4579710827496424,0.31115183519921674,0.6212147271030515,0.38931786452430894,1.1146570991991613,3.3520027737190743
777,0.1472870119913191,0.037944599986076355,3.1537974108541693,0.027382633795570994,0.3032812365954409,1.5995609496239729,0.9409886260217705,0.273164762681076,3.1508839244382427
778,0.04184774943807263,-2.1031439304351807,9.437176173302095,0.10978557525532454,0.47544172413452934,7.296739410497217,0.41958590251376,0.08030782175802186,1.9647820101041278
779,0.07348062528597364,-0.25672850012779236,7.4866191470187395,0.022148528742593866,0.5212750154772146,2.3550667046103517,2.096482163533879,0.5166601696683243,3.1793856138362937
780,0.14282059189700638,-0.7954422235488892,2.228743766173152,0.49554201385956675,0.8410032176636565,0.4105825789460334,1.1590215965716812,0.4810152300219392,1.789189405988663
781,0.1993255033443786,0.608078122138977,1.6856389238981173,0.12905358779041068,0.7873585464398198,1.231546208949758,0.4015294278750506,0.4177412591300493,2.9245792809493647
782,0.04314058849701308,0.013018105179071426,6.533047281686968,0.1447573391343005,3.336906002618771,1.5946814050304192,0.9999852530859765,0.952418205895929,3.539213656480368
783,0.10268926383527341,-2.1066293716430664,4.552153614667624,0.22209151942844524,0.43207778291070453,1.6391490775868147,0.5281479014223461,0.19871306802894043,2.3871773533156957
784,0.17803695188276636,-0.6510441303253174,1.7873047201360033,0.08346036611388481,2.1194387717254513,2.1015945052967586,1.5553968279284522,0.6289391307088448,2.3486518521274196
785,0.14591113884437748,-1.0771352052688599,4.391119025300334,0.1239250588214795,1.4003765285504164,2.50751646611722,0.40258283096474967,0.3127034368034228,1.713279571675599
786,0.17507103273013092,-0.656674861907959,1.905569651356338,0.0393238620668925,0.6179887622150159,0.7020303164239405,0.027612489905706777,0.174543336243279,3.222123093990663
787,0.11034951778314867,-0.04693801701068878,3.035185089110129,0.06421204553342437,0.5787968579232492,4.5742711446460165,0.5293635159472341,0.8534640908255674,3.6156430992991027
788,0.05916846348118106,0.46556925773620605,4.7261310314194365,0.07706025952022613,3.6629254055833513,1.0861999025106774,0.6752330060691842,1.134935710289671,8.071357516485225
789,0.08670298540500455,-0.576740562915802,1.970378578445254,0.23384369655888007,0.7253070927139466,1.4265600756440369,0.7059391610052275,0.6722587003973821,6.793289440473859
790,0.04222961560483566,-1.1029478311538696,11.21040607333061,0.1832330916080514,1.2596969807362708,8.843818433116935,1.7223538514635273,0.4982240809867763,2.0002525050229325
791,0.04719707282686962,-1.554656982421875,7.9494895528913,0.17656846424675218,4.2472426706704915,3.2253835062863683,0.6832575150380251,0.14750406549543602,4.135289971774622
792,0.1119156215317248,-0.6819387674331665,4.816167893619204,0.39949893240181333,1.5095059977967986,2.828619666184156,0.06909753621855161,0.1147440570441551,2.631588639926203
793,0.09463388383647021,-2.061689853668213,2.37078454046176,0.08928247491682774,2.029333239963237,2.34277108392486,0.9198107391095581,0.2683240881740736,2.350197016013437
794,0.08866084522764027,0.12658146023750305,5.484965862852097,0.3844768265723848,1.5249230240790537,3.5770686172506507,0.9566271841698393,0.47314238741485826,1.9968045316753278
795,0.09996271508923592,0.3523363173007965,3.1440813848135556,0.24732059912620027,1.59157443350231,2.7867767868208224,1.4427877050738436,0.2361280417983156,4.0357355196221265
796,0.13017866232877592,-0.42455387115478516,2.1118571225770024,0.038328605904080944,1.6565769761271567,2.8412871291772204,0.5076232054691231,0.42891164772006973,2.4252697543975223
797,0.13347002669488023,0.14461800456047058,2.8452222494825006,0.24350810606328865,0.9746200334841587,3.08073463098427,0.3221234673961927,0.46318783134135166,2.50088297109533
798,0.06571794464480188,0.3342115581035614,8.768497476262825,0.4095026296813089,4.26699661372539,4.454067336969271,0.5353912938243712,0.3595317048340757,3.5717082763891144
799,0.06727808500575391,-0.9334725141525269,9.94589981192667,0.6812917067217719,1.398818071279747,1.3140150614882993,0.42412662007312196,0.044533699481054345,2.887382603112961
800,0.11108551939037792,-0.1684257984161377,4.555696928259971,0.2505218152943527,1.1789706801482396,0.52629079654563,0.2700727501066692,0.12094843333275798,4.521005140938845
801,0.05229094671236215,-0.5397253036499023,5.878481078212614,0.41568197390040046,2.5306497683484306,2.499956559402056,1.7328461484757844,0.1948651492140532,5.01318835144657
802,0.1763322676259016,0.5657870173454285,5.03533347041923,0.20987559775572706,0.9564079482298583,1.1594350288440896,0.9286731598151742,0.3545259990583619,1.8768613416075655
803,0.02769412514366371,-1.1028367280960083,10.68768077982627,0.20292719714097618,0.9172684057239019,2.080195231293535,0.4707430180519343,0.1396628993724083,10.448378015626025
804,0.12758379743969,-1.0131018161773682,5.4001031567414595,0.18177268174018152,0.9821511543146062,5.064207340504866,0.32124664441800377,0.26865589953205,1.7848063828166518
805,0.057507784315747074,-1.2678736448287964,3.0682469921628983,0.3184402662143511,1.80088933554659,5.132784249153921,6.070473671830259,0.27847805006743365,1.921038540461513
806,0.1252122227598935,-0.6418935656547546,0.790940075869926,0.2618612987392629,0.41110037891487455,1.7410450901813241,0.5032016773349617,0.894714803824936,4.606130875207254
807,0.0683430516254499,-0.05938917025923729,7.752668077278444,0.281276362417263,0.6641950126443722,12.462749794422916,0.514700630177545,0.35173774526987384,2.96086944012843
808,0.041194245641426236,-1.3715918064117432,10.40876529231857,0.8820532991013732,6.417934190122826,2.9986442410637095,1.2724424168671453,0.7493889856117407,2.8875581518919806
809,0.09677286343360501,-1.2818182706832886,4.608506866670195,0.05028674086019393,0.5816060051749319,7.371220306750936,0.9466716108293488,0.2896009047300354,2.621701402546714
810,0.1073360425772853,-0.2536638081073761,4.571738947659743,0.3127283016540232,1.1938237909993628,1.4058643604719638,1.4477118407350251,0.5084057622249261,2.5998433428746535
811,0.16550439094941177,0.06081748753786087,4.2287450057362,0.14080553183782485,0.5016028580293025,2.407259199406218,0.6333204751350926,0.2681286565225687,2.3020324081052226
812,0.131575286634167,-1.1640613079071045,1.9495721340001708,0.18068823281975324,0.2437548855817744,1.3577515121277766,0.4239463620250275,0.30282787997862026,2.814154913819549
813,0.1579391932795014,0.2782519459724426,3.9243864892897666,0.34079299765893534,0.5843443532717321,1.673218156219088,1.3516596649347867,0.35837708441564986,1.1046699925745809
814,0.13607229630975604,-0.38669338822364807,2.318777839695515,0.0077338810178278795,0.4892097656082808,1.1544308506373786,0.692882999498516,0.6579133137290566,3.553197476194363
815,0.10069241403156148,0.7437213063240051,2.3854946930945453,0.06375083184411917,0.8689690538342474,1.614599110553942,1.5953787522804386,1.4511470731668257,5.213565983605025
816,0.07034320308268203,-0.6055400371551514,2.5687144727308553,0.24337783230838242,1.1752244118020867,2.3085674608494227,0.5127350448913229,0.43366617921366335,5.985293214204847
817,0.08737840121415744,-0.26409125328063965,3.671343287068046,0.19180469056648866,0.8650176563911373,1.580875040468961,2.4770013666424426,0.5390693561312611,2.8659659261122434
818,0.09413286129364673,-0.7549692392349243,6.586013630909589,0.2571031489291854,2.6055514539455755,5.138850293914942,0.4882934230579795,0.19027789112026436,1.5046991817425275
819,0.21190610157225642,0.0847066193819046,1.9886191721863677,0.0699998833410069,0.4107783087242485,2.687436904807807,0.7990386692155492,0.4039893970505285,2.3219274315263374
820,0.07112429615293085,-0.20214973390102386,3.9383223691036036,0.6851146247221814,0.47081103669771984,9.31822553714088,0.44124145458573016,0.26092190996164266,3.9368719288097314
821,0.11456066487094593,0.6623995304107666,5.863561738077931,0.09610135017159922,0.48576466668892054,1.6036635402681583,0.623613716651173,0.30416511207265157,3.6663735433635414
822,0.07310651348574808,-0.34558606147766113,4.655091109820929,0.07229937650613082,1.924779550379132,1.931083594142252,0.242693800840773,0.6352641384414182,3.312187832922785
823,0.2368360264089389,-1.2358436584472656,3.321994442111496,0.19612233862667916,1.2082939806978228,0.9456414551702069,1.3926687613257143,0.38552365879115885,0.7826760534777217
824,0.0789668570891933,-1.2576262950897217,3.9458361170264036,0.3160866538113806,1.742399041757108,2.443319814208433,1.1755221920889471,0.8210294087697776,1.9826438957397883
825,0.08497006616080954,-0.7598233222961426,3.934349248359022,0.2950934959326384,0.46383320683014384,12.394182048271537,2.6555876668923477,0.2508212665516842,3.5893338153938994
826,0.09456700973458383,-1.5242847204208374,4.468329574313603,0.43868327760235853,0.9096861261161401,0.8032073753941181,2.73583732308084,0.5744270982164837,1.919658018234242
827,0.10615613008977394,-0.6830862164497375,3.296399463026506,0.13447214510374045,1.8007485091767719,3.7436674657817544,0.6321395857097095,0.4101359762849947,2.998140970821584
828,0.037914746186329534,0.5569753050804138,8.019339102769306,0.12171675698283188,0.8894906055964893,2.3068759970910317,0.13426951426518058,2.4171124000318485,7.566302665708291
829,0.04955770887432312,-0.7705544829368591,7.062633580382845,0.09643385524847949,2.045985213157595,2.059987797857725,1.5711572911248406,0.6799859457098312,5.517525561798111
830,0.198935034181753,0.43516016006469727,2.577947781821224,0.18708802121899498,1.500289241612758,2.2142753912881212,0.7563329877562674,0.5873426661718485,3.2305564254363
831,0.14187436210722387,-0.0036774929612874985,2.004942438161642,0.112507349715384,1.1024176635511684,1.7984476879942546,4.110743456722593,0.3274983276657079,2.6618942678162676
832,0.08378754013854564,-0.6599913835525513,2.005667957962988,0.38874488724605283,0.7748669659415316,1.6421862335226498,1.7770434373208421,0.08267656664807543,4.0366752117669495
833,0.18113780811089075,0.4876030385494232,1.3583726979319228,0.246248718676961,0.47342572792458626,3.618419491206628,0.34994811147686355,0.418439246637225,2.4101802922706477
834,0.0934990368410644,-1.0366090536117554,3.333168074353035,0.4475603045116678,0.5632530824911683,1.1657699440343172,0.17502428996195232,0.13430556500654836,4.680832531837575
835,0.0656276941356849,-1.0786621570587158,2.6861591027655525,0.13240297263674425,0.7856966380433731,4.957296817512992,0.3733648626414163,0.329097898647671,5.56181769422383
836,0.15432354153221345,0.09074234962463379,1.789430650977003,0.08079393283106909,0.8938334339276333,1.5453247305095192,1.5834303859297396,0.23869258693538636,2.0820335645051586
837,0.06425273534887285,-0.45788848400115967,5.261323591397849,0.20777147510758787,2.5043409668339582,1.1393391326092457,2.217077009187615,0.6320987435834451,5.035790287877789
838,0.1646275092741765,-1.3832976818084717,2.4540230551444484,0.14397304468292155,0.59353741650812,3.2861794790606025,0.36734896351088797,0.8432522662687987,1.721702287219867
839,0.06481764298092602,-1.0978426933288574,6.955967963191086,0.17628691134128235,1.6222204862722676,0.7667722064928504,0.9910771392944445,0.26260044937209603,4.178034009108504
840,0.15523433993932864,-0.7948745489120483,2.2969187230936647,0.04255546915216235,0.6557080935441139,5.107212411237462,0.9575907842383277,0.561427922672863,2.4712297362039686
841,0.0679627304974307,-1.2037009000778198,5.778297129487906,0.10241886266063081,0.24992422322840033,0.7224280589144777,0.23777904774674358,0.40671410215582715,3.997417345636096
842,0.15675806296088363,-0.8428956270217896,0.9959619907624587,0.291639455407138,0.7612499456012167,4.897338188286374,0.3461750162959441,0.4537244775005908,2.06534202387643
843,0.07221730360559296,-0.7197977304458618,4.255010497006758,0.4208752817062975,0.6710748617076144,2.1052987142683426,0.726233100496188,1.5416705529662318,3.4442400209601542
844,0.03955952580300252,-0.2590361535549164,7.436546385971716,0.1908071599253567,0.8091343726042919,12.26125408150287,0.3957068401513575,0.10927778190622715,5.520420378257692
845,0.06082521808304105,-0.9914506673812866,10.555856982106375,0.2251768547393179,0.6801800325791856,3.587479426399277,0.21378092015634784,0.31244688889042094,3.415816518430063
846,0.044043051474848265,-0.9978960156440735,5.143562724640298,0.023184473932242843,0.7092208382907695,1.4005444363997952,0.9489291599196353,0.3848936762562884,7.235305280923291
847,0.16565122499300722,-0.6072996258735657,1.590441245053658,0.12012995592315856,1.2582762586303078,1.2380606050727017,0.5537202157288533,0.712443623347499,3.029159140027173
848,0.14506937767293038,-1.2845224142074585,1.373678348549796,0.027741097593552037,1.0345274535002562,3.6322295422716153,0.3315393827937204,0.13895655477653585,3.066575176871106
849,0.09152683633612536,-0.07275369018316269,6.832433646201409,0.2585667471313293,1.126447425177739,4.086868780695071,0.08191778193002058,1.1557187867523213,2.2330087964933734
850,0.0728456527448248,-0.6489681601524353,3.576996126617734,0.08681346276005797,0.7594002553027903,4.338739615369436,0.17493380306748008,0.4941692261755757,2.937044091668831
851,0.06528660578530396,-0.03808492422103882,5.387025938733927,0.26977594497155777,1.6832462775336483,2.2201011644449875,0.5838220725919964,0.5063083212915991,2.6048092114956862
852,0.15976005496509493,1.0888690948486328,1.3028300040096958,0.11218718075469228,0.17034856693217834,4.785266053960736,0.9579150035634773,0.09708718115544768,3.601262402971528
853,0.10314268380770152,-1.1916519403457642,2.973548473792585,0.10832748114965887,0.7666088578599843,3.458577861734106,2.437047882680379,0.8070279687881018,1.7161480539462735
854,0.1574648810457839,0.04768449813127518,2.214393649509855,0.3000293590421068,0.18769020025884403,3.4004453142310904,0.2814594999354289,0.20471798768592153,2.4195826082937866
855,0.12931356852027084,0.39523231983184814,2.070264530452332,0.1438747347063575,2.269231976092009,1.4956739730829232,0.32637696869986266,0.4528103629082371,3.4762422284325663
856,0.10655245703333796,-0.9071237444877625,1.6323357430116143,0.1772440876008383,1.510938426410672,4.260216406704152,0.4362810350381923,0.3333231543513498,2.651423914151265
857,0.08208769940957462,-0.025237632915377617,5.402524170935473,0.06271896733740105,0.24132091332200759,4.698129450091632,0.8387809152913847,0.13274642792457242,6.275592452594042
858,0.09007586118164305,-0.4416067898273468,4.27976334403358,0.07651841805117056,0.4348999488545412,5.972295202254534,1.014921604316723,0.7128194310673762,1.9935460774005929
859,0.1377157835318532,-0.3401950001716614,2.306050454192728,0.16738098149953656,0.869160106236768,2.500517343241781,0.29916887818487614,0.3787292852129364,2.217529662589648
860,0.1052319220684285,-0.6569815874099731,2.5879894557798346,0.12967445187673213,1.3833079175868122,4.404313304662856,0.4244394985490216,0.2162470952323392,2.980041018811755
861,0.05949169907255344,-1.242643117904663,3.6687392692415903,0.3063527057749301,0.9657853016832353,5.252459968289101,1.3870576113390312,0.22548538660153652,2.5410461885405144
862,0.06386876641014622,-1.3819645643234253,3.3763462483387747,0.2258607277508552,1.7467346643956039,3.021573195061471,0.748691700005525,0.9049741459370801,3.643144405911055
863,0.05827203300993368,-0.20570965111255646,4.0012156578440745,0.5187086613926625,2.8009278518614877,2.693006810629379,1.8757016117516878,0.13002006677428682,1.958862829261015
864,0.11473114521237673,-0.405803382396698,4.345514767012553,0.20674923488083596,0.5479510315379895,3.110282785123007,1.4649607163256924,0.4653057309087505,1.6560714073772458
865,0.04890320279343354,-0.0645427480340004,6.087158758973013,0.044540707688925166,0.7342199912347035,0.7126350173444429,0.3904246730788617,0.6880911158845775,3.702818145196017
866,0.07070767499847012,-1.2713675498962402,4.528593931564596,0.18518169179235264,1.6443269839898143,6.865300537171852,0.5739234308126661,0.436429805428915,3.3698213262600953
867,0.10741775984244287,-1.010874629020691,7.056993208720049,0.1801220671245432,2.3531919287156167,1.593665639698584,0.14589604166541428,0.35891124924872636,1.990461403111945
868,0.0842325356964281,-1.3419599533081055,3.5756979402443547,0.09077551725133906,0.29241197199554325,1.0790914266649136,0.8768756169396613,0.06657295129630333,4.041941147187273
869,0.18908489731611872,-0.31434834003448486,2.75415750860791,0.06649894851197827,0.42795349043555836,6.365926466581275,0.3722836713892654,0.31441809836440765,3.0592540013928393
870,0.08364650497717231,-1.3207284212112427,2.726546807844131,0.26805566199380265,2.106238936651452,4.089499493348487,0.49588901319206213,0.4293790793605761,2.014149298376975
871,0.1211543558152495,-0.8811906576156616,2.8809205528858444,0.11223720974678321,1.189774202555061,2.179005447637901,0.5389376028500024,0.5895272138431478,1.7464190207886832
872,0.07370988736175349,-0.7841962575912476,3.210571857331743,0.20311004101250396,3.4860454050784946,1.5759836416696413,1.0658383513577068,0.20907008073531344,2.110377207913945
873,0.19055309733447162,0.03193170204758644,4.933086166149039,0.17917463643496664,2.06877800254983,2.584378063801646,1.3568597325061407,0.16692580674081334,1.9073871288843305
874,0.17085516938792206,-1.5556464195251465,1.3462871653191935,0.08568463182353261,0.3744138647341034,1.4099744356709139,0.3112769723101321,0.25509910244042416,3.3977029125892857
875,0.12720759153634173,-0.10994794219732285,5.063157614042926,0.038165998504711605,0.7521141753227376,2.555467759176543,0.33599411134359936,0.25454010761181617,3.958503522509349
876,0.08816350612863948,-0.7763525247573853,2.4359448874201153,0.023874807177963468,1.7232989959980152,5.18950601561056,0.24824534522303757,0.5323473918217008,2.8238304592438777
877,0.12955748457859434,-0.41651204228401184,1.9728496156060975,0.1483873164642583,0.7283477932786117,2.655363069465385,0.6727388471761806,0.4146733805635141,2.3623213786865565
878,0.04671746241791432,-0.3616999089717865,4.288790926992196,0.24799558637910105,1.4786647394793184,1.6835858261154906,2.195404569130842,1.1325406044339719,3.5434964937351396
879,0.14868466783449094,-0.15381427109241486,3.5392647076131687,0.09282545049785339,1.3629677045365398,3.965759817216471,0.4337955703481745,0.1746482776152009,2.1469705780963566
880,0.25636752195736995,1.4885210990905762,1.3225729098949492,0.13841138248331258,0.8253543142804185,2.8481586616175942,0.49911449283215625,0.339564502555122,2.588509042786541
881,0.13674400925532348,0.37779104709625244,2.2507630302781987,0.08842240827367223,0.33301042605203784,2.964359830554869,0.6835327921987714,0.34117680139388357,3.8164226587382832
882,0.08181369078327222,-1.159817099571228,2.8929247619420275,0.08463551007831382,1.5833532323183357,3.427617066111766,0.968920235878699,0.6047530346245636,2.702207361271005
883,0.09364811008077789,-1.3809419870376587,3.151027036863799,0.3585774632977418,0.2773307686672238,4.999771273749704,0.9538448451190218,0.26470494959084295,2.0634606215007802
884,0.12408130804369413,-0.17182737588882446,2.8216671144955567,0.4120800177322108,0.38517150568544084,4.513731995417903,0.12040310218611652,0.3606497157144422,3.534640187202075
885,0.11723288710867084,0.30553653836250305,2.7968786122618097,0.049056460828192726,0.8876575981858054,2.694271650366076,0.651057983992773,0.4141497225427843,2.854480189212243
886,0.14483059390801367,-0.943726658821106,2.846156496077674,0.12966625918392682,0.6305992297832713,2.0301768532144533,0.326406850771656,0.6112078223963886,2.1431571529129188
887,0.06991662005078264,-0.20417650043964386,5.206314953975951,0.07755300121451913,2.3443998526943974,6.350900996712054,1.0921372228872859,0.3486544843317265,2.5381073292404106
888,0.08405811838872301,0.11670799553394318,6.28973790403197,0.2211404219025805,0.5573326179257634,0.4936484751254725,1.087442545015027,0.3488624437196688,5.964485204467811
889,0.0925651094066839,-0.042779386043548584,3.709465122374337,0.07400541943169471,0.8454226680641356,3.3987172785026845,0.9607359357476615,0.24475781167534824,2.974891172161411
890,0.10316774521552276,-0.08724576979875565,1.98512877654584,0.10942748558170991,2.189925136858792,3.2650582619494344,0.4102266565561677,0.6721445914604162,1.5357633554179155
891,0.08571252168469597,-1.9840160608291626,3.1805478779371255,0.19688104440716214,2.0859126572872615,5.748365497488204,1.4746719268585615,0.5021384051107964,0.9778042202097511
892,0.08795722811175344,-1.381235957145691,3.2608503367825303,0.1425135093308245,0.7670104484971709,1.530214491815228,0.3450497572340332,0.7471853217280318,1.2512859376071772
893,0.07292614463296995,0.8296555280685425,4.188505383049512,0.39324259442834153,0.783768977067388,2.6348213643911826,1.4509404078290211,0.5963387652221446,5.394517718999022
894,0.10086091554826566,-0.8167487382888794,3.1315467652642464,0.21663639369044382,1.3158772571022936,6.6623861374343365,0.3360239926722576,0.10377139559622567,2.727402745387986
895,0.054755397449681206,-0.49750298261642456,3.89171758341983,0.14050690228154644,0.9969261424594995,4.115566795987145,0.61496459171381,0.7156864707040581,5.1524464984753875
896,0.11645734978218285,-0.7694956064224243,3.1832702080076687,0.1777210847971986,1.4456791035930454,2.248248877646916,0.8544092266691762,0.715372084575557,1.424105684121347
897,0.10499156602893049,-0.13124611973762512,3.473956319125411,0.28428255268645797,0.38550325397851354,1.5182774447917562,2.068159331627666,0.5487055164422739,2.568686913562233
898,0.11443323688491287,-1.6320265531539917,3.590113928923247,0.11387614143000797,0.9195086276423228,1.0985183848201843,0.719858830446922,0.4223899160636925,4.148756979501946
899,0.11629461836467594,-0.8963326215744019,5.930927289984921,0.22070029884027942,0.3242539309928457,1.1887371881247428,0.392054437546483,0.6821753034396494,1.9502995877333535
900,0.1508075777842761,-0.2898823916912079,2.488386639171752,0.29509272202016124,0.7787413211370017,2.527654080555727,0.5892794687880826,0.25804703012994346,1.192274312310113
901,0.06955859721113174,-1.8924694061279297,2.677201005236756,0.6374888649134745,0.7706194079870601,4.044589708513725,0.5010887588764498,0.34511376633063107,4.646228444561248
902,0.11114865072434152,-0.99282306432724,1.9424488863759815,0.21229186203135872,0.42210911633633447,4.1161830530461865,1.2148584140102996,0.2876892069379016,2.2370707683514075
903,0.13646046789493327,-0.4525226354598999,1.8173487909235544,0.2956808468250899,0.9674816521638937,0.43241789317784457,0.09637547420577883,0.4334476850496978,3.946644783650281
904,0.10159700153603392,0.5637439489364624,2.984683822836928,0.24045455086433484,0.9408885996518165,2.5644798035661873,0.5457259973198809,0.9075876155918069,1.837475787337302
905,0.14048203113695149,-0.8036022186279297,0.873475211795859,0.06025755436739609,0.5535212025874013,1.4613771036675547,0.33311774686353673,0.34337576363488403,0.6901866824032604
906,0.19219681232619704,0.1303471177816391,3.9167034722370038,0.09591017664887648,0.6452965931813666,4.077465589886388,1.0558757829427876,0.10440468648918376,1.981456949109371
907,0.0608149226323892,-0.15148726105690002,3.5210387359800817,0.46087858111822044,0.41453202651280235,4.896426364764064,1.7673899323572402,0.158409476690375,5.391282727793044
908,0.1507477599842948,-1.5204603672027588,1.1515751669957366,0.008499658588263855,0.6138941245766404,1.3373850613707359,0.31123278088321077,0.3768691185546266,4.780510880452711
909,0.1375708484844694,-0.8965858221054077,4.449713419638472,0.1994735921721597,0.2666441803979075,0.8522577762740815,0.5860912274360399,0.29647668565815194,2.276643002410125
910,0.08034461133247474,-0.6781143546104431,4.104422410653108,0.9962636264519575,0.531717979676375,7.0445031638104325,0.9668945629539536,0.4612370457058612,2.687949060962933
911,0.06844697383334529,-1.6927130222320557,5.9905233311831045,0.11521883446362954,1.0331504034647074,0.9204135043085049,1.2109151764223898,0.543073641100678,2.319313188542207
912,0.24204484286279668,0.08138909190893173,0.7492654690257673,0.18971136897971977,0.9910705766972049,1.2989819660638218,0.5798997012327468,0.6913783149558722,3.158327242727504
913,0.06020264182906464,-0.5346056222915649,3.5439907569114504,0.1644203983062317,0.5175742749327678,1.6943960174508645,1.0142639910696234,1.7681419370572895,4.381787771369495
914,0.11904789597595748,0.18994958698749542,2.4039603293686644,0.12743231281578837,0.5782544432689203,5.150451285772483,0.2370605855839152,0.20254152719718727,2.016613564768749
915,0.07338291595175352,-0.378690630197525,2.5347974508734867,0.3583975915036165,1.7381865873967695,3.1566221493406825,0.5950776289381797,0.16901176178183633,5.569388567428623
916,0.060276952291650615,-0.804975152015686,4.254355197554474,0.6623002343123092,1.437375565155993,2.35938178589701,2.6456474771533727,0.20807168531433579,1.546946829577461
917,0.12294580399448289,0.03496767207980156,3.4680703422390042,0.2813213307543779,0.26891755346023893,3.227410435125622,0.570338165259015,0.2979598316688299,1.2395463450867743
918,0.1104466684272973,0.6773949265480042,5.383309620717922,0.016953459216377992,1.641624927679903,2.427096635022448,0.8400536963593179,0.1482944598212726,1.9969856865435718
919,0.1514276221798087,-1.598935604095459,2.4206040340507675,0.11874619619870724,0.5304418158732513,2.3124084917633576,0.3536553996698412,0.09350614822998721,2.221609425664207
920,0.14084944910181946,-0.6333750486373901,2.6389546405253324,0.2217010865238507,0.6339280886675271,0.47116975622514684,0.06702560370303057,0.11150237660410255,2.9553707979538504
921,0.14176136236506934,-1.2741796970367432,3.538536560288529,0.09808438782234347,0.12100404260254259,0.9207486626725914,0.2287119681317065,0.21038495365052906,1.6265818725338492
922,0.09669345758869297,-0.49587497115135193,3.808858835693419,0.46313697992772485,0.40707675510978486,1.0550897959458656,1.078682219240112,0.5648341112424536,4.274084136405553
923,0.038684151050693935,-0.3789963126182556,11.721592987981984,0.7930206544667788,1.2434900371346462,9.306673520719157,0.7704879144706898,0.11111730575926781,2.3161485055581417
924,0.08297241434945393,-0.15531782805919647,3.4027871011907003,0.20005207138091474,2.543481893550803,2.9002174557362363,1.331253144790978,1.0369259040464904,2.758639123239207
925,0.07873802502576739,-0.8138718605041504,5.520591483111068,0.03843507707053369,0.3436634834489353,4.881873640845056,0.5480804147604093,0.29317992930301223,3.3143898173903357
926,0.09185713492984728,-0.7571582794189453,4.273085612417337,0.08019543172181477,1.0926740994553161,1.103452576307346,0.7850734453861857,0.4143478196422756,3.4815331707099966
927,0.07364489294887916,-1.1206752061843872,4.043915233178414,0.15226748177376084,0.24266657796207997,4.05590427062329,0.14554170729467603,0.488708892621049,3.5608677759914973
928,0.14411613439052315,-0.726153552532196,2.1236962666080483,0.06493803102635859,0.6207146898645557,1.5395672778777083,0.9086045961467399,0.5704637218874873,1.3402838624737994
929,0.07515160723157388,-1.862188696861267,3.4475094209424486,0.2347443829288764,0.5609034567916037,3.1539241125759037,1.6148862609840429,0.6969181393601189,2.8636409181219715
930,0.14058933511476174,-0.27199792861938477,3.685939680312082,0.047622483679814136,0.7343097325897339,4.55164788457578,1.3331546689497848,0.12845835819569493,3.509193898443358
931,0.07031005437852844,-1.3977335691452026,6.104903393328824,0.0967949232083887,1.1743775289807137,2.2884492896029385,0.05266567365434683,0.3842650667327279,3.2120411111187193
932,0.08755952009630283,0.2470284104347229,4.811842604474542,0.1973074869738838,1.3709247433096607,3.0773427221559264,1.1343399942130603,0.29119180294094665,2.0953726867870697
933,0.060276707982675315,-2.1515679359436035,4.92819702680208,0.11427071837792702,0.9889130400506652,3.9213239099682027,0.9194440467292329,0.07043268359323497,3.796641334364977
934,0.05978861210430464,0.43613144755363464,3.978108464209142,0.4600561895446416,0.6450212399671024,3.358396707828743,1.1945515264141522,0.06165949515438651,4.5700699365257655
935,0.12991777867314633,-0.36969301104545593,2.4925155650637736,0.2877898810369879,0.9191907198869956,4.755546534703903,0.7432464025195131,0.43875199877461984,1.4768400556474848
936,0.1085393685252939,-1.0263861417770386,2.621416233372159,0.057200059943045015,0.7178450268128919,4.868715724226049,1.198378010976678,0.47773879437122135,2.430858265050565
937,0.10308994931487427,-1.2416484355926514,1.6292659177666673,0.4607259253438634,1.243396226090961,2.953236584555107,1.7564084061143148,0.5350473950312444,1.4329156569043942
938,0.12091714993551464,-0.2940712869167328,4.368509427370887,0.2235401372255398,1.2040983786037642,4.668145798889605,0.21191143174738952,0.26104193800979913,1.9076222525005107
939,0.050373690364002445,-1.4066458940505981,3.677762774182904,0.1146632999153063,0.22204127485628522,1.569477624531011,0.25013128293382275,0.12727663828317465,5.635259095449214
940,0.10401552990257919,-0.7964582443237305,3.6136868058968803,0.12739172861916379,1.1165660886065019,1.8358839165492484,0.9906794145724441,0.2857208068646337,4.503554963896153
941,0.14759954154599952,0.19893048703670502,3.155255352215061,0.30014079171354174,0.6136083426834771,4.335582114121177,1.0331182858516545,0.3193827122154105,1.8422944954532052
942,0.04752298972462071,-0.8616769313812256,5.308159914415155,0.1735549533281698,0.6483918920220407,3.311117584984649,1.3139275402375643,0.12946710427463867,3.662829779444579
943,0.14401880831102407,-0.5948810577392578,3.015053422544992,0.14209610905179884,1.1752757412058104,1.0388178014873495,0.6625861429549849,0.27049322419139643,3.1499664314936
944,0.03880221950996536,-1.2364897727966309,5.089392152023454,0.606990887074052,1.7159682368528504,0.7710050388487187,2.043208950459177,0.43331485928861496,4.73449813946867
945,0.08987007964341419,-0.5994037389755249,4.30794101311904,0.07813537707906949,0.33249717039131665,4.760049326460483,1.950618014023135,0.055488042370744436,2.762819408745046
946,0.12635552361890084,-0.32284724712371826,3.1564298665698622,0.1967379525999759,0.7079095432554751,0.5470331613389241,0.17317241542726705,0.4290838634109765,1.9272625549239955
947,0.1897038834440662,0.10110215842723846,1.9247909082669785,0.18260295609263857,1.1859775408417788,2.2509737991135585,0.7062606412795297,0.48459379738539277,1.084746216028788
948,0.09272250849453764,-0.23135949671268463,4.452396168952623,0.15894519089967785,0.6633158063262163,2.872328346809617,0.6708287718940006,0.4478098543031355,3.605658150685587
949,0.09744774461990095,-0.9682078957557678,0.993786588270914,0.3809460606508217,0.2067456611794586,3.435751380785912,0.15152180849650723,0.07954150968122214,1.5700136534334428
950,0.16562441051365406,0.29373738169670105,3.4498494853123707,0.3819066274066105,0.5342872958164545,1.3525281143398504,0.2768276495140515,0.3364596162488674,1.9967495457353588
951,0.15649347278946096,-0.19743046164512634,4.018033517766893,0.5254514574056502,0.8066434439374327,3.5384728650709674,1.2300369187870686,0.20946366241890726,1.833061006824669
952,0.06579824710385383,-0.495246946811676,3.6556871546949132,0.07650703500853308,1.5346272322435899,0.756382894024403,0.8587488317634965,0.7086520527119948,6.386448409677664
953,0.13663887463227947,-0.20537836849689484,2.4778200224173634,0.09377848141115525,1.1303823197245977,1.161111445152289,0.5364832152073253,0.32118143365757695,1.036192662280413
954,0.04377631559057216,-1.2187094688415527,6.410469084646778,0.13545572290637659,0.6497262039055108,3.1591850306268947,1.6230016062066994,0.695564580511978,4.298362222814027
955,0.13440666112948946,0.24897055327892303,1.591274924727465,0.2435286590578678,0.6457177237403537,1.7658527800114323,0.45533328198201556,0.49780675320490636,1.2564856177404056
956,0.05786424425781522,-1.0297753810882568,5.087951436778329,0.3654912281994491,0.9644174873331957,5.554527263795031,0.9367261716831649,0.7000455038658411,3.812457529526657
957,0.07194532581543216,-0.8422185778617859,3.2306989201432574,0.14421679268122248,1.9143273720425422,0.7932683405116328,1.3962355919656377,0.33444876255263845,3.3022712076855854
958,0.11741758959777236,-0.16603825986385345,3.585631979617876,0.09706651273847165,0.47399630835325857,1.1073597410011928,0.1650994229510683,1.0670002848933058,2.671738158109506
959,0.07748149609381814,-1.5430556535720825,3.6598168703319502,0.364631212270973,1.9732314705350293,4.9096691203166385,0.667719308178709,0.25976621449117576,1.2639416387704272
960,0.08085924075527755,-0.7125280499458313,4.539772894014735,0.08501930843899483,1.0332636871202263,1.1682147213003022,0.13499909792309409,0.21573429636547928,3.177727109722159
961,0.0944087529150651,-0.05997324734926224,2.786021444390936,0.5892715308642364,1.1923407777851485,5.306253052136156,0.9973775034690381,0.6824768496921598,1.804752933003633
962,0.06426638606860519,-0.5320749878883362,7.918051894368167,0.26270746965736874,2.021590668529852,2.1625167790810127,2.080838091127127,0.5682859964057179,2.490399405444057
963,0.06536175272986473,-0.23698315024375916,5.945841542399392,0.15495257404510032,1.8310099443156456,3.20776920141983,0.86056731217664,0.6288030463621916,3.3444506541307684
964,0.17590464257402888,-0.18964466452598572,1.6968447657609513,0.16068320821007284,0.949504046099104,1.8555268131690923,1.5842897584193882,0.6437867983030251,2.995885513932174
965,0.08784596542908961,-2.0251734256744385,2.597372552079851,0.25086112671852123,0.922283834684191,3.9164196028019593,0.9220232267461639,0.2771767169268242,2.0170524610254956
966,0.11880150104121835,-1.3856582641601562,1.5835451087392953,0.05424086394316417,1.2775234865491323,2.183879659365326,0.4156901502510227,0.8045942502117063,4.066201395901397
967,0.13176156791399812,-0.2920514941215515,2.027478597058109,0.13175506529245917,0.6982932281289849,1.1165815954525238,0.06383777074262456,0.5524872956966451,3.183916899734966
968,0.09418766065739191,-0.022317085415124893,5.044280459670881,0.32394847579403774,0.768134295753276,1.417620597697893,0.21058383040899886,1.1025032284808653,1.2263941237288112
969,0.08821373677738487,-0.7282917499542236,6.290819951550511,0.41021037223756845,0.1603461863436887,2.5379247372447655,0.23744172103027,0.2146278690308041,4.631343170482158
970,0.16804590784209686,-0.49336954951286316,2.0718846312731842,0.18759209172312896,0.3969683845759975,0.6560425164409164,0.7022152715243591,0.27182934071654974,3.141631872856486
971,0.10601957150285168,-1.2742708921432495,2.591748166677746,0.08121811076176716,0.3205183997755575,4.600379419075227,0.762807048510686,0.6949908812330732,1.6607765545315316
972,0.11455954502739076,-1.1263089179992676,4.114987421881498,0.25546714843616936,1.2848902344888433,2.237574849611503,0.836017416339211,0.36610328792572283,1.9647445352187098
973,0.07535794167085881,-1.2387547492980957,4.641860436432336,0.4917224566600168,0.295101657315048,1.5107271628893302,0.5475096078088403,0.35151658999890595,2.56012271148598
974,0.11099701580600983,-0.2880239486694336,6.47815727057987,0.23755913195811557,1.218129659938691,1.4239368187818031,1.9793945094760652,0.24281681920100803,2.148627013063789
975,0.12559968500955224,0.3527429699897766,2.7394598424350307,0.2080481971785031,0.6976211561018141,3.906674555694453,0.37058385045606124,0.05644027514163135,1.951376098657097
976,0.05861726798819096,0.02226763218641281,7.1313592739031675,0.32933804393482813,0.20924381701384256,6.173674118267409,0.41733514956566015,0.2797535425347909,2.3283728207776027
977,0.08575931121351439,-0.906278669834137,3.688639892331183,0.18869266864975176,2.6704125881758314,1.3439002306175685,0.16045035735207439,0.3562671770655685,3.4894522410617594
978,0.1926650772561668,-1.2465275526046753,1.8030124028487566,0.2243329606140572,0.7211863276239995,0.5695124179142602,1.0040107108439762,0.3953557066617951,1.4509219871121957
979,0.19443895540258055,0.8574576377868652,2.1921201795738128,0.08793217176969567,1.001374843167956,0.6633106072701457,0.4205110885386633,0.35791739303539266,2.866023665503627
980,0.20099614750772338,0.39435526728630066,2.4638639657399355,0.15219627116618736,0.9184869152621712,1.98506724959365,1.2245384179076542,0.34497749388141397,1.7720366726514696
981,0.1555123913565147,-0.5633679628372192,2.814906139030127,0.08491083087365729,0.8463410659458119,2.380714058811734,0.11252682551051069,1.039128995618746,1.8121055477292813
982,0.13326439410868668,-1.0859037637710571,1.6125833739947162,0.1520675813901843,1.4241640850384274,3.1302285137761072,2.6329464124354494,0.22026197073223397,2.4966617588557067
983,0.08307201794078478,-1.4742928743362427,3.2237136894590552,0.04957179492623245,0.5206914671669737,0.5332109356079379,0.44593005490496024,0.37383097994443537,4.3676028662675055
984,0.07013688596157364,-0.19258639216423035,6.022285152082241,0.0681839932684405,0.3042925902425902,1.681098394899809,0.34392479394559966,0.3470735786977356,3.590250883513311
985,0.10051158825393082,-0.4810543656349182,0.88922939888737,0.2538208609704471,1.6985050798388686,1.3344546684381335,0.14187294144401622,0.520603023134,8.196479156727431
986,0.09132464192901193,-0.05166970193386078,6.161600751389842,0.2289336821249142,0.8459990364860857,2.4333866132366384,0.4480781045913246,0.38334709683224394,3.232990867086818
987,0.06165831910406441,-1.187856674194336,3.3208671855468546,0.19171268141594702,1.5404067467664941,5.485100559436017,1.0592543329232647,0.5790308082839661,3.5109818715144816
988,0.042623572908275884,-1.2759455442428589,6.357403910431792,0.02815121063076948,0.3200359953496799,5.874013268694418,0.058445802957986535,0.1875635367032392,1.9641093275650714
989,0.06387641107288643,-1.3553117513656616,3.7779887976907593,0.12856909136444475,1.3184965613884507,0.8084317161732271,1.2023676913559023,0.7804615259844424,2.9167976146474874
990,0.10522567503177326,-0.9724206328392029,3.3440679340276462,0.16704558261802777,1.6594103618876583,1.7270033380600787,0.0965435416385541,0.8442808715876924,2.714499461253329
991,0.09393805571762213,-0.3105170428752899,0.1969517958457651,0.1923497167031783,2.3024540986585222,3.2051894494752715,2.086463387914944,0.26911911015907747,3.4058352564455188
992,0.06290223387814381,-0.5844593048095703,2.084679543163471,0.22059745256490482,1.373223839267458,9.869121373203917,0.45399221178419696,0.6099751913851613,5.499159857437682
993,0.16063029185061004,0.590986430644989,2.7293945791541683,0.13979675576532502,1.909015738462354,2.8439519763754544,0.5346529811888387,0.5891891021972488,1.7870727092341279
994,0.1653795295897261,0.3771253228187561,2.0958009918912706,0.28806769774275304,1.466606938730356,1.2558210300828772,0.7617748771923145,0.7925687148744854,1.7032074372767914
995,0.12887380811306498,0.14563603699207306,4.102804663132811,0.19021701997616808,0.9176742408724156,1.3586997562349625,2.5942103600202246,0.2732692472560206,2.08252120606675
996,0.08251687945834982,-1.8675929307937622,11.882351880363,0.04376814411423784,0.15495968584601158,3.7681111275332957,0.10801835722182432,0.637706132478294,1.7722678934536633
997,0.12327774708351463,-0.19209997355937958,2.529560948820384,0.06849328658320676,1.2671962088214495,3.559544466741784,0.3121703065991748,0.30762859166335926,2.493792664076632
998,0.11579011767805547,-0.566415011882782,2.3780282421623355,0.3475313984411866,1.099420362243189,3.833542152782284,1.9059453000904194,0.4909658428332446,1.585704305325325
999,0.08293384809317687,-0.9492020606994629,4.5122320810332095,0.15581770496949846,0.24929325436113728,2.7988431098035287,1.7371904097519466,0.08731446842747147,2.827456573168562
