,beta,delta,mu_inf_SC,mu_inf_SI,mu_inf_AI,mu_inf_AC,mu_inf_AA,mu_susc_C,mu_susc_I
0,0.20310873353611303,-0.9450066089630127,2.0357634772117947,0.853303482575751,0.2023359900259448,0.730231305931696,0.25822443172389353,0.581878373654564,0.5282685468206073
1,0.15404436536507105,-0.20801083743572235,3.0623269755178035,1.0625289659154822,0.37533283623913555,0.1394861810189719,0.1978623000141668,1.0727828048850294,0.7642638086720639
2,0.15017487248797787,-0.34760573506355286,2.127562182541381,0.9004814781914229,0.24216294220759968,0.9076833780998633,0.40213932099118344,0.9428599052184943,0.4672804929115223
3,0.1351500716215885,-1.3622939586639404,1.697660958139134,2.133812681320968,0.9497998568616469,1.360888066129848,0.38704420571800613,1.0365897206392327,0.8088156833691664
4,0.1687461611387618,-1.3351068496704102,2.8799227109103245,1.1916090622659685,0.5604720766784784,1.5868809378264566,0.16046324958466882,0.49325444259688794,0.20775869506304767
5,0.21865552966560012,-0.5740314722061157,2.362366296012774,0.8614553196226454,0.6556542390400864,0.32918100151188473,0.16789342855882256,0.6941767834164118,0.7106486019505998
6,0.2455035528264731,1.1844233274459839,2.8861564688482457,0.5417720311981838,0.33923965020021396,0.9862088626680926,0.432607013429195,0.5902490852243519,0.6845010526764571
7,0.1320610671723557,-1.8090038299560547,2.9693735697034693,0.37769430593444886,0.49281390021060884,0.7675807104607848,0.23436215711838812,0.7420306726344428,0.41680042873261336
8,0.17860203528290022,-0.22393816709518433,2.630759165080371,1.6781307510526897,0.3494223711594284,0.7724486324750205,0.22741136943833068,0.8975313877086598,0.6248482466960363
9,0.14914108395918063,-0.5939818024635315,2.742510388413128,0.5233292024134033,0.397074566397218,0.5079916539393938,0.2386487712218915,1.6971115936082404,0.08246686476595864
10,0.16922965924305558,-1.2443279027938843,1.6797913768456627,0.5382997892589936,0.2659642463083561,0.3691208414006801,0.07198762063988938,0.8901480103201258,0.7889884989128738
11,0.16312663336848218,-0.6660411953926086,2.681268911317322,0.7260599303948716,0.566972552849988,0.2747814348437601,0.38384921815761136,1.295448171646709,1.3265195333609003
12,0.18372986399008812,-1.0670936107635498,3.868520957488872,0.9177939955096212,0.9180144549146686,0.7414777353340857,0.06291606268847412,0.8916732904650648,0.21672003141001855
13,0.18213934369388748,-0.5467314720153809,3.3909309583640668,1.721462682800635,0.9136154067832648,0.36315713326100973,0.2540159171727054,0.9073894143659424,0.5022748136487132
14,0.129785583526965,-0.733527421951294,3.8275273534971883,0.291713377571356,0.35024405225376976,0.9155996513944272,0.07474403528584804,0.8829499324245383,0.24596580975005983
15,0.20630838659219347,-0.4929702579975128,2.070493568661774,0.8619785476798753,0.4384591195569503,0.6351698434217313,0.043525938903495806,0.9797369376999997,0.6881813308297213
16,0.16035088864235617,-0.2952990233898163,2.269588676215423,0.4166171507614663,1.0276211369833124,1.1054297745412167,0.28356190048731544,0.9138614640557571,0.7178314634944184
17,0.13427943845943388,-1.6793253421783447,2.8662300335466164,0.48234963626727306,0.3050573092160827,0.7345909100125018,0.08449606933460595,0.558732719995423,0.9635647013798503
18,0.16809501500004395,-1.2014524936676025,3.847137549473799,1.0515007029829964,0.15286526213232007,0.6397987536783889,0.15401032316222854,0.6108776115521923,0.6062642776578073
19,0.20099839981748968,0.37173178791999817,3.0477238166763017,0.6542218226573344,0.41289165286890545,0.2762766624308706,0.30990888000375844,0.9084391207984251,0.7490030945653781
20,0.11735201671925702,-1.075432300567627,3.989191870571943,1.2623316630458337,0.1299614914854193,1.1514733280433656,0.10634442309362278,1.1976831379302095,0.7483075730008509
21,0.1520307681462652,-0.876392662525177,1.8728537568074974,1.3652464172620946,0.1733610575652842,0.7480650187399056,0.09590795859802488,0.8975243662496851,0.3936176109821059
22,0.12183919390661976,-1.748914122581482,3.15214248474945,1.352249087526014,0.46095451584643304,0.5025765886057769,0.1982613225311767,0.6122862325167052,0.4931020552149774
23,0.15353637006663665,-0.6536290049552917,2.211262730362746,1.4381449116454377,0.900699611058879,0.8290747903150691,0.23594292439103146,1.2286110182237675,0.7006474717910294
24,0.14437318691478457,-0.7616212368011475,2.834365273594151,0.8622725052128923,0.3932414459148463,0.9487262351692313,0.20902382858641486,1.5090822367930175,0.5873001675713792
25,0.22167019337534719,0.38033145666122437,1.998056049598698,0.5553803733074683,0.2479895259607322,0.6330960791582884,0.12238843239804277,1.0894808049091058,0.3942401828395303
26,0.11728315287784716,-2.5074987411499023,2.6619191777509954,0.8293198839924115,0.28404759489137316,0.4382500957955013,0.16091990746669133,0.9173141002041129,1.2321652494052264
27,0.22797749677970208,-0.4220984876155853,1.7652850312166557,0.8041388543049869,0.383829153626884,0.39342419550108654,0.20085226765741057,0.9201632902385243,0.5129657130125613
28,0.17187423034063048,0.011580524034798145,3.1195786203007216,0.4439227307219043,0.37558813801698254,0.4139073596748259,0.7694722947007592,1.155316767895426,1.1839646278949487
29,0.09450588330358899,-0.5551139116287231,2.890477266961102,1.5276518740936889,1.0717582268303723,0.6147655153627847,0.18917354803027003,1.839191375119705,0.6801877558529306
30,0.18756042878407062,-0.09992734342813492,2.7150797265039275,0.4577464818562171,0.40797700907098244,0.7800817780583914,0.3691056608043747,0.6849699784146958,0.29845189956081464
31,0.15682185472730698,-0.9634767770767212,2.085248218840074,1.1773427039865716,0.4586927063189605,0.7397831634609507,0.7103883176218404,0.9985624543886892,0.7924863784777547
32,0.12803527260741002,-0.016269424930214882,2.588900035981737,1.471740656485468,0.40125125506536113,0.5436818522388875,0.4142285006577667,0.7978583947528729,0.8712209785385333
33,0.10215915924083055,-1.6514906883239746,2.183307249499613,1.0656347050505983,0.29609431156667215,2.2915649253658854,0.3821859682535479,0.6355697231944243,0.8536636533914362
34,0.14945998859650717,-0.9057456254959106,2.0697629808581937,0.7960786708608093,0.1221367833232425,1.0311665875508909,0.18131729419152465,0.7264191496300486,1.142953807501564
35,0.1337542104976391,-1.136088490486145,2.6024700476262668,0.7176166452962,0.7750931932794248,0.5538101597418088,0.28243659930008624,1.1057313555320387,0.2890575034564813
36,0.1671328857911952,-0.8114328384399414,2.193656501720568,0.8995255419656877,0.5281851436558552,0.6567832552883407,0.6688301504877293,0.8603643793289374,0.3877813124556306
37,0.1412042600783408,-0.07188700139522552,2.93040906510416,0.8209268673418042,0.3000300743686943,0.21638322362085455,0.6247906703447401,1.5218057389458124,0.34385903778779975
38,0.17559517511139847,-0.39596298336982727,2.1194291707891684,1.2902142717269036,1.4287424124915715,0.917198699714326,0.44392971617902593,0.8329894179567435,0.2852949586229925
39,0.1343804508384742,-1.0977959632873535,2.641115957564294,0.7513393605987615,0.4029656259761242,0.5854709227557122,0.11205886615140247,0.6320124525477261,0.902489684331286
40,0.12288206569551907,-1.3060455322265625,3.176253862579169,1.0389494095706064,0.7866108690504716,0.04760348073411529,0.19366246287102248,0.9789158368909179,1.2577950626294485
41,0.1969160883094159,-0.5500242710113525,2.1947014599380386,1.0850494299743518,0.5054790669405372,0.36931481195273597,0.27632791364668086,0.5026057664983902,0.7979742140685987
42,0.0983852069216442,-1.0559417009353638,1.888643363392823,1.544550660127689,0.5046881098231185,0.8666312957115692,0.1743641535548151,1.105312754081148,0.12068239379228331
43,0.16912335682142637,-0.018366310745477676,2.820927536155162,0.5628973599403486,0.7296917061443631,0.6598503457779098,0.5499841169003133,0.966679077924978,0.44296694624630384
44,0.2034596325457639,-0.5048437118530273,1.746025274987385,0.8255828810668264,0.7528465301108901,0.2352045217379607,0.08409554329654834,0.705566749350802,0.2106106175991631
45,0.14491468233546326,-1.3735713958740234,1.6302193976885233,1.1995824605974943,0.37629663117807344,0.2766238479300067,0.7561707587856525,0.9858156402889693,0.7878390355910424
46,0.174349874276478,-0.504158079624176,2.0062199829982057,1.2503973981939176,0.8430671474285989,0.5181997935877359,0.24765749375578786,0.7997448879543213,0.7661867209695179
47,0.1367032950294915,-1.1261706352233887,2.855520616436264,0.8395823716504909,0.6204168021733203,1.424484653647423,0.29234090471538526,1.0777098824028597,0.7242072706739623
48,0.103185259842413,-0.9460201263427734,2.917044498749,0.7714960916109573,0.09482375679889349,0.7038370248546846,0.22730989393835374,0.982117817740884,0.9684734023001775
49,0.1703561010446198,-2.062002658843994,2.4319780913632796,1.2844504413781233,0.7339837313590567,0.4800060192770429,0.09084659762280108,0.5077125311083306,0.743123145381453
50,0.20125093824347975,0.47197583317756653,2.2304178238925942,1.3504690734877927,0.5925009455573497,0.6394232725087452,0.31623601677463536,1.0521807394494453,0.3938729776888043
51,0.2244425784506823,-0.27593106031417847,2.550755437935838,0.3438719502555899,0.9963080119610677,0.8040875344553413,0.22730764486105035,1.0674614792403554,0.535426461791639
52,0.12380155887615073,-1.7077025175094604,4.284937730506844,0.9753902674988222,0.6083654703713159,0.8571721193680779,0.21096288328695148,0.44190747925675256,0.4952962711797613
53,0.17448360903048638,-0.21859249472618103,1.578747450302103,1.4536835940328818,0.3532192808948228,1.0563487910751241,0.22798665562461054,0.9031126088086371,0.949962999741188
54,0.11877592678426205,-1.4100960493087769,2.9838759057748305,0.6665011333013288,0.6236788981329526,0.4224284125348452,0.49710376620220414,0.8987043605825141,0.6853349091691775
55,0.142471416969241,-0.9808908700942993,2.605175803145912,0.2676122419323044,0.2540537410286968,0.9442082529151744,0.2681886585870507,1.1276710717108611,0.4618368956588634
56,0.20520494333889708,0.9694066047668457,3.170456139617444,0.7942598703718721,0.26440156170569945,0.299394393446822,0.1945597319424588,0.9071596243798782,1.3175993073459995
57,0.11473702648098569,-2.337322950363159,2.8249058500330206,0.8346401650652422,0.5587106404993996,0.690911179314191,0.6301673944225848,0.6768083788277883,1.0900102684595154
58,0.12751832354289858,0.10274029523134232,2.936253270434795,1.545876282694031,0.20482261118057982,1.4155022003072453,0.27240555317086296,0.5196794489634825,0.344038297987104
59,0.19219477320056907,-0.7806774973869324,2.4810448534978984,0.79961756358359,0.5767284503143454,0.404415349562478,0.16419614594927587,0.8405440480243395,0.42282627209340057
60,0.22562488292820498,-0.877525269985199,1.454367437414307,0.7081043618759122,0.2667349143982246,0.30521535895949303,0.17331646553698052,0.6516273239483589,0.7363771649908831
61,0.11729503753509186,-1.6530086994171143,4.100258260300958,1.096009294589623,1.1110753486307237,0.20911103339207812,0.1227079869677282,0.646183728605234,0.640003113518131
62,0.18020958769199028,-0.7427623271942139,2.519015121947194,0.6998712362104359,0.3412920430536407,0.35028467964125587,0.13414539577474277,0.9634960319882881,0.8631092690541462
63,0.09214300738034277,-2.59358549118042,2.8107549335239557,0.8347674188134027,0.44638165653510825,0.8508152283023646,0.11422016421313959,0.6887828677122504,0.2041603784129227
64,0.1463676428894286,-0.5533877611160278,3.2877084162874426,1.3319441353283958,0.4252381404442083,0.5317580092669043,0.4479100655826834,1.0406159521759113,0.5899651325948866
65,0.1864376498536418,-1.0411217212677002,2.0927287278465516,1.0060370301446795,0.12392396562295308,1.1357268352021588,0.27327458981042746,0.6743762884197427,0.26381454028527307
66,0.1331923530873497,-1.6249902248382568,3.416042927498799,2.054145033479892,0.6523649245799965,0.7086302999846179,0.06640620051182299,0.5267405745270434,0.5082653559164088
67,0.19523043030497242,-1.5452009439468384,2.204914545181424,0.6268156343787773,0.286481914571707,0.21678080394570487,0.27409819893909976,0.7231096335612454,0.7470844551408856
68,0.179437184655807,-0.013687005266547203,2.991538380436245,0.5806630810889304,0.41420087353329693,1.268743966995305,0.05063016659138317,0.5174628881811882,0.4589140240609793
69,0.22330636951152605,-0.4832776188850403,1.7532418758685857,0.7294685558664464,0.6780712785046487,0.6724491187349626,0.11062985765023585,0.92650510738129,0.8316139206717783
70,0.14349381421177979,-0.7762515544891357,2.910736739572435,1.4886390084284535,0.050923764656621726,0.27880995382766066,0.32685537133394815,0.598782827734762,0.5110864080456448
71,0.2118945070097682,0.25075218081474304,1.8974296002259816,1.1984144581249194,0.2712108586249782,1.1731462738184422,0.4583188446090781,0.5646569173407453,0.5184463004881873
72,0.17215955091675808,-0.47074416279792786,2.310142845508185,1.281776641607574,0.4580782641115372,0.13095790378585048,0.2514613187259148,0.9394666010112939,0.6481720269196285
73,0.1109462963872376,-0.35863861441612244,1.7854268084441423,1.6830833506418479,0.11551760367424906,0.45307329093685217,0.307701504608252,1.133756670175331,0.685753189022096
74,0.22995955083422578,-0.7661922574043274,1.8628836294596864,0.9509112116228906,0.7761384834669744,0.24443975138060584,0.06219163814252346,0.8550375245486265,0.29697051696386095
75,0.13831007705048468,-0.8559072613716125,4.371678401307449,3.0119575110625703,0.2389990664043896,0.4354930088447172,0.19273571516316038,0.887797082605055,0.8146511053045136
76,0.2115526391844367,-0.3726927638053894,2.2069022957858326,0.5451225176091581,1.0160380551099293,0.6781805322877745,0.13758959464509646,0.7408651293053585,0.3663375507143836
77,0.14314690105992883,-0.42369186878204346,4.243164777296826,1.5400652772507413,0.8221347741394813,1.0372653805092495,0.13170497131341968,0.7919615138699667,0.42529403241813485
78,0.1075402729272591,-0.8032556772232056,4.233582648387359,1.0323237343515232,0.5549790090893965,0.594492317339756,0.0801465947914119,1.1801986746628672,0.349788038000141
79,0.14135897141931414,-0.4154515266418457,3.7060369832698443,1.349709341249118,0.42577640255031496,2.893372429406009,0.40900183459841744,0.6860058577811108,0.385548706715621
80,0.09262544429959721,-1.1169220209121704,1.8800094178563371,1.2764993483547566,0.4250044876416152,0.1801209935165601,0.3771456964423633,1.7879725853494606,0.5001263768630175
81,0.09252038586117957,-0.7463852763175964,3.7171647761292137,1.5058230213403523,0.47483306227678634,1.7872811767935557,0.1666667226481972,1.0042926554020433,0.4953029727096326
82,0.14717992969995045,-0.5184609293937683,2.150189756389138,1.1885796718329706,0.8230156467742838,0.39375185675569785,0.17628348592345663,1.6186627962681939,0.5966390501566621
83,0.1124428300575704,0.12958498299121857,4.17825116911508,1.5863072387734194,0.8027438648106607,2.1573756941509576,0.06010516058377998,1.2370210606136132,0.4540901255824058
84,0.1444758331336231,-0.1661345213651657,3.5028686222232674,1.1609571396817207,0.13040614489305102,0.6057833515825627,0.11100008564355218,0.5723643788069388,0.1823212349070225
85,0.2043109632974487,-0.860013484954834,1.5691504739556503,1.3349946533505441,0.5973492992421778,0.6443791995724584,0.23669213802435937,0.7298591952176702,0.477812693881935
86,0.14595884088727296,-0.15992622077465057,2.4116247745697956,1.1394220875771386,0.18238123167875725,1.2296355063572437,0.25501548814401503,1.218911461847759,1.1360658495486475
87,0.11778677281584146,-0.22933250665664673,4.38215552106493,1.2740612250358165,0.4051819161681299,0.9172887854815742,0.13060855037586652,0.8692174184909593,0.9605545001337327
88,0.164940650885998,-0.5047340393066406,2.612928985822763,1.066737370644238,0.29384602362221873,0.6581328349602876,0.11185746822134483,0.7712559276556401,0.8177637736367533
89,0.1449792713340722,-1.5485572814941406,1.5117265125752515,0.6664192817440815,0.934072707953727,1.0758040581898223,0.7642335160799906,0.8703716555993306,0.6896950077181132
90,0.1384303256906056,-1.076729416847229,3.151838881521119,0.7859118918690431,0.5273840238735523,1.1930120894875542,0.24021005312545704,1.0256737138412964,0.8105992893392878
91,0.18472139714026586,-1.2555757761001587,1.4286362648887834,0.4666955477118114,0.22175973985274577,0.37145474012925045,0.1249896881075724,0.5802112821270576,0.7155974911516525
92,0.1672060420397933,-0.5931411981582642,3.993063763933685,1.2292414052168277,0.6200473923112502,0.5170305548099511,0.15409481821313148,0.8048012856278364,0.7885356729486314
93,0.13068935123521944,-1.56788170337677,3.675962171420633,1.0032131156148532,0.28333324638577334,0.6590620313153404,0.17311978183798582,0.6728554232080508,0.8231630964524526
94,0.1684676021405185,0.055518340319395065,3.2752063121837858,1.5346256772388902,0.7119354355414896,0.676043120898469,0.32210422951572093,0.9171865700429991,0.5591314999284248
95,0.16416440046750888,-0.8894116878509521,2.694392096386721,0.6954236138778586,1.108293361852445,1.1117480365002501,0.09526636103931091,0.8242444359857568,0.675806810068075
96,0.21297671322679906,-0.5480377674102783,2.008568233880804,0.881409470599065,0.2867607931777601,0.07666061145920447,0.5732870268565935,0.738660311901967,0.6609010800445028
97,0.1991641096559215,-1.1006295680999756,1.6848031044289393,0.5927025978149061,0.19755359823771715,0.6568509836656643,0.1680830324117369,1.0298776934264116,1.039981515792572
98,0.14932512119760163,-0.6984893083572388,1.6905019335617069,0.6084961523879495,0.48824662517457756,0.35872902905677795,0.7907786487370331,1.3919427003056466,0.9454906742118475
99,0.12441913492818313,-1.4292278289794922,1.571575720488998,0.747435142043661,0.2468479979078517,0.7439569967767705,0.309441373945164,1.2233478117877266,0.4748020723177845
100,0.2248476225562859,-0.07074693590402603,1.8258748556111262,0.6947272217159868,0.2118629851321684,0.5789844937901146,0.4506511503431128,0.750579906168797,0.8197634881222563
101,0.19289026696513986,-0.11585800349712372,2.6669296971499508,0.8900346083009184,0.4049601524763874,0.4801960311816349,0.14725864102835315,0.9318198440716456,0.5149912687350869
102,0.15526495084791433,-0.6380404829978943,2.4781053751200246,0.8894971533153786,0.5949100596647233,0.8301159988523986,0.1499216084741415,1.3231422745932477,0.40428510693971054
103,0.18095793883419856,-0.021861735731363297,3.4622434527624377,1.5731032420509545,0.7133746169132797,0.7911145857466707,0.10643101854755947,0.680522373330724,0.5144932543006776
104,0.10657560266865972,-1.8382761478424072,4.636667912620589,0.8462562707056323,1.5455685149656886,1.37708449731337,0.07512192373252743,0.7323192282692128,0.3600844170076927
105,0.16764984935808275,-0.6513681411743164,3.3268078950156137,0.3249914766560526,0.16945484708777264,0.5990721312878416,0.06042522902036799,0.28591904002178375,1.4281088372241904
106,0.1140070533757044,-0.44658610224723816,3.9765679974534622,2.3243099231422772,0.38292423034697576,0.9957456456125843,0.08673712093879947,0.7199202972480638,0.5512418423801428
107,0.15055082386569346,-1.5035444498062134,2.9064445569956447,0.5125725757256046,0.2807901847523717,0.3216839710311867,0.2887959796614878,0.795351677760631,0.4561731151163827
108,0.14492038325578477,-0.2601621448993683,2.559977292385982,0.4024219472409312,0.9268397424497865,0.5111879821925663,0.2120292855948186,1.3951332509510541,0.3622804970325977
109,0.12020097847767966,-0.4643387198448181,3.42304702176722,1.5291301407467486,0.7642232669785848,1.2589167452314496,0.8645516621807092,0.7005934340492712,0.5112517581603366
110,0.17634509056317563,0.16388128697872162,3.3123236618919,1.1025540432446217,0.9732154590402046,0.8093170694660258,0.20598351160899336,0.5810129226735874,0.6443479746304769
111,0.09454171590884938,-0.35674718022346497,3.471341671973019,2.991733814122111,0.7390410284584195,0.7226317402128144,0.43761963130529696,0.9697360358235365,0.23131668843971817
112,0.15398634757228757,-1.1788692474365234,1.9164582859835755,0.5593472661486072,0.42167973361368083,0.8844669049234966,0.5044986303412925,1.2027072961274854,0.5740705120069827
113,0.21286350926330674,-0.1363595724105835,1.5009426724144324,0.6961466993412769,1.094649902598823,1.0987394485462274,0.2832069862306509,1.2736343620671136,0.8869075204089704
114,0.12354594379230116,-0.6954725384712219,3.2006015624481154,0.9854685493509977,0.3720869217426987,0.7857626844752804,0.09829186945942245,1.1474600479466512,0.18319945634208962
115,0.1938390616852497,-0.5252289772033691,3.7351999687775477,1.4466011062130342,0.08963172431448448,0.41673400319853593,0.24692749188268054,0.3834355108425287,0.5408875621012473
116,0.11636057138410451,-0.9228549599647522,5.22349340800861,0.979467739560768,0.8626635590210996,0.4022137767505433,0.29550624503448336,0.6428257242614841,0.13364047718358837
117,0.15061462121895045,-0.3451749384403229,2.01642678334159,0.7349035797591211,0.10783064811716618,0.4856041152834978,0.10411018202319997,0.8053254913966138,0.6475416132871141
118,0.16059287979877945,-0.43058228492736816,2.1341893097753797,1.583311754958152,0.7450661612066333,0.14537714961969175,0.30456273749242224,0.8024055961444604,0.5150992988365648
119,0.17241794472059443,0.5296192169189453,2.095803115523398,0.7674947255667774,0.15370798295716429,0.14287413023112905,0.051178307031418006,1.3901690173000807,0.7034906079536798
120,0.1359230631454125,-1.1294046640396118,3.251615701952719,0.6317767521564531,1.1301080988346834,0.7409220745279271,0.2160278558041177,1.1658244044129125,0.37472826191442565
121,0.1996289777769695,-0.6998381018638611,1.5742034344833202,1.0556414189733194,0.17211853029205612,0.30939069359039645,0.10465422800031585,0.6012301698802189,0.4314538062251151
122,0.152586850480914,-0.6433956027030945,2.2667421838735633,1.0237688568208754,0.4919983018411882,0.6219267066081805,0.6674834800400568,1.6897907051410597,0.7696784127379392
123,0.12188355938897055,-0.3738611936569214,2.9488490390685342,1.6740024295980598,0.30725567838140383,1.5509950855814933,0.7677883354029427,1.143760338487308,1.033234626014634
124,0.1560998716751908,-0.4180574417114258,2.341995232729297,1.6291128767324352,0.24059215075326162,0.5445094168196412,0.35600230301963587,0.719840144721482,0.2968447969419289
125,0.14507423726082558,-0.3701503574848175,3.44250245137371,1.302187530843332,0.3220065218954717,0.9946875206034936,0.15654566085503108,0.6842003452604221,0.5954593665010436
126,0.1337617685200202,-0.4695781469345093,3.032168629573698,0.37502436948539347,0.32486861025371766,1.488082909576119,0.14874779851104367,0.8380692102138434,1.3705728076656316
127,0.1415020101906706,-0.8627139925956726,2.010739091655349,1.1529362286066807,0.7452280954881768,0.20639832140024128,0.14022374907714497,1.4336871453319315,0.7065129069898982
128,0.1770977020024158,-0.8348939418792725,2.184873338003693,1.1691650662901976,0.24814155415200226,0.6127876249511005,0.4241617606127824,1.276344961616525,0.30210699415266257
129,0.14148795954933657,-0.5573378801345825,3.622029527044448,1.0900040801155524,0.2422287992339037,0.39824916635004415,0.30928168888164953,1.159977046351749,0.5399232070785935
130,0.1544729774542364,-1.0681681632995605,2.8378469259669425,0.6175635747979764,0.6609902516038558,0.4768968630970795,0.06752438512617437,0.9918974903252382,0.6999770349081698
131,0.17748778947437477,0.3961232900619507,3.6771902376777956,0.3005436893964634,0.06496909621527663,1.0204083440133174,0.13847483922749698,1.0613452761686148,1.8103036508309418
132,0.1515111156919892,-0.7381139993667603,2.4160565893380914,1.12948983026977,0.1495424328570204,0.3673729619868586,0.4072761542046411,1.0866140910547721,0.49993947419457224
133,0.14207466567286645,-0.7356711030006409,1.8250271530769713,0.8522426384489628,0.3018670924251481,0.31923209135370934,0.3934362489391662,0.902378199377742,0.5815695372451446
134,0.19331437973513277,0.2099882811307907,3.2283758853980298,1.1327384610570344,0.157718666514351,0.6401697047624552,0.0833037329811422,1.064219725321764,0.4336508771606493
135,0.20255294802450027,-0.37925347685813904,2.3511206223338563,1.0947237311847362,0.2827480414055257,0.28969668769585916,0.15671942297212588,0.8926367037960402,0.5336074343857923
136,0.1590590886783244,-0.7233259081840515,2.3743834616812176,0.9685509307672939,0.3553093164870381,0.2222287042084054,0.0609284282905009,0.7993584612296948,0.5143575436557963
137,0.19625396319083782,-0.2946983575820923,2.575030859673281,0.7890376675698346,0.2774138949781663,0.6145774562287796,0.20152961832690952,0.9151587860691441,0.8176014771548085
138,0.17332373833788778,0.4366034269332886,2.433882559442606,0.7198047697453316,0.769268960050843,1.2115526236289724,0.23827507158338213,1.2618892680713432,0.4960226596995043
139,0.1541099370810893,-0.6093822717666626,2.7766081742303137,1.3526008327905672,0.6564102480223125,0.3539483574177719,0.1666063540584959,0.9664244986242044,0.5244131833296578
140,0.17185788089239323,-0.28182151913642883,2.064763393147756,0.9422241631513303,0.12807920703998782,0.2403223869116761,0.2921269707073426,1.2246978527124677,1.1233677581498578
141,0.1732384880627821,-0.06007532402873039,2.4404133946649673,0.8991929570147601,0.5998039385379952,1.0951468245305642,0.3027218009668168,0.9277006080066491,0.575725690303441
142,0.11674040250651324,-1.1734793186187744,4.434266089815278,0.6036241527923731,0.17241625931553492,1.7325425151839116,0.24669711513886575,0.6248976153797118,0.6614352845756796
143,0.16987999597236236,-0.27159008383750916,1.8858273395052905,1.518782543883004,0.43546066711770626,0.49823949369277043,0.5572221404450478,1.1537018900376914,0.7513110580763259
144,0.14731691626674243,-0.8951562643051147,3.4004680147283852,1.2971434482833533,0.15838362676642637,0.4295446467166696,0.14861421154887725,0.9392237822590475,0.8957694090189499
145,0.12610882600051568,-1.5376639366149902,2.1657045342477796,1.1625828832492595,0.14960507168625772,0.5197841250731778,0.15710007156017552,0.9318671937987828,0.720502614830966
146,0.13211346995765913,-0.7072417736053467,3.041492043787246,0.5779572448067314,0.34891272680475893,0.64599108328051,0.15578438512981185,1.0621997160481464,1.3223451853321186
147,0.16565669504798197,-1.4185969829559326,2.4114685298620895,0.3038795953425247,1.2012441960722695,0.5347709369302713,0.35322892353391167,0.6746051427398876,0.7660311677412599
148,0.14470968474916632,-1.5111933946609497,2.5595867006514315,1.1979725598831057,0.15399622374145117,0.44747369373598134,0.12401168851938452,0.7385962545427832,1.028068427799489
149,0.11628269645280642,-0.7886367440223694,2.8749822085532997,1.1681334821285216,0.38104268759138177,0.431038450921058,0.7457598924049721,0.7952544408055652,1.433879216989997
150,0.13152638990314805,0.13378018140792847,3.013734990194016,1.110824979168238,0.20754415234879003,0.6739100157780185,0.12817906964700013,0.6723051428313855,0.6353846921298246
151,0.13843473184299435,-0.9571766257286072,2.1157893843250197,0.41567431800879745,0.09475936920261874,0.795277205393654,0.9763726364735352,1.6359738490344442,1.1056107939906967
152,0.14598713545986797,-1.1157196760177612,2.757914421122847,1.0574675324721123,0.08895717112970683,0.7353330687523719,0.44649139489830186,1.0462083790552972,1.6566857908306176
153,0.16693575659075366,0.17043907940387726,3.402851193519876,1.5491329448979707,0.32847137981787206,0.749347848374676,0.16742410628202103,0.683228213797529,0.7137556805413623
154,0.1507312639372937,-1.6671541929244995,2.288563870325197,0.6361108455732801,0.6548742164201976,0.8300812778522411,0.21555131661430987,0.975113454627652,0.5272094653477026
155,0.16307534233158993,-0.13165536522865295,2.9481017805617933,1.4777832968943405,0.22002284435747502,0.41214290095037204,0.1288134151287203,1.2360469258737699,1.1799481312207676
156,0.12886151833501108,-0.7101753950119019,2.762589200073039,1.4355915215158896,0.5171670323664609,0.8886914965351738,0.11539480616562899,0.967834494296702,0.2254364972683155
157,0.1281510183874972,-1.1670373678207397,4.178744303703589,0.30805608270950247,0.26897949562598567,0.9057562052280845,0.20143539341425123,0.5428393349492703,0.36401996459688296
158,0.15909227445142632,-1.846343755722046,2.495326820077693,1.3280529693343233,0.6890418481169968,0.8542608135230494,0.11721882885097346,0.7801668945399447,0.7455414267315916
159,0.11062381766223857,-1.541772484779358,4.259353644403938,2.280732688762174,0.3643004014305041,1.3004865921203377,0.7216851812987708,0.7670932242895576,0.3373515797373629
160,0.1205545946298649,-0.5025946497917175,2.9994103890946175,1.0076590666147343,0.2994365470043315,0.7437151656011387,0.1715610956271282,1.0283869619952186,1.3979075677194113
161,0.20126794856811167,-0.7337802052497864,1.9228930066332763,0.44786761853674073,0.37639138331562794,0.6565953358333803,0.2820390792919962,1.3541362896336542,0.562936549219588
162,0.11586459639279839,-1.177050232887268,2.3141553231263674,1.5399454893774605,0.768306945127116,0.38269459786039306,0.3859997557131084,0.9278559315841247,1.0002438951276569
163,0.20706776399007487,-0.7360647916793823,1.7217572931974663,1.8664960363091758,0.6245515394828429,0.38306302579630364,0.05821254520341282,0.7982490683405706,0.21607011983503693
164,0.1631823173697429,-0.8696220517158508,2.342560376583155,1.4704355287885582,0.7843717785852473,0.45117677529616174,0.17562333168342012,0.8609186310487361,0.20975308987041405
165,0.1217775971312334,-1.762477159500122,4.672492310042171,1.0309268528406057,0.38780144489540785,0.7397205959934575,0.06957705772127014,0.5901210029646304,0.7322646464442402
166,0.11425154002681807,-0.046056199818849564,2.639441667542312,1.1198317205810142,0.6966249732982666,1.1408186268164886,0.41560163122843874,1.4723586601885978,0.45970530098634055
167,0.13688875857415944,-0.4728936553001404,3.4352480518493587,1.1443236578578135,0.5448987922707073,1.2468114024469463,0.3387165917943862,0.8856842570526102,0.5364313192226751
168,0.12915608848860088,-0.5307557582855225,3.7701186602428667,1.8433093030539982,0.581847923081349,1.267659032643479,0.21271790481847422,1.2613310934125472,0.8872259498405829
169,0.16558208485472445,-1.5741089582443237,2.3745033357746483,0.762608134278001,0.5726914700243529,0.9632253110006107,0.25014678876012897,0.967922179558591,0.45210526933320755
170,0.13499507469640679,-1.2390072345733643,4.459588025325818,1.0562021243282704,0.27881301162418787,0.5773741808257741,0.3306676747333334,0.5010335971622019,1.2141102565788517
171,0.08066268668796674,-2.0662052631378174,5.814811687290055,2.0708913606311348,0.9246250729712238,1.149962297540329,0.3075839281835628,0.894337586238878,0.8177382816965271
172,0.19714178139556102,-0.46893060207366943,1.4632562480998161,0.8886625554456609,0.35091285275964385,0.36766899908040196,0.21576966087052415,1.3429912123842322,0.6691875194955925
173,0.15781546768432883,-0.9009113907814026,3.8954818660407406,0.4110229306727491,0.273067511993762,0.5336493238491535,0.05998875470101961,0.7505523256685274,0.4491134413966538
174,0.11343339743019992,-1.2409340143203735,2.194475424293947,1.3389504907519707,0.976074513027645,1.0745558527641823,0.456295731467167,0.8891335495703804,0.49620676713248246
175,0.19432610677503537,-0.658405065536499,2.463640017870103,1.9839171650270786,0.21546137467100493,0.8609643152162569,0.3428093421635395,0.5822474794268179,0.2829716018007195
176,0.13157939616741068,-0.6682972311973572,3.476006028248651,1.4502494019874799,0.29311975197397183,0.6701144094047259,0.39194069733208114,1.073557480179149,0.5174656332325247
177,0.14931842819355662,-0.36545228958129883,3.237215324144991,0.6414338555035282,0.3885644038875984,0.8173031038485113,0.24318740815185066,1.261997186634491,0.930382073051404
178,0.15140975217084782,0.13029998540878296,3.232278336312422,0.8198497213628837,0.4941612734486485,0.9221806435189197,0.4882060880965306,0.9964036157550726,1.00849346198663
179,0.21528860962530805,-0.6190369129180908,1.7776664622823586,0.6131787314498454,0.44890774008482265,0.47955838659008543,0.08726435453561379,0.8682226001995571,0.7119546799193209
180,0.1626334466734244,-0.1302563101053238,2.812544431513161,1.5418641788834122,0.9745373667976106,0.7476348668154839,0.3812301069590623,0.905659195286995,0.33463660015188895
181,0.242503564981091,-0.894102931022644,1.990575776075841,0.5782309374909185,0.2870752582313498,0.7838093643246014,0.1173458615224471,0.6606057002661392,0.5630416490080931
182,0.13811007583155216,-0.6442611813545227,3.3088329680267323,0.9150252493710169,0.28014466856945197,0.622120778333403,0.48287268597252114,0.6154042942206972,0.2735239817464569
183,0.10480936662109999,-0.6726948618888855,3.2585196056738113,1.9295846331960986,2.1645985493031055,1.1169291500490273,0.6156019996344126,1.0432410231167106,0.3521930265119783
184,0.17938301049798375,-1.4585384130477905,1.4766843889392711,1.0928634768373313,0.5810716945697644,1.2489932689625047,0.2686700875482394,0.6792099899578451,0.3382964754807687
185,0.13689709753650153,-0.957541823387146,1.9687165117180663,1.1746677955281304,0.7476026933750783,0.5932736291004717,0.28709024787513915,1.1220680619145724,0.42720922778331666
186,0.17407698466294894,0.19244226813316345,2.000288034191796,0.9865114053916172,0.6368414919108923,0.33817168308809636,0.11551947651434988,1.228615448702616,0.6928838667790049
187,0.15647593762477802,-0.5771756768226624,2.8315797869499764,0.9467297631608461,0.44349476374626884,0.2407774140965225,0.19092199345786948,0.8566931177335085,1.0301894311985407
188,0.09257166420358695,-1.1663765907287598,3.6232633313595604,1.5165541958023596,0.2678527304791431,1.2785058090679235,0.11941340751721306,1.1604466712660133,1.3167778121677607
189,0.11353643014361701,-1.4622347354888916,2.8615917092151415,0.7894587011359782,0.8072696484571138,1.7314704132001066,0.4825313434956668,0.49262626547006405,0.6834978570587136
190,0.16859051415787038,-0.6193577647209167,2.2573671349089053,0.6539963748937587,0.5638544853693295,0.6652887497172769,0.5569229714048298,0.45559080461435364,0.38176991208615074
191,0.22818220453101296,-0.8027222752571106,1.570243549794256,0.9893989779729379,0.4706865677945003,0.5478775505055613,0.20726234375103755,0.5995670270427721,0.6240307578308484
192,0.06948684184334811,-2.0356881618499756,4.424370020710653,0.21681895051519132,1.5656009668341975,0.6124101094272243,0.5074140234946252,0.7917957251216536,1.5419114173720967
193,0.15778852966772877,-0.867100179195404,3.1088574834571028,1.5225680020486556,0.2799463007115003,1.4088667900505603,0.6247296548862974,0.47153445447867876,0.4800895980809165
194,0.17214350266490833,-1.38698148727417,1.445048482708268,0.7652542628920186,0.38213544542267225,0.6994781564720032,0.8274556289737459,0.983973581733747,0.4232722369318117
195,0.12504462132472466,-0.6975889801979065,2.875492570756654,0.8351214706076201,0.761224695370856,0.6006929758601732,0.3713032198124924,1.0482389593562849,0.8113259294058168
196,0.2022857053881005,-0.32048019766807556,2.1170643709381327,0.5136735874027553,0.24807151675461142,1.2722686334050193,0.19879203729884956,0.6255316352383181,0.6736571443682366
197,0.12388435107071086,-0.20050249993801117,4.939517957204364,1.1745788615069952,0.689237472206803,1.1042688976528872,0.2756803317533677,0.8295200308273382,0.5003298705116112
198,0.13136555734249622,-0.8143898248672485,3.088306009456521,0.8496370036839068,0.5686762397440501,0.6351766770211479,0.42840266707457814,0.5201333424160074,0.4650551350618802
199,0.1960425602664638,0.012746227905154228,3.1964245040733017,1.5059890754810834,1.0043615983659706,0.781513007810744,0.2967910140955789,0.3663951134023361,0.44832350719567093
200,0.13724311382627413,0.15609969198703766,3.14179366607845,1.197541763374636,0.19254180437961202,0.6735287670814799,0.30627500088320214,1.206870481648851,0.9708428382689316
201,0.16958951731706282,-0.8868798017501831,2.8240331158628753,0.2982390041913865,0.4535315589698092,0.7335438811253586,0.10150286765412321,1.054511924741534,0.4601865149008357
202,0.12525181399004326,-0.9412593841552734,1.9751206632553964,1.0414007470418927,0.14017048538819368,0.8655099922208676,0.31188787157399855,1.4084543652055872,1.8039252513781472
203,0.17789381342975347,-1.0127795934677124,2.1001365532518155,0.5185767225181002,0.1697438000279934,0.4373840504118509,0.2143258641773485,0.8447272922216035,0.4375607633099255
204,0.14309924801147486,-1.8561549186706543,2.096515778063437,0.747480250893511,0.09936980023926602,0.29112498852914787,0.6466117395556524,1.1492035017682194,1.0447177669115464
205,0.15121817028175566,-0.6911103129386902,3.348865065180606,1.268842829057326,0.8972971881691978,1.805107739202069,0.3922516919445673,0.8622386748239853,1.0024380012444223
206,0.13134172499256302,-2.3359103202819824,1.759688159873854,0.9272093152966311,0.34717649207224055,0.3766060770558815,0.6342803621484736,0.4723666935172386,0.5179893097735152
207,0.12164643394968964,-0.33341628313064575,4.774639013332204,1.0750502048531085,0.38581272804467404,2.1189722923049006,0.13425635783525264,1.196396623929591,0.147891171196176
208,0.10343526524332834,-0.6568236947059631,4.85027325071737,1.255801531088611,0.8012084809421605,0.5761034266080852,0.5102799245576145,0.7815139860292657,0.5577314623621965
209,0.11676400734522781,-1.1286468505859375,4.361620951835038,2.3020495596471107,0.18674345104418416,0.4703326454896409,0.5159545147185635,0.8755773150833271,1.007663000159211
210,0.15322708739870974,-0.31067392230033875,3.8310948183223346,1.9178451948520479,0.650215661296679,0.35210281298961493,0.12969544608224626,1.1962326381664914,0.6996463836656563
211,0.12137145092762351,0.44487130641937256,3.0344832350899824,1.9006146680767046,1.1769131704363303,0.35968110128896363,0.5854225229136819,1.67920045256584,0.5845505114250739
212,0.14022186018486116,-0.8704596757888794,2.5767246497732703,1.2270095140082222,0.13504935007726113,0.5650009208820409,0.06333734187224836,1.092477616443681,0.6607520149041176
213,0.19285352555473048,0.3299853503704071,2.855640781782724,2.468358823495796,0.4753020923418079,1.2356280672921272,0.06890103260430834,0.8945154616436707,0.5724604222091129
214,0.19774128842603725,-0.6029351353645325,2.468905014332561,0.6055907847827747,0.07564217106435989,0.858312765967762,0.25527867692449047,0.4233113436748198,0.5223005698316339
215,0.12612109380551978,-0.4579858183860779,3.2790140940656127,1.1900754744231525,0.429134019684426,0.626823835198972,0.48072620113002507,0.7078685733904247,0.49362384806773113
216,0.12709154641508835,-0.8613444566726685,3.9460430897953187,1.3223198456152245,0.2606732251280301,0.5233964585219816,0.4246124494720012,1.0026835095834834,0.5534340764251753
217,0.14216677992386068,-0.4705311954021454,3.25056928880983,1.477145583308434,0.33289734583516095,0.45529344223654467,0.24969602150118161,0.49480205463388843,0.48063125276100377
218,0.13025851400339658,-0.6582093238830566,4.021664441234394,1.2200523353761257,0.14664870923013829,0.37749015173959666,1.2060094741692804,0.9873647090588699,0.5170854435528557
219,0.1399694458240148,-1.2656720876693726,3.472866091565774,1.5147771489911614,0.38133169268175404,0.3265712121473139,0.3416187385861606,0.47858235465045657,0.5816215012708082
220,0.13642931946479298,-1.4320789575576782,2.778531935761955,1.0585972032342883,0.5654348767539231,0.5198633509289751,0.14745026871218742,0.7060173659112915,0.7531140889280364
221,0.24035381654782334,-0.9163882732391357,1.9455054222630672,1.054022462198652,0.08519161720426342,0.2989632049759388,0.31430649809481637,0.5306563475882522,0.5201411860730153
222,0.19565306441966682,0.1462508887052536,1.91266071371968,0.5262885065861658,1.0053862063930812,0.3234973496671057,0.11754971409980237,1.6177823679918153,0.22573238727324163
223,0.112135035236234,-1.5187960863113403,4.262877902487152,1.7026183224763243,0.2495796929796564,0.5412787675612889,0.21811907754919072,1.2668173464282915,0.2636108913737676
224,0.22498675115132455,-0.1825769543647766,1.993967949382877,1.2591390252918875,0.3050071650856043,0.3516602664128136,0.09620453400157415,0.6808154584392653,0.5272732287689923
225,0.2741582295815596,-0.051267895847558975,1.4720532013552232,1.2494507291019454,0.4044520631944889,0.12924874768949682,0.08315401524826949,0.7286133550465617,0.42521132504366194
226,0.20305549734134837,-0.41378864645957947,1.9806192961738283,0.9017466173319083,0.5432994667775457,0.5568608334648834,0.16654279104538705,0.5772455205329844,0.6472952408914873
227,0.15706496088189753,0.8773510456085205,4.345969617405046,0.08251044645593195,0.37062787548882203,0.6613327490999279,0.18882977388468664,1.0252987445172952,1.126343377445866
228,0.22032938346611075,-1.1287486553192139,1.6356730045338361,0.78010263201616,0.27785013742179987,0.16318375688685316,0.1805477623439806,0.6381471657765784,0.9412701492159475
229,0.16151014011077858,-0.6766608357429504,1.957715324254062,1.4691725842109349,0.3734350147216698,1.1268197527365615,0.1386501936460336,1.2058626605135163,0.2661709824704629
230,0.20662559608165051,-0.48417261242866516,2.9459001215855523,0.7149202699447067,0.16568116440017425,1.272088523536763,0.666566864141296,0.4973547930656032,0.8260487470105379
231,0.14412553214707227,-0.8041598796844482,3.0285532682670895,1.2088105280168777,0.35720585969645735,0.8118776368571445,0.2463450517121942,0.697163826833587,0.95902419619947
232,0.15238020922385725,-0.5242839455604553,3.925755579099376,0.626939012948622,0.27581612495151253,0.6174888373111452,0.5487908841695482,0.9169451853643635,0.7996221747909765
233,0.17670276327351453,-0.243386909365654,1.967987584395749,1.7298343762714274,0.0881886494154162,0.46413741929667357,0.10323587709263674,0.8607576845553716,0.8725814842210593
234,0.22300645503069016,0.44314995408058167,1.9568003468868505,0.29294851339928185,0.27678485126837804,0.28244841738962084,0.3546308262784457,1.087215694282626,0.5537110406103696
235,0.08084844560258643,-2.050976037979126,5.482175902941783,1.4951799902756977,1.1061072937143632,0.5636353343340356,0.2498123446832521,1.363072791500309,0.720625191149598
236,0.20157015123230662,-1.8091371059417725,2.819924588961068,0.7062010352718103,0.4650466252697784,0.5204624435646322,0.16494010033809814,0.750129618616854,0.536594666249126
237,0.12086302138949574,-0.8193986415863037,2.2023904324056707,1.0373621888269802,0.30601770769812175,0.854478031490087,0.34732609569618944,1.1752422919028767,1.2798713100863985
238,0.1629834165979715,-1.1783194541931152,2.303666906496846,0.456301742119997,0.5443052788634307,0.7916073462800385,0.4427741943109931,0.575663856326903,0.6913841461047422
239,0.15556297266783475,-0.4303666055202484,3.394292991855324,2.0592049477167276,0.3739656769926717,0.7936145592407721,0.6456706549064547,0.5400292891429865,0.5793664056501087
240,0.13524441917513289,-1.0780552625656128,1.8171194868085645,1.2839214878864877,0.47811991937591564,0.6582548250275615,0.0832653899127062,1.1874335828290654,0.28465547573892125
241,0.15197557404802212,-1.4228371381759644,1.6640995039856858,0.6873677119710051,0.13757207846920116,0.4041030930481416,0.4469060842227399,1.0714774473474913,1.233627921803414
242,0.18110963103388758,-1.6446574926376343,1.398158430456856,0.7248231459789807,0.18331412552966364,0.3514760292256135,0.22259305185731423,0.6513880745466729,0.8261375741473077
243,0.15164586042091244,-0.7512001991271973,3.479841914884797,1.4007338629545807,0.503356195807032,1.20374428232448,0.8845160595475734,0.7566394876624787,0.39615921791223596
244,0.1616660339476219,-0.8286805152893066,2.0316923173351586,1.0461783731726086,0.3693627370978264,0.7389262643708102,0.2499472545020045,0.7831743060997585,0.3362703144052962
245,0.13804627609260772,-1.049386739730835,2.175173628319901,0.9563163469655377,0.18359420740422266,0.9429181957439745,0.157152930268247,1.2563408591113703,0.4357129235817905
246,0.14993522759360245,-0.6612876653671265,2.7877626272766647,1.3412987733224544,0.36690260632991545,1.084937832666825,0.6024502639916498,0.883948637892593,0.5044924358642221
247,0.1250704718335333,-0.8330569863319397,2.9927418555088603,1.9079048257466353,0.2690611451357055,0.8579552871926757,0.5176983678260474,0.5886920704330574,0.2584537110346172
248,0.1609704054334936,-0.6407420635223389,2.0913041001487107,0.8765162974619057,0.802161416173141,1.4444252827293136,0.23757674718800195,0.688878921781987,0.6586450154450552
249,0.12401038759182315,-0.2919507622718811,3.0019325874639025,1.0985977046400432,1.1924871534746033,0.5738310410853745,0.2931587505067322,1.264671392019032,1.2148232950838689
250,0.10448626459140886,-1.3829439878463745,3.990829045154815,1.4642673972063807,0.7498757242799263,0.24254389593984035,0.16385546718582986,2.0894253255425346,0.3866298894069343
251,0.12105601191038003,-0.9066628217697144,3.8253597400805064,1.4241976157169305,0.5780648733038116,0.8458658354825255,0.6315569121904044,0.8336372551963397,0.6831082323200258
252,0.16794841727341364,-0.6166983246803284,2.5125945598344877,0.9212898855807848,0.3263107554197427,0.794899120421502,0.9017629435218165,1.0437778930078336,0.2617808042774259
253,0.19166094709425274,-1.2415705919265747,2.0790656236387526,0.6398386250396153,0.4788645287595554,0.24712037330905035,0.3420069377437771,0.7057874677701741,0.30445300208931175
254,0.12137503919456517,-1.2642402648925781,3.246367265737389,2.0796685914319353,0.5761548678878544,0.87251114365389,0.40719765464042107,0.7357997354819128,0.7420514160789916
255,0.1258337756668462,-0.49397459626197815,3.0273693158269017,0.9579793852423555,0.05466590234268937,0.3525888284101578,0.3229621019722136,1.066907149434014,0.9789062514668537
256,0.21536743943305967,0.24131518602371216,2.1946565910571874,1.4320573458398989,0.2589961981265004,0.9362637703455173,0.3927531396004473,0.9659757932176205,0.5703849440272415
257,0.12586348027125993,-0.9455981254577637,4.470357362588979,1.4240184691875164,1.1611404435135577,1.4157617477756663,0.17562498562988343,0.6883825574761461,0.4718858496808423
258,0.16357347644095435,-1.635174036026001,1.6391164458115315,0.7247165724426173,0.19660403471129215,0.3734087951746455,0.2393664253144572,0.9131606309441475,0.501692559629525
259,0.18030076166147932,-0.5880445241928101,2.6155994680067534,0.9504486592696003,0.17393752758969916,0.523820408274474,0.22533179312693244,0.6526878970686897,0.3532450092207304
260,0.13994994164862443,-1.1089831590652466,2.9829202775461963,1.48949043678789,0.32680589054994874,0.3097152799606501,0.06139496525070411,0.8466450189768903,0.5570939196994477
261,0.13954169648964557,-1.6752912998199463,2.1875750365636026,0.4879635761638635,0.15477785563677854,0.39746932319398,0.2689483945152379,1.3213053161623929,0.7962177351908528
262,0.15484152453431993,-1.2008692026138306,2.359312737521796,2.0461228995907184,0.27450609072807763,1.3097011665648615,0.21794667564471307,1.0647433659871297,1.0318594890487212
263,0.15813322007013184,-0.27566230297088623,2.709533127546437,1.4562174311923488,0.40839835392584506,1.2361238072276,0.23209799418751073,1.3154327773646093,1.0549872852134765
264,0.13998940329389406,-0.6468032002449036,2.4243092165639646,0.38385159760140103,0.47316506195123975,0.5157379340444417,0.11575379320274093,0.8054825064294476,1.4795833062247667
265,0.17023204386722457,-1.3375378847122192,1.9306941297706477,1.3477468497095393,0.594460285411675,0.7054025014246671,0.24507348116455413,0.6517243729524573,0.450418353335743
266,0.15976354021663583,-0.6829544305801392,2.6177745794872225,1.0514323079322125,0.3505117034936697,0.8089557672465515,0.7297121916419513,0.9941508070905459,0.7484916929090312
267,0.13332674674321363,-0.9432483911514282,2.486236047792302,1.3931265925994165,0.19151482282327176,0.630703484955028,0.15695363236860904,1.2727972810931238,0.7267732833042195
268,0.18205253529275073,-0.21279920637607574,3.3125704584297337,0.5796593880070267,0.5724942374162175,0.27039499058861544,0.27266994888990687,0.9148989508331541,0.35154755845072583
269,0.23508289386770992,-0.23730765283107758,1.9608284903190094,0.7103241717164683,0.5623287850449517,0.3783442102329007,0.18510195062555984,0.9825752969201089,0.36869731720000387
270,0.16541131286273114,-1.4420408010482788,3.1586984954651864,1.2283607587271492,0.27685233493433176,0.580118156808401,0.4915979973353643,0.6325239474033776,0.4163123214780366
271,0.15142065443052594,-1.0688621997833252,2.0485273801624184,0.8107363719535942,0.2651144750407333,0.7848961862412791,0.2459291900359429,1.0309087258314613,0.5481223949259432
272,0.13525144872034325,-1.199031949043274,2.3837217170906584,0.858873490102281,0.9349713737504972,0.06894671559795557,0.15265098289399218,1.5343120101274286,0.3279657455521258
273,0.12016157998451779,-0.9261574149131775,2.874970213217795,1.6258290703664053,2.1343834373948756,0.9289710771801478,0.5852572887189539,0.8173250015618547,0.3906900074700521
274,0.15272588362725661,-1.2597070932388306,2.9132760554455768,1.1515706882947692,0.567152231269278,1.1124738871785578,0.27862289378061644,1.0884330373973108,0.6633917211397932
275,0.17388059868288794,-0.5178419351577759,2.7916182927273088,0.6207993643692145,0.21462262403955676,0.7147572741466784,0.3982232458435129,0.9575024262034096,0.7532516416836833
276,0.09192338576318004,-0.6790899038314819,4.137536037006429,1.5081818980165145,0.4236456644879536,1.4880527530195946,0.08269365839733869,1.1994544275763,0.5996899033683891
277,0.13589637894347564,-1.2033300399780273,3.5776903913643237,1.5916697284773451,0.17020661833518477,0.8370435951192201,0.1094140763769043,0.9680671612470413,0.39857790016547506
278,0.1383159963138668,0.5521425008773804,3.289347464748722,0.9304782856802446,0.30863475804255286,0.493466228693148,0.06285138441062936,0.6759997443888031,0.6956883255447408
279,0.16885468220002828,-0.9502647519111633,1.8632864024421965,0.5577102534853893,0.036978095261329676,0.5003695353227772,0.16614669021149156,1.040787412657281,0.45074675843283707
280,0.16966629729689356,-0.9310504198074341,2.5002674115479055,1.5409087833336454,0.17970198131086465,1.639589034915341,0.4146047980603016,0.45281670550885317,0.47757585715632
281,0.175114072152323,-0.5387741327285767,1.79422763027225,0.5593507668275477,0.3293380046746762,0.6264746761316745,0.21418354888726648,0.9863327989323869,0.8815641373073246
282,0.14631007455061146,-0.5971986055374146,3.393372985083221,0.5436556040419455,0.564680881045818,0.7165676066800558,0.1751830574775006,0.6288188816850656,0.20400754550082367
283,0.11449117337599789,-1.507200837135315,2.238534518077885,1.3304815420240643,1.5229093590505303,0.8812180629766616,0.2486563492443009,1.0789328682027592,0.5182208281396932
284,0.12837009129959698,-1.0487315654754639,3.101041636026466,0.8967109110683998,1.446358707340159,0.44506222913998006,0.5528118253035589,0.9669542781394123,1.0586152334442398
285,0.10428388080013973,-0.2923758625984192,5.1495187320988345,2.285761563260375,0.22562765329315887,0.9039325650041592,1.074161906506436,0.9137789791847764,0.5344766538605527
286,0.1587165047280876,0.528137743473053,3.231585224266841,1.0384614256862672,0.9419137636533471,1.3766281635834248,0.10524961147301116,0.47350178254637904,1.1069300819901169
287,0.11924341813493151,-0.35521385073661804,3.2144386086952093,0.6014643686297402,0.5263364409668981,0.7099702243900947,1.0491983671469092,0.949476633363685,0.4127152104029329
288,0.17037677587340408,-0.2687779366970062,4.150532372334069,0.3819775647759571,0.8458989730549412,0.4220029810597741,0.34713817013750753,0.82946108421088,0.8621480601204615
289,0.19851532060601781,-0.9686309099197388,1.904915311144645,0.8264375963525499,0.4761082598447901,1.2176888386584725,0.09905848368924405,0.7458092121467248,0.6223007227616452
290,0.1337448672037655,-0.6751648783683777,2.6315684057211093,0.8115473219855559,0.5827278858069647,0.6789007823078556,0.5441018011966452,0.9929731689100671,0.5511447269025103
291,0.19644880228402156,-0.5069661736488342,2.3388100555625013,1.0438407699360022,0.3537008921662029,0.5696591496332686,0.20088631813799288,0.31190683391552776,0.3778047450805752
292,0.17931339731012466,-0.9862304329872131,1.9987629940874887,0.8360097798467259,0.17517178077863751,1.0073938404711966,0.12255986623145682,0.881158922160792,0.36678435729905867
293,0.12795117061907674,-1.7739745378494263,2.150663492721329,0.910983066050562,0.6235023087073261,0.24435657229471802,0.4785986145934774,0.701896699472483,0.5429178033034858
294,0.10759605351678364,-1.6206191778182983,2.943938739643442,2.465285371045223,0.19706104804248195,0.7131454260425952,0.042169047764943214,0.7248017176939682,0.3983532214044009
295,0.1832516154818185,-0.3444063663482666,1.858769280021877,0.7918889755466266,0.07027117445440076,0.4487615102193086,0.24126027864058583,1.6202716244417799,1.564617480453184
296,0.186862677448854,-1.1647377014160156,2.230900061228822,0.3191905755784674,1.1762667976732446,1.0166181336811122,0.5886885615653407,0.3687638667532477,0.5731955253742154
297,0.1346807009391236,-1.4093332290649414,3.638270083859104,1.6400218277224272,1.3965331011487994,1.178225644595571,0.1486837638829642,0.7439474852013286,0.7982523394277339
298,0.16012605914402792,-0.7399436235427856,2.854884130809976,1.087721049104745,0.23837348544287326,0.6466870531785487,0.7430350949391656,1.2517031281579791,1.0355047628406053
299,0.13994708882773865,-0.6836490035057068,2.8660031661782384,1.6363710133907592,1.414351306328496,1.0462241598680784,0.17688928345202756,1.1075508136871635,0.23391074877024284
300,0.15637693813273132,-0.3996948003768921,2.956428262362176,1.0536292219490333,0.1608116550247053,0.574089160721453,0.7983423769032236,0.9976238575873725,0.5203686725702205
301,0.1032134813726953,-1.3821998834609985,4.226634338033276,0.9239532269577058,0.41254762178569054,1.0221496720379402,0.08455926903548969,0.5960655612441585,0.40167190247477264
302,0.11525641997785084,-0.41333842277526855,3.2270476482385604,1.2767431679285146,0.17606133327288676,0.4697012671637099,0.2456130039282116,1.1986567410801017,0.9729434804662523
303,0.1737923397600118,-1.4357023239135742,1.8088651269588207,1.6051693407190553,0.26996746020007617,1.2180356022566654,0.5428604636624133,1.4618962973064136,0.7336100801626686
304,0.15889180512659254,-1.7704544067382812,2.677442291414959,1.2283523755229908,0.4434509113313701,0.7239226245026121,0.12347241492749951,0.43032547457852294,0.8124401913574553
305,0.16722442082721864,-0.839153528213501,2.2117525590908382,0.8209321886112071,0.43390306801707357,0.7996441349884308,0.313206150118325,1.1276076062678724,0.7439766632869412
306,0.15473760088162042,-1.1998140811920166,2.4296565510685513,1.4425609062132163,0.42629689845017915,0.32324265836360416,0.423023148734238,1.158670742230144,0.9569885987655689
307,0.12379246809967455,-1.3552709817886353,2.490200207773914,0.6125692444402524,0.4567270130762455,0.35805869161469805,0.20765286886483816,1.2622668823531635,1.184503321411216
308,0.18657785402438645,-0.19578027725219727,2.3080799907631975,0.8356811902389147,0.13390653759093302,0.5528977000701868,0.5995639536703979,0.5614629937382895,0.3385363916201369
309,0.1822610840542393,-0.09346780925989151,3.0264037267491575,1.32137391436156,0.2994230900587253,0.9756921274532973,0.14460504511740144,1.286050529463158,0.49728661503073024
310,0.14805624480742055,-0.430298388004303,2.708829398639437,0.8726718431143407,0.12430154376905204,1.8620156372123748,0.11573044777198524,0.837151829656468,0.623597083175366
311,0.13429659944205688,-0.8137427568435669,1.9515018349844115,1.8734869219818366,0.22127427587080592,0.2759233998597724,0.8906997281816396,0.9311249062020527,0.8403557920713652
312,0.1426099541517979,-0.6686455607414246,4.217383135504765,0.9031248484210326,0.22264113875982902,0.30635522567139384,0.30088829752796736,0.8790680444691292,0.5383343460937919
313,0.2193233358544445,-0.23626849055290222,1.9648425569761778,0.9511235396587226,0.19469720094992135,0.6208456377519508,0.08970838943087994,1.1489322822267183,0.8130602826596485
314,0.16364796190096415,-0.6639894843101501,2.5266228731270095,1.2673907910482873,0.4711704302393717,0.32782905336323137,0.25582004994360763,1.1625432643138314,0.5605439725918028
315,0.07527367094510122,-2.3821990489959717,3.475148797867739,0.7264361226268408,0.6897409896963668,0.7561902072971586,0.125159603121149,1.1328836223361725,0.3192575895106117
316,0.17187533675045574,-0.41681718826293945,1.8305392982383655,1.6484924615173906,0.4114833507409574,0.8242394862743396,0.21483713355468423,0.8139188310327102,0.40369950994740866
317,0.12460562275015508,-1.541147232055664,2.984547909553021,1.5368076626148264,0.38951901232572955,1.7675397387968,0.263263592747107,0.5704267285982046,0.21690123659525423
318,0.2178643046123595,0.14293746650218964,2.121032118752485,0.461049616734791,0.25822630947853487,0.6871111013859642,0.1663066628620325,0.7493543247714485,0.38980271298423425
319,0.16951232751852535,-0.07045429944992065,2.956407821277502,1.274238974926154,0.4570542969150507,0.5440633393965406,0.047969027553702914,0.7460659986479791,0.772143736614355
320,0.14141009066078697,-0.3041297197341919,2.3225714851440755,0.2960908171652325,1.4934582100155478,0.5447517819407596,0.11314943326689583,0.8978663149036467,0.16691937945304836
321,0.1468220221128067,-0.785652220249176,3.427972569848378,1.3213416625258356,0.8216144529541178,0.8443736095020729,0.11454362258274897,0.5747074431547929,0.9944594815737559
322,0.12931011552155985,-1.9654245376586914,2.312139600508758,1.297249336558168,1.5383172073219635,0.3658698291673238,0.9099974651188489,0.8409685049491707,0.9298236692680611
323,0.1709942954513316,-1.0443575382232666,2.301508455785503,0.6268834671680982,0.6994748211081918,0.5194872517458075,0.08813156179409555,0.7661879083459087,0.6187434376932396
324,0.155694787520426,-0.35470080375671387,1.8785946668229236,1.1230984102985626,0.27704365554063204,0.9114062199954636,0.3971270406861686,0.9623176959860124,0.8657709786653601
325,0.14701015492425873,-0.4072360396385193,2.455681306352905,1.7318987614433874,0.6625131832636179,0.9760611393194244,0.3206325114732775,0.9151583155952288,0.8954026209075582
326,0.1694391519547382,0.03855382278561592,1.791631832759044,0.7368152226702583,0.6016146350409899,0.9629823100997211,0.33651898297122834,0.9545972506618058,0.7321104600395325
327,0.15964502721417984,-0.5710323452949524,2.7798137478974643,0.7902578002162031,0.3347986000247917,0.36987244450253376,0.10057345793336178,0.8400930907226167,1.059643936896348
328,0.15245266901071958,-0.11509234458208084,3.5398790665931905,1.431688479235704,0.32419212900813016,0.770268701341579,0.3391052525488256,1.0821581337743142,0.5812025587164249
329,0.16094858882840757,-0.8711393475532532,2.885250709813096,0.5880307729829231,0.18762360344195317,0.4839824770800192,0.5013152931774125,0.7850974510874245,0.6841800159754553
330,0.16052730528756057,-0.9623438715934753,1.8555696150951588,0.6537066916490947,0.3981467522078636,0.7503222145162515,0.19007747996925634,1.4069318243735516,0.5224762123748574
331,0.13914144269875287,-1.609015941619873,2.17261052403744,0.18386562081173743,0.47874480772998634,0.8079008535901685,0.3950872035935695,0.5759282241946239,0.548176010069277
332,0.15415443888123267,-0.9216125011444092,3.0737929503124035,0.8986420509832214,2.290389341662984,1.231523930468415,0.17733094965077267,0.4295902222181494,0.4031647415013037
333,0.09511532407958431,-1.2520828247070312,2.9213979565324024,2.1846040418579524,0.5274817943464744,1.2179874871730214,1.0197154908599584,1.558798554438212,0.671221194655665
334,0.11543778832767916,-0.29203739762306213,4.001967452214746,0.772193213304069,1.126616626067966,0.6733805664134074,0.3146078872687559,0.8873724406441131,0.5012892378667199
335,0.13663248964118346,-0.5818015933036804,2.669088471367486,1.019421135094457,0.1706103643656631,0.8669201870989802,0.0960933770054888,1.2606529346870148,0.39189603271590673
336,0.18426020380863598,0.4556940793991089,2.8927426797414886,1.2223580513432981,0.46301776878036943,1.1737893226592082,0.4132391974911993,0.6161014802494349,0.6154897117502892
337,0.1693661089296241,-0.4633197486400604,2.9375700234072832,0.5839917747726104,0.15905728736303326,0.6160685410386376,0.16851132829433565,0.7218228879753651,0.4018411567246561
338,0.14326693143555155,0.10258478671312332,2.8559621553149555,1.318986219469821,0.19671583767197856,0.3954710979164507,0.42654821941670196,0.8153256832224405,1.8391997065890684
339,0.10921081797458261,-0.28870895504951477,2.948504208106777,1.1298412680815126,0.5905199752238566,0.5489182408658139,0.5140993140173447,0.9247701872302196,0.8843772948823677
340,0.1298333068589488,-1.7008296251296997,2.492576180526795,0.4281785302827185,0.8570362013698902,0.1786733744494638,0.3698880314347283,0.3967667953773449,0.4467349965335595
341,0.1874338974930334,-1.0600025653839111,1.7889070349636975,0.8663750331680803,0.33689038286441075,0.8777871496575693,0.10094884606451075,0.9087740626015561,0.6577981698708107
342,0.16621747294069938,0.09040644019842148,3.0567652654053057,1.4566411071465748,0.10543951426120653,0.6532638215636624,0.27160548487138375,1.1516772380522238,0.44683491401362296
343,0.17583319314358475,-0.9816157817840576,2.050218332155783,1.0170808091509307,0.21443332732036907,0.2252015518126352,0.4546674827579959,0.8806044862955603,0.8597310910510407
344,0.09923749969215995,-2.2705936431884766,2.12700554810838,1.1625944902766134,0.8644269525600824,0.2910002861825064,0.21265773891276957,1.1022498714184763,0.9956720715568491
345,0.1500154124459958,-0.9437669515609741,1.643352666037337,0.6262113108282533,0.3824362207561049,1.430030735155644,0.25189806584309915,0.824043486859663,0.4153276217667044
346,0.21489386848400654,-1.1914832592010498,2.07372476679745,0.6608092618667419,0.4525771788399512,0.36145371600450743,0.21531802303932537,1.2718234192413391,0.2974037239351936
347,0.16212203686724794,-1.1825273036956787,1.9678853004067138,0.32178990486604775,0.24229403872800936,0.5681179798502557,0.399078300852596,1.0075794708899506,0.5448356902012972
348,0.10942443314744553,-0.923893928527832,4.081447002063965,1.7215286604763547,0.19267155419072243,0.9650912022954699,0.24427764390073578,1.0572943008933084,0.7513557066867994
349,0.11432560149791354,-1.0885677337646484,4.391490175669965,2.5022059679239215,0.24677982595008424,0.9960102641079458,1.2886479833491116,0.8304108457100635,0.21045624263365947
350,0.11334656333348511,-1.38826322555542,2.5346764341153696,1.3177008963346546,0.4489063219667842,1.4435234236385093,0.3971444152985179,0.7653221376121884,0.6982538344717059
351,0.16764125584797912,-0.6000937223434448,3.214875092811213,1.1714364221752644,1.8310749909426063,0.9376690619928557,0.10538653511344721,0.7001701712814138,0.09792654833484432
352,0.19027106369219846,-0.24677449464797974,2.4549592228976795,1.2233077079786159,0.2064329429719973,0.17193931574033622,0.06673351761559164,0.955783024346575,0.9010043702416403
353,0.14700286471495674,-1.3410600423812866,1.5650414442549032,1.0190140676435469,0.6254996272359594,0.5101149191606,0.19537207630547979,1.164124721280302,0.663192107517952
354,0.10853000116520517,-0.5648669004440308,3.8468247870756374,1.2286906594340112,0.6545951665265495,0.9743571559819315,0.24016824926957736,0.7292534499623284,0.27824944864017387
355,0.17944593361602446,-1.0271621942520142,2.023627718339108,0.724865269958464,0.254534008632262,0.6132914019362815,0.2867162199885216,1.1771408100110143,0.2722254185673641
356,0.12744513476226474,-0.5080282092094421,4.641060357120354,0.43709291802571776,0.34820373586720543,0.8882546929524987,0.30477128197341136,0.9210716453655764,1.1196944050378121
357,0.15871457485068025,-1.0727006196975708,2.282449469688472,1.6110840143432617,0.996846244033941,0.6218887854403309,0.15054075590351262,1.1124161918946793,0.31739808477281695
358,0.15096030341291883,-0.8435893654823303,2.7597568002776205,0.9437811658037311,0.2533645905168605,0.9650996080146355,0.07263436836355086,0.8128208784495372,0.824666032000978
359,0.09909325457801792,-1.243007779121399,3.7028309461174365,1.6440519922574006,0.06577014106432845,0.4940039535870509,0.044730538718484654,1.5304673865889664,0.5128850009957585
360,0.19513375376747893,-0.1908910572528839,2.2147804085513174,1.1038076153962784,0.7687758881411408,1.9734653005450777,0.16197914210654818,0.5891669428990564,0.6404003677471405
361,0.1532590198548181,-1.288124918937683,2.318102782472694,0.8152802339600703,0.10629142007585647,0.5327697954453984,0.05531848962318522,0.8259946011179341,0.8371488731970457
362,0.14696477224245305,-0.6848057508468628,2.162356696119282,1.2867722048275347,0.2828492117867574,0.4795134547928924,0.5048698664288821,0.7250433842368559,0.8385904175717622
363,0.13181627174713245,-0.8245279788970947,1.792419899541243,0.20768240266699595,0.38020431517110875,1.1479113828600966,0.22061320518940955,0.8564356973301311,1.6542441179767535
364,0.17034263735294175,-1.2345420122146606,1.5710498334073626,0.4402452307828515,0.6675591357248605,0.35144707806548875,0.48068199079026763,0.9152885506437587,0.5891504732157632
365,0.1534325175955297,-0.6853752732276917,2.4301818656937235,0.8928881142546566,0.20652396609675203,0.8899657053939554,0.6268385184844759,0.6456036752904776,0.9561054277245973
366,0.16250143319276475,-0.10170441120862961,2.6913782292812094,0.9165962232812948,0.3884008343668285,0.6069449047015711,0.19208663890113298,0.6354616903246494,0.9787366540330671
367,0.16817192026299752,-0.33645114302635193,4.143792981344611,1.230327980737487,0.508472373340226,0.2080684360055177,0.3164671539049309,0.7758055417889744,0.3937032076131238
368,0.16174811535005137,-1.197305679321289,1.9828794320761818,1.01058132551694,0.5868150473817779,0.5587019821116828,0.25305974978553786,0.7741979783481144,0.690553692731905
369,0.1316599814922599,-0.28967994451522827,3.0078430595115075,1.3449259764324195,0.6484828931653982,1.1638614264823723,0.08666425547460327,1.025248875965278,0.20961513532829065
370,0.21597105319826418,-0.14628957211971283,1.6216697261711066,0.2466799705279346,0.9217572601388392,0.9760928394506944,0.17737894280118288,0.8640723093045707,0.7022831222301766
371,0.13509482169387957,0.23926708102226257,3.5630358741380856,0.6324482475922611,0.40361246169392967,0.8905092754695061,0.0716830196252011,1.2919901778929994,0.7387371880664217
372,0.1627836327512031,-1.3715810775756836,2.9271568437085524,0.7495506978300553,0.4037424154256353,0.3430423169583445,0.10805882367909908,1.1028128849459227,0.35445513143933116
373,0.16097938621447969,-0.7456687092781067,2.9570440281754213,0.9501393695145893,0.7534121217141609,1.0483468208512996,0.39630252708272673,0.642664838880032,0.3929869805609583
374,0.16548564883287364,-1.3813502788543701,2.2851657184009917,0.7079617400197242,0.20891608782069906,0.24793359972423273,0.5600782494352768,1.2728489459545758,0.2580559819117223
375,0.16527988171412256,-0.8498547077178955,2.230425933446325,1.4016185543768824,0.06460235993813328,1.1003174892136747,0.12168045895640334,0.9131568141454951,1.0235060409706833
376,0.14716763101821784,-0.39550021290779114,2.604614524327038,1.2551906099534549,0.2900468375912542,0.420424149074783,0.09206366898706443,1.3410014010823907,0.6839657897890385
377,0.15548334420612878,-0.29002392292022705,3.217888027072756,1.886842846377704,0.32209950661893383,1.1493506274780019,0.15017021797774716,0.6587821000709317,0.24597985510617865
378,0.17526454275276088,-0.5378881096839905,3.308319836659666,0.7320106249704331,0.20347568951153594,0.9758216180780601,0.16305397906585484,0.9534426126781902,0.9844835402029648
379,0.14191130434436436,-0.48735976219177246,2.8657807579233334,0.49794269733904045,1.5164906503808022,0.8282995330615622,0.6625111890790403,0.6924469981691737,0.21836071620427036
380,0.11205715628184658,-2.079332113265991,1.9012575584945175,1.0292481647367244,0.3565918409060835,0.38956377754831545,0.93652799166038,1.3212224281418188,1.7035665480953452
381,0.1491521073481938,0.011923936195671558,1.820380011173859,0.5855807881462247,0.6655614883985422,0.6594789574437423,0.25819238886830015,1.6472608180693502,0.3524706546173362
382,0.13270576491288705,-0.04427921772003174,4.162167120436836,2.0016981453998532,0.7170900641969475,1.5848291930525396,0.3319674512512804,0.887637486564066,0.3410437503789178
383,0.11810743388167737,-1.1102914810180664,2.375474439892492,1.2045916282280789,0.4189038045424644,1.0558753974653645,0.26161689559166923,1.3120940291434067,0.9034545796451964
384,0.19646369702874222,-0.1648292988538742,2.888071435126313,1.029148751316474,0.2326126397669087,0.523331916198495,0.5463313499772959,0.6845679058267868,0.8841784047654232
385,0.16151967087895808,-1.491321325302124,1.9479277341676942,0.4320959139964142,0.15053727444759732,0.21051508301291028,0.5288047634154901,0.8281296542532766,0.7989852936925852
386,0.1632329415315139,-0.7318868637084961,2.0300107160696044,1.7564131171750936,0.14588148515080884,1.1435564158563873,0.1673393838972729,0.7600026608400313,0.3278875226584427
387,0.1434488672217285,-0.6719755530357361,2.5507847812208704,1.7176430651355254,0.04566357287044975,0.9971251303273171,0.21809128337432904,0.9508329875727727,0.2311641106145359
388,0.14231737126814284,-0.54476398229599,3.452883817995031,0.8697490547370513,0.4251952315462852,0.8089816243054982,0.0993901297169705,1.240204408381242,1.2512040114637673
389,0.1790209369311633,-1.1040675640106201,2.7672996134050125,1.262188149320526,0.5630992743007409,0.707206591294,0.16757510057277136,0.6464002800562229,0.39897301004830343
390,0.1295222760046275,-1.9240587949752808,2.088220504743337,0.774131392828764,0.377387182524159,0.9980028197523579,0.38141061642237223,1.36035297293726,0.4295527372953848
391,0.15745042782615193,-1.2906858921051025,2.5391601745630523,1.6023708335488227,0.352092151773771,0.3773811091852106,0.19982428520193835,0.7287777079332067,0.5115982618869714
392,0.13919796592359188,0.08297157287597656,4.104785476387508,0.634198763026548,0.44146887702124915,0.6687135544050747,0.11671808250963027,1.3168588515325281,0.3602316383177908
393,0.1520468263974384,-0.7270808219909668,2.2457699268598454,1.6280589738218636,0.41809161489481494,0.5072314416749547,0.06626262875808739,0.9787028627640033,0.6922088729454924
394,0.1935932161602028,-0.21063877642154694,2.958103501817386,0.9179729112697772,0.1958166549726463,0.6811513185088804,0.1300606200503023,0.8493259902215573,1.0746375577634797
395,0.15495462442694138,-0.6258112788200378,2.1952949142820772,0.9513580901868761,0.06979991492725063,0.49801203393959764,0.07383584088149082,1.3117219343876747,1.074248391809149
396,0.1265176123308521,-1.844481110572815,1.865642707367636,1.4691195180462693,0.7015357241096868,0.3247628630583579,0.282322181325788,1.388066200409894,0.29536551110741854
397,0.147113851713236,-0.43934202194213867,3.7454400629421656,1.565262962169456,0.3042242930181658,0.7462310635945091,0.2018166234308218,0.8434861037887618,0.7788862704581738
398,0.14160009991546124,-0.9651486873626709,2.366784471684309,1.0557974119834952,1.553266077303289,0.4854257066969615,0.36181213254826766,1.0096792975053295,0.9729466772777778
399,0.27142054056421344,-0.5342356562614441,1.2826752657980567,1.0596377827909063,0.45638513789812696,0.3367698025777125,0.21631668303686394,0.8557964506523974,0.27535005282724745
400,0.1738210153687902,-0.8402121663093567,2.4586677517592337,1.4005815015456564,0.7069519288766549,0.503102859585983,0.19761333063455744,0.993009644224414,0.5665152315401702
401,0.11899173881275384,-1.8296469449996948,1.582087364894639,0.2620456958809272,1.0306386500305755,0.2697564246799769,1.4828311567141201,0.5654345734310997,0.3359783305881944
402,0.14323057539240575,-0.6160842776298523,1.667382589890302,1.1744223112824266,0.7098563993785506,1.2711071161594607,0.07464190532150766,0.8902738636835613,1.4707739642537307
403,0.22604874034515668,-0.8966143131256104,2.4549080089915374,1.4964095003609161,0.6371469429691078,0.5394172546941294,0.17710424674762862,0.6515573962533685,0.3608640124608021
404,0.14500301995048953,-1.7501747608184814,1.8377683441314214,0.5494636275022177,0.4174877116393654,0.6896590999187278,0.5088785929276018,0.7025067075980603,1.1821517208895118
405,0.12006326905370449,-1.6943942308425903,3.0086757576542897,1.2187858334942754,0.9511568145380375,0.4811434626693653,0.46514087921228037,0.8277345200369715,0.4720165439060517
406,0.08654160787248331,-1.6497852802276611,2.940341298159219,0.7808267633457406,0.4571955169108883,0.7339125335760245,0.5193465091384498,1.4255123856227512,0.3614145074681975
407,0.13300233663511785,-0.8982772827148438,2.8101910704793953,0.8747308360456821,1.0783381942161663,0.6917593798505521,0.18200848484556842,1.0104581075218841,0.5100853357408079
408,0.2144452653142954,-0.9396559000015259,1.644291455920544,0.5552555880762118,0.4234382257750243,0.6950489196394419,0.09655523537589447,0.7701637316388417,0.3886649323453723
409,0.1664230384160865,-0.647422730922699,2.7690046688398313,2.2433360960988895,0.24647118425236203,0.23229895253618846,0.3866474039559172,0.48950027720866085,0.34286071464749623
410,0.10514294306535837,-0.5877903699874878,2.922487858367296,1.270329031978686,0.8111863537547138,0.4948101061520869,0.4220685105919484,0.6679170597433116,0.7740688731783255
411,0.11488237584806972,-1.6644227504730225,3.396840696637223,1.4470557513349502,0.27207546766773133,2.64612233301908,0.26775810509552,0.5806771676179826,0.6824057875455826
412,0.16261520413663574,-1.0623353719711304,3.0160042446240247,1.2355037537436102,0.21506706025785535,0.9558438479253744,0.26706772139355217,0.8115797076789336,1.0113028795493013
413,0.1342231683874593,0.0682002604007721,3.627486577939988,1.426231856611574,0.3637181070687756,0.472133372300944,0.4414050711633339,1.096725400709986,0.9143540158612982
414,0.14641846139990905,-0.5874941349029541,3.5005167974645395,1.218063644553255,0.47843039368505336,1.8084537449763811,0.24527956297876521,1.0653568553756572,0.3297721151833146
415,0.1317280844125795,-0.765070378780365,4.144721271128523,1.778940417873811,0.4238899144523536,1.3491589011593905,0.08845414169176041,0.9665210215224436,0.5383365922044004
416,0.16475514168391042,-0.46826794743537903,2.5313233517918348,0.47214308116373843,0.3189658905002421,2.367913170442254,0.5337658810090261,0.6050638678190123,0.6408758856295692
417,0.12115825541367073,-1.1135880947113037,4.538519686957976,0.6544954859058046,0.6887639212480973,1.316628657832772,0.5269339791271592,0.4711595057109795,0.375846055280024
418,0.12451768753002036,-0.2703903913497925,4.448935321670953,0.8374099301277436,1.3873504773727556,1.9660407615333735,0.13169002532735544,0.7960883388542423,0.3081891961447609
419,0.1260729314854299,-1.1527392864227295,2.965349811046973,1.0348835047473353,0.4566363420934652,0.29966505040656066,0.31036832353710225,1.6243855071237518,0.43099210523647574
420,0.11893909603551683,-0.2630462944507599,3.9765423991681796,2.9369982259218808,0.2383635967638109,0.35540403750929395,0.5053407339627426,1.5340063161394994,0.8505861272218236
421,0.1270438616111806,-0.7389803528785706,3.8195030233358955,1.0980577621143868,0.17492229218483366,1.1154460725797177,0.3996817074260817,0.8540841720914059,1.2012822877344762
422,0.13936473277045283,-1.107786774635315,3.0065758069245336,0.8307237215275053,0.8325494734738168,1.1382845726823538,0.23465692214499662,1.29247692550556,0.9363988856197746
423,0.15568185155314102,-1.1638039350509644,2.343965310526738,0.43152234654319566,0.3237144986480488,0.3750249953753569,0.05108151591283156,0.7932439667688633,0.6269142007707911
424,0.09697357085869023,-1.793197751045227,4.293684977237243,1.620209382589235,0.7430535412629462,0.42691792108759663,0.15765843791442685,0.919938517628829,0.4099090823196965
425,0.14394483159994675,-1.094106912612915,1.2763521508270927,1.4717041204848125,0.21421832720531142,0.3242331357642574,0.38632675997152227,0.9301390104750988,0.632273471438285
426,0.145654508137762,-2.2011172771453857,1.6692238946694367,1.4546206723445583,0.20012870989081452,0.7555796771415504,0.24194765327558665,0.5401935385877279,0.8994153948426473
427,0.14709265059973298,-0.5098942518234253,2.6888191651331614,0.7730386035716832,0.2887170489636657,0.9484282466936024,0.29397345235655975,0.6918577871895163,0.8055210357761037
428,0.13090751988561455,-0.6569328308105469,5.525576251158357,1.4269300874394977,0.3200813222604171,0.44366289162466555,0.5883254367023272,1.0384908233678827,0.40138331945095157
429,0.13839036317812542,-0.9322161078453064,3.1894327740109945,1.9931106327837766,0.519046327921289,1.4338893447303374,0.1863815177033415,0.746747396812519,0.6388306106105606
430,0.12456163253136814,-1.5568805932998657,2.342663563562783,0.9608289625668032,0.44849501611568277,1.3848379925696648,0.34685742344885956,0.8332910717211098,0.6801786744272525
431,0.15297938043261528,-0.3793407082557678,2.6359881721797365,0.7293581257520511,0.4957087169592132,1.3765966964516378,0.4955115034851669,1.197981628317997,0.6261937309516326
432,0.11368242688954508,0.43583160638809204,2.94807963985445,1.6384973467914539,1.1630443605108187,1.841478024598237,0.2134558811582296,1.711600326454914,0.3539829581333072
433,0.14786254284507755,-0.4414210915565491,2.8866099711547233,1.1431245253599953,0.443348685168696,0.8080019124294321,0.47181286682825047,0.9517649920715407,0.5857575303977932
434,0.16467693276486936,-0.6203835606575012,3.162666016630313,0.7767987532564526,0.4649172235507411,0.9257297072972551,0.5314232860675121,1.1728289797533957,0.878806742477666
435,0.15068279253909728,-0.8807886838912964,2.543059713305208,0.8894792797471425,0.21514414187018951,0.7251696290262488,0.22264570384004997,1.175734810843504,0.5166557967477149
436,0.1402043431748436,-1.1372853517532349,2.34276912896514,1.6382437380705435,0.18351904392056245,0.5343884483006682,0.25603861750992885,1.2826384731252802,0.42629766072911673
437,0.14632681936797898,0.3594285845756531,3.4352763083956686,1.3802554700109075,0.07607810797093159,0.5318591267184997,0.1307931823206028,0.7147945952206064,0.21144661969667727
438,0.2026068253453299,0.005330361891537905,2.320968118777661,0.45216164717285867,0.35862281942231883,1.3385464455982843,0.27470230653606015,0.7823860071937356,0.3623163009910776
439,0.18535979323094187,-0.6067723035812378,1.854617367428088,0.4567073856779513,0.25720967655826343,0.30748527348379057,0.12315618418239137,1.282510901512225,0.48497307765908865
440,0.09248937669687951,-2.0620768070220947,4.756341969389856,1.95240293031126,0.21745815257585932,0.12378987085757819,0.6023080099889795,1.2627539475825513,0.7131141842437951
441,0.14352323919683888,-0.7149165272712708,2.2613403779099963,1.3331826796732371,0.30047791712142313,0.2533520564105802,0.16757951543934602,0.7574492037063122,0.540542549288941
442,0.19674358139846984,-0.70417320728302,1.7020236288670305,0.990027887442502,0.19647676598954497,0.2341420520720469,0.39828508280716546,0.8895821985123338,0.5972140163507897
443,0.13796961057201243,-1.1827560663223267,2.932782688726606,0.7048725938534567,1.050903038175386,0.33967701300706377,0.21997346113204846,0.6129330847175776,0.8780216146627873
444,0.1765294234083359,0.008332363329827785,2.184158630144557,0.44535344018497053,1.2129950568479666,1.2658153715601967,0.018084887699345888,0.5304847532199495,0.32218798604089255
445,0.29365034577013854,-0.9803318977355957,0.9885552081197154,0.5711451944237429,0.5336514867960669,0.323055478168892,0.07134506672245446,0.5069636449124189,0.7092713350150264
446,0.17037104841025172,-0.44827356934547424,2.011422948685593,1.183894430676357,0.22146372422199107,0.6994536419191307,0.37229778439245437,0.9976292849959785,0.40146400033248747
447,0.18850572438073546,-0.4035017490386963,2.9370388398294334,0.23690379543358914,0.42080477052550064,0.7532405970297098,0.5596035737506865,1.2651429836328136,0.5360242235045407
448,0.11022595925494098,-2.14578914642334,3.467888439480927,0.8980613721151245,0.78821052081573,0.470324908166452,0.20058339516577625,0.4868062376529617,0.7334576651808901
449,0.15712174110515112,0.1268489807844162,3.7640149109023815,0.8210427320213922,2.195591439893461,0.929954030501495,0.14243893044154568,1.0494707554604545,0.6859032541694621
450,0.188306147169743,0.3842727541923523,2.0165581535443233,1.1400709609439974,0.16504873148717167,0.8369165555819221,0.05403669033966915,1.1336013715962536,0.9812924112155171
451,0.1497159708673482,-1.1763770580291748,2.640802075197133,1.0379471222146952,0.6652784793329558,0.6098957375618499,0.08520975709429926,0.9251883508140242,0.3340755541431076
452,0.13291658812159388,-1.0166290998458862,2.509547248687253,0.5743609189637772,0.36665456340877023,0.7574863610025379,0.44406801910506183,1.4516893690407744,0.24571969177095623
453,0.18555120443603837,-0.784210741519928,2.328604320385913,0.6667838477426864,0.1787912422880924,0.9057853115863793,0.21969601461637522,0.9378440751194196,0.7314434424454292
454,0.11308438362441595,-0.046490199863910675,3.9649292729425896,1.2094712695537457,0.4760116416617286,1.2522164384854426,0.4724651908459828,1.068363730233875,0.47048716629738807
455,0.17442184376597641,-0.517375111579895,2.671608533378978,1.3985763016184038,0.21039325524163482,0.1374158928364477,0.1786415983825609,0.8873147048179045,0.3939743864310784
456,0.13233691870013523,-0.12233974784612656,3.40973962788878,1.9552964580949999,1.06871834823988,1.3230163719322823,0.18605705619441495,0.581815532079563,0.6432898145571603
457,0.1646807412268187,-0.6324313879013062,2.46176905009569,0.42079599194546524,0.16479890618061394,0.13520266862773309,0.6137167207407624,0.8822468206774441,1.3355623602600557
458,0.17516171589389443,-0.8579723834991455,2.716247914687892,0.6720498492860559,0.6311217125209079,1.0102520339802825,0.2578540117716582,0.676707433196722,0.5739842909647654
459,0.16755328764508318,-1.844773530960083,1.8511725985958314,0.6585749431033808,0.48097248384520663,0.5408313717267548,0.19709187131072486,0.7840492079908247,0.7095284611516284
460,0.15512462334900862,-0.8038787245750427,3.1812031180962954,1.1592604586274293,0.735837387750025,1.036439986421856,0.3476263251760458,0.6818919157653096,0.399868474831787
461,0.13752482216280187,-0.8771041035652161,2.826728956233154,1.5032611095583042,0.18171084895537393,0.1617148960860957,0.44940189231849564,1.1592460692023776,0.7930707716445625
462,0.22532891894946513,0.029378773644566536,2.616214261350294,0.8147862141918217,0.26717930138039747,0.7163748149044952,0.14842528222885962,0.5855528312423811,0.42331845896749826
463,0.10692734255607932,-0.7287229895591736,2.536487907878891,0.3545430736376791,0.2833879687166781,1.393039697281939,0.623584705927086,0.862782820211653,0.8229991642727623
464,0.15681114307480928,-0.002507392782717943,2.9748908175267688,2.0579596546277266,0.2632300773391339,1.7269166669269305,0.16250565627396607,0.8366101112318093,0.31057788138500697
465,0.11404089924130253,-1.1398721933364868,3.9457674420972855,1.10928177895373,0.4236237974703896,0.6536336188356505,0.07157024235075411,1.1055673752847537,0.5543979443235478
466,0.11878467748839401,-0.2815234065055847,4.106671781941238,1.9413857475268004,0.5186783631809748,1.1948477763521157,0.2157579835129398,0.7480266293280776,0.29689904964477803
467,0.14400782096707804,-1.4782229661941528,3.3537770225468306,1.0426874664309744,0.1968929206103557,0.2999240458149804,0.2319994885050989,0.5101213955132625,0.7361647168945855
468,0.21144639283918715,-0.5906232595443726,1.8947967530679093,1.0096797563899498,0.3306481236566884,0.3793381440613271,0.20078183836045252,0.7879263369592961,0.6421048605241494
469,0.16063121098714234,-0.7455610036849976,2.9300318108483117,0.8706450058068705,0.2577621197547144,1.076622866630882,0.28875146876949337,0.9749503708425059,0.515666098788198
470,0.17210509144307654,-0.2375267893075943,2.850803445816771,1.1655720840543138,0.8875636310221596,0.41412303865033934,0.3454883504479475,0.8254866593074313,0.7756861551293064
471,0.1384590754745445,-1.5651040077209473,2.569997679319692,1.3968514882791792,0.28087049747931586,0.4282278915718034,0.5506252067807343,0.6324260822310397,0.748167623108339
472,0.13136226878475912,-1.5389584302902222,2.788655401065603,0.6740283816760879,0.2912295728818002,1.1733871026391118,0.16146239846580981,0.8992384478356014,1.219662359778982
473,0.11513431186434041,-1.2011326551437378,3.598066366325684,2.45646875687401,0.26442346840319414,0.5253449511005193,0.1600235866277842,1.0726300962792286,0.8230515071664174
474,0.11346826331478987,-0.26055294275283813,3.652643980049221,1.7969910580134771,0.3675056387824333,1.6728358290521819,0.7248499754305504,1.397543748840567,1.0690507019325757
475,0.13671053077936984,-1.3413097858428955,1.924715993334536,1.89540852773966,0.45701999982013786,0.37290817278904126,0.3824067024026129,1.0907757011900223,0.37159597862278615
476,0.18451025316578862,-0.3090130090713501,3.026917875417348,0.382050792514979,0.17008992877484344,1.6742652663253494,0.44524098265478446,0.8078741402433967,1.158668445915666
477,0.23031998914294968,0.18010585010051727,1.8018702733545542,0.969572578180511,0.305003929090587,0.3127111159915473,0.17816622965311527,0.5896672224897633,0.5484582539557181
478,0.14069551344979364,-1.3420226573944092,1.8408005967796608,1.0426595036330262,0.2291474979010399,0.7796372122847948,0.058440299063864345,1.1425344877181274,0.9139225410191498
479,0.18994336336016368,-0.3348594605922699,2.4373904283541816,0.7380100246964427,0.7605211566633412,0.5926072556768638,0.1931785549207583,0.6203581735926722,0.5708337867557844
480,0.09961412365814128,-0.7773905396461487,5.307222847035867,3.586307399436361,1.1735038196863086,1.0159271463404453,0.18391106345625052,0.2865822686801111,0.3909052613505697
481,0.2019361810424062,-0.11997397243976593,1.8320011737347592,0.35933486210844146,1.2683131779137256,0.38299916907674725,0.15880827666582192,0.9718076503498105,0.8754316039402252
482,0.20581969572554895,-1.5485568046569824,1.6254246794515212,0.7356423711736867,0.20174393199111598,0.15605590585288623,0.21391330302786035,0.6866852193781623,1.0299153080747994
483,0.15878262666089427,-1.6460137367248535,1.5071297786518438,0.4713576469251342,0.15657938617380823,0.30782995116311407,0.3953219394066639,1.3151952289287603,0.4391165473272001
484,0.16021005153696086,-0.8479772806167603,2.042066928840404,1.3437752762214503,0.27198570537860495,0.9528735665468692,0.13797755482693833,0.9287138522526748,0.6433233656103383
485,0.14346750790969803,-0.5841591358184814,3.395601012038716,0.5884624942216814,0.2407442358250841,0.9018741508785362,0.3604236874566505,0.5593900759552689,0.39855091302018725
486,0.17840730737508295,-0.8987104296684265,2.094518086951858,0.879596832123924,0.12653984526219972,1.326710176934319,0.3912453061995047,1.1268762220247435,0.4585110938878833
487,0.13692231334039945,-0.11603433638811111,5.357606579137194,1.25604744268242,0.6293862740946324,1.1911082961506558,0.3042815629933396,0.48136195552433153,0.4312952664911542
488,0.1769054156246482,-0.7971852421760559,2.0989597101978905,0.5399215979844431,0.5554548275066301,0.712355726325428,0.4829536837792523,0.6367866059802227,0.46898175200325026
489,0.15656887772756123,-0.9389315843582153,3.308235045517942,0.16487410689324414,0.8318922174887069,0.42516109507300676,0.762744397773764,0.7221050084168104,0.7645256049046613
490,0.20532528437772501,-1.263181209564209,0.9895060672693371,0.8354069289374665,0.31340155866680447,0.7870217767815652,0.18278127923524656,0.5173255000042023,0.6958568648192541
491,0.1062170171171614,-1.445711374282837,2.022854707130582,0.8355784126330777,0.4639951060009148,1.3532911674672397,0.4581248191018149,1.4485735768124783,0.9585042960348154
492,0.1767895497110217,-1.4971214532852173,1.2180988571538809,0.6798151926460825,0.3049459415173991,0.4713258724322747,0.234027390128162,1.2639289069166375,1.0904007899029384
493,0.1835708126165612,-0.038038793951272964,3.201825399765209,0.8458143733516024,0.6055898462868882,0.8048273456950695,0.19303997200972364,0.9411153076991086,0.15614533899493416
494,0.1110353154595584,-1.5168653726577759,4.259915765748943,1.2828181078223326,0.46045572945479196,0.88078400083057,0.14083984522735699,0.8860463974257364,0.7352755670032995
495,0.10045708532314912,-2.2280519008636475,2.4583024346931523,0.8209211546610898,0.11719267324028729,0.5048588526614259,0.5942723097935038,0.8895346578282615,1.078829720839389
496,0.19334809731989164,-0.35529759526252747,2.004890574147754,0.642980498787538,0.43810681534981516,0.6422664479248841,0.15534359709550788,0.8655631557158833,0.7388907441922187
497,0.15106748886011695,-0.38111039996147156,2.6726382201528156,1.2501713147867441,0.5330128443701573,0.42959511291035385,0.23163451656695538,1.3063330112617,0.7240471636632911
498,0.15498268598216156,-2.089153289794922,1.7515763932552992,1.1690628737908,0.42604613187029644,0.5901963503812528,0.2920936458023409,0.840113558494738,0.42041565408093956
499,0.1467735480559681,-0.6658770442008972,3.2063531197116686,0.563611784532024,0.33561173691572,0.3451859347804703,0.32087084006165323,1.0607919292617922,0.9796447333778897
500,0.24355261071034906,0.26816534996032715,1.9217079260398329,0.9989620018488525,0.5186501997979487,0.37631477669842833,0.33068907975771666,0.618922921716771,0.5518510439365314
501,0.12777515052788693,-0.4310847222805023,4.745874208328941,1.7511867036135056,0.5319614999845118,1.3153575098507668,0.35671037586218374,0.8540942772668472,0.6812120584913258
502,0.18211022928799747,-1.5596166849136353,1.309563507454781,0.6604020242388242,0.3854856533973758,0.9597846739315602,0.30423517312126647,0.5694596010327164,0.30174458713340735
503,0.15839814676686487,-0.49101823568344116,2.740695531802646,0.48017737005640626,0.6011988857695134,0.6651284070550636,0.16291608911820712,0.6587905620502221,0.5200729223198577
504,0.1458866849815114,-1.4390734434127808,2.122201604335716,0.928919244457219,0.23150891154725156,0.5626111395144204,0.27694822632742033,0.9192846245291058,0.36966694362928215
505,0.12695393329180496,-1.5671226978302002,3.4443299403378056,1.167766940397201,0.9963140859091812,1.5754732294470075,0.39061377347000464,0.5894365633282141,0.14728415006837467
506,0.13409196323611675,0.2884334623813629,3.8958338801849,0.7495594321763979,0.0802464794578025,1.2390858088456642,0.7005265608067125,0.9390212818479627,0.9620377550238474
507,0.1150460111304091,-0.913276731967926,4.001233783204013,0.4908382105354704,0.5494876014529455,1.2865158686345366,0.43172275760187406,0.5253529359759955,1.7326165596218044
508,0.10779957062103698,-1.328311562538147,3.69539004895209,0.36945671220646853,0.8869967325709995,1.526470662823398,0.10940351191576966,0.5990729882680126,0.12592984587461353
509,0.13725083627226353,-1.4049521684646606,2.537921409260694,0.830254835518079,0.34335607514697497,0.4740896634140921,0.19708726630885984,1.1566981606060716,0.44251326029570365
510,0.17984865429961436,-0.6087765097618103,1.8802121404293894,0.6877312146878848,0.4148528114359435,0.32594717212281255,0.108780791862937,1.4276392117037247,0.7646412229021512
511,0.16181553884383543,-0.30664628744125366,2.5646756181784585,1.8556281237179146,0.31761572095512347,0.31549566136829005,0.047576884811283776,0.6032199224345404,0.5313838517869371
512,0.13411840504551473,0.5039407014846802,3.3784644220436415,1.7016876645518786,0.9403484076543919,0.6640172219663443,0.3515401408599424,0.5917604829700898,0.5489845971359112
513,0.22590873958769583,-0.524907648563385,1.050817778615554,0.5464083364276816,0.11667100743652711,0.7169339450385294,0.41241055667898213,1.1805932195808588,0.2809814799825566
514,0.18375347619369645,-1.8159385919570923,2.0031942614415272,0.9988893762584744,1.0084430133017648,0.08323970536628537,0.1865512769504094,0.6608955453829155,0.7182575040010061
515,0.15764330918828878,-1.292114496231079,3.8403597008806605,0.47234231170090096,0.9735328698174465,0.8922822739586465,0.250255266963435,0.6617557265949805,0.7265968228657462
516,0.17415083449369467,-0.9414121508598328,2.3747232857998686,0.565208474692436,0.757548579851819,0.21815917604140433,0.12563409687068286,0.6303824860763715,0.7525410508258316
517,0.17435523666309893,-0.7951545715332031,1.7577133292556197,1.1145208416713621,0.3359502554928646,1.0003000133442859,0.29497978774037925,1.220843557634766,1.050505846859367
518,0.18529614383022025,-0.7977142930030823,2.1422676136988215,0.6562325658721783,0.14583328684778754,1.8659893529940228,0.4215760683164873,0.5801682275318,0.5713056952320537
519,0.13303858636488317,-1.381549596786499,3.9738711288351927,1.0296191836031623,0.515459194183036,1.390756912746826,0.6510395319632827,0.5252988916979412,0.47673392887494226
520,0.10618602492851474,-1.1101351976394653,2.6351177298626762,1.2499578632508819,0.33690700970646054,0.5510748248638462,0.03836325553070083,0.8484372363070012,1.4117956453183809
521,0.11808254394289086,-0.7118902206420898,4.257063272020314,1.3858103575207728,1.0261978656690256,0.5978234939643848,0.24719102619496053,1.2466678698367355,0.6929924712644996
522,0.12060490442109807,-0.7681141495704651,3.6670047206808705,0.7741175273340211,0.18321380517759936,0.3455481156622611,0.18777074305654448,1.1984203333446697,0.24415528250616697
523,0.13980793847583764,-0.5993936061859131,2.02423825615246,1.0931077944501584,0.4502061239166957,0.36267397320634187,0.13794974371332736,1.46861574767837,0.8082688870223708
524,0.13845919101384882,-0.07545316964387894,3.6290544757908845,1.7965115949344483,0.439074305514393,0.20525866965970008,0.2755997289895143,0.6527702604034558,0.7214222306811237
525,0.22756402029367534,0.4472036361694336,1.0428180885379505,0.5869744937611898,0.9074788206533163,1.3382712604112916,0.15316077756993174,0.7359237079664737,0.4256656662646476
526,0.11663613071454153,-0.8477307558059692,3.5250087796462517,1.5636799076836063,0.6949938845291956,1.2052266445703281,0.36322168692820045,0.8001812453227204,0.8803231555677505
527,0.16793051944285936,-1.2067301273345947,2.3562075107563687,1.3260557299828117,0.25193530404623876,0.2988106725227576,0.16652889421175598,1.0527872414422699,0.4573441678967555
528,0.24963241947849782,0.4817396402359009,1.6061883215762776,1.4054797473440641,0.5722471696923008,0.464541361939999,0.06694064320207671,1.1477112693179985,0.2607897811907958
529,0.1511665869221135,0.3258208632469177,3.0639000485139127,0.9857709631995961,0.36161248941828267,1.079609542958017,0.158560279565151,1.1149303703163986,0.4449279127538665
530,0.1860182900664167,0.6352214813232422,2.7780192439541014,1.2731430811093298,0.1887454917638408,1.1906404916238507,0.3972161705566363,0.6043851160099087,0.5871277542251717
531,0.12227485946793391,-1.6571496725082397,4.0069497483262735,0.9224912757476906,0.7941153615190393,0.7631370500192307,0.17062980892698454,0.6859122893763498,0.427582662610767
532,0.1588882631281608,-1.0027610063552856,2.079873875858155,0.8182949958510695,0.23241157628575435,1.6635873756650261,0.13751628103090505,1.0157644678620128,0.6396206309309501
533,0.13055353845921167,-0.23713181912899017,2.4408783290230196,1.889737654176887,0.21588477066471826,0.688171917078644,0.2798135108607726,1.1916389465924166,0.9277758126154073
534,0.1425358005556504,-0.9488897323608398,2.938038959398289,0.8198243109939417,0.2765914013188028,0.32094287437409263,0.40173647792034295,0.7666521764731608,0.7903442154591989
535,0.136749339837295,-1.1843887567520142,2.7169200488519154,1.7891272336174937,0.41258379490026353,1.2760553728065742,0.09102895860459741,0.7458018773234215,0.6862435875077133
536,0.0788357031246164,-1.7442187070846558,6.318890561734685,2.4917184900391782,1.1173495784361074,0.500901795116022,0.21151892401507844,0.7258087967738809,0.3075203910757682
537,0.1556798472239682,-0.38649705052375793,2.5707621801614793,1.5360145121819753,0.47880910233512625,1.312548450792828,0.25656713494476036,0.6031507854910569,1.0181752212221467
538,0.1673631241879119,-0.4219508469104767,2.1799166083112547,1.2656590331120177,0.32055099351411376,0.07020673480518651,0.183433742769149,1.3549212069955465,0.4173150012102358
539,0.1303145822368216,-0.9540594220161438,2.2528750983470776,2.672091552799996,0.5423019456951061,0.2707984691240244,0.33179796121400607,1.1203010014410189,0.5117925432072494
540,0.1222261260377448,-2.5339467525482178,2.0113018632784887,0.5594303214947892,0.3850179013137947,0.5999403087361078,0.2175798434011947,0.9959934810587272,0.30924032434907095
541,0.18301034025777072,-1.0613439083099365,2.2050698928148917,0.6630180629550116,0.3642246274659297,1.163273027063686,0.2845217749208837,0.9843561967879583,0.5272325625913219
542,0.1008796259398858,-1.2256495952606201,4.310106669701512,0.8404563144014897,0.211985689218103,0.7068122143410713,0.22512800546406533,1.2793432129007376,0.5350272401029975
543,0.174584372839526,-0.8992656469345093,2.055067187891789,1.6663879559789179,0.14827867413857196,0.7128649364705705,0.24056091936823168,0.7007944262470063,0.6118903886568894
544,0.21511244429059512,-0.34018564224243164,1.853549600634861,0.5596422668561035,0.5670450798364804,0.5977212002105046,0.30188015539405333,1.1448030659292883,0.8604031619986279
545,0.14811292877720247,-0.6625059843063354,1.8072917946619849,1.3753435604054574,0.5912962077976088,0.38372999030710436,0.34139275373530537,1.219001590959187,0.5311436351330403
546,0.2035685634051024,-0.48941850662231445,1.8605756118826933,0.8308642074383752,0.16496383455292415,0.48246611770854336,0.29151025831922683,1.2121781777795189,0.42856721931346387
547,0.1508184546633454,-0.7805510759353638,2.4341817136204633,0.6319898127557199,0.12540064675946852,0.420742747511422,0.14991179704061347,0.8046470652019276,1.1001513200204842
548,0.14327898953983353,-0.18093086779117584,3.105155495452873,2.204643961523387,0.1588306173148473,0.6853704488457605,0.3087915323214573,0.327681871041043,0.9986799738184
549,0.19740742899806807,-0.30231037735939026,2.78265047836538,0.9048723049544498,0.14075511774157087,0.7806232432395106,0.05218061693675525,0.8150453620398261,0.21650818434321387
550,0.15465413608224435,-0.4439908564090729,3.138424694741036,1.0418515090204983,0.4275746855944974,0.32915926247567534,0.20945022898194748,1.2424226991116927,0.6740921427694272
551,0.14826213014268375,-1.6209838390350342,2.82657260538663,1.140466858948393,0.6969174954972653,0.395440832736624,0.19399875346460382,0.8923767074456602,0.4429465900877972
552,0.1862967515388656,-0.45344769954681396,3.8458967386859277,1.0136392967448464,0.24849565183133698,0.7132959796928449,0.32672549051434624,0.8222751798690966,0.5195419987226935
553,0.12507369234040752,-1.5339860916137695,3.8075264280686323,1.0955998754115186,0.7269322816565723,0.3912046381678793,0.360163193746364,0.8375394158122192,0.6173378992224102
554,0.07681845211818937,-1.0947965383529663,7.084790857286243,1.9758285609924824,1.0437041525683852,1.6424420189165516,0.15510108444212084,1.034317290029462,0.4495975026771893
555,0.17607978282022302,-1.2962936162948608,2.1519231954758595,0.6746867128444186,0.30543956982930026,0.3042298780891542,0.34989425888902304,0.5932919468287611,0.9766060062379779
556,0.13474924192776855,-0.6409656405448914,2.87131499726926,1.7557491916090384,0.21364571577671534,0.2264240475398774,0.47000557433191836,0.7757905596507921,0.3984710788300079
557,0.18866525055471733,0.5266665816307068,2.375687824566317,1.1294987505813092,0.46168386742713047,0.5416035893492248,0.24175428455909437,1.2525828709591773,0.30547103075573995
558,0.18119739384985947,-0.9723862409591675,1.3827973067809096,0.9208359960414286,0.3034502672007198,0.2555118589042745,0.31400906603948525,0.991211010070722,0.3922561107937589
559,0.16534789040075307,0.11240645498037338,2.9034103262949627,1.4668920756388046,0.2599724406043398,1.1323133558533607,0.1927519368224715,0.7591625671226343,0.44401010976708766
560,0.1574870139362213,-0.5878795981407166,3.9002878860819217,1.2661036552837972,0.31233215327473407,0.5059833446848935,0.40563574488744963,1.2345898846442542,0.5248685207925201
561,0.22692860068818954,-0.5650966763496399,1.5433941452281235,0.31403186344078743,0.701105352028103,0.25296935521640557,0.11606429841644776,0.8939454017659891,0.603330924833717
562,0.15045530405053267,-1.4900327920913696,2.0719586054682635,0.7303828980953561,0.48087410466595965,0.5108657503610624,0.16457898348475491,1.0122317459575734,0.3443431563063284
563,0.13543114851827923,-1.3853431940078735,3.2033043979729823,1.7634582146146875,0.40090050646990966,0.9088200313662088,0.5426001169342932,0.9807107877432927,0.9278679811353577
564,0.09658714714716106,-1.184373140335083,4.240243128738262,1.09890293187018,0.8814953187643251,0.8515913952279104,0.7399761682681425,1.126355252064101,0.6120231958325149
565,0.1371146446932904,-1.316065788269043,4.151828408738977,0.966601342805628,0.45105644860867566,0.7365725739229821,0.34485640342119156,0.6911280958092361,1.1782176386625756
566,0.1506222880547492,-0.6321231722831726,2.902208522969817,0.6060285711363597,0.45805524776155554,1.3171729310887643,0.5607825112242177,0.8693116778441027,0.43584710791508924
567,0.17724835573886258,-0.3776177763938904,2.093510596588695,0.8504887402412654,0.7434138124640048,0.49102967142714204,0.028354948591300676,1.2090926034746081,0.6898629174159566
568,0.13531918323782727,-1.47462797164917,3.2305182995399795,1.7171739239453818,0.30981250804977045,1.1131875634988067,0.2546467268103282,0.6315089559050714,0.2766432385754351
569,0.19568597687581962,-0.9055036306381226,2.0952756464391853,0.6703319085390875,0.5283327847345054,0.717485450237801,0.23370942691086746,0.7644890364343787,0.444539064262715
570,0.13325425900041832,-0.08643843233585358,3.6786901567633348,1.5750870903149208,0.17669107280121268,1.303503832895591,0.2191343339561754,0.9864662217927673,0.37515079810539104
571,0.13730899762841983,-0.6579071283340454,3.3532821049642716,0.7788208136211378,0.2270551581566703,0.7729002476502411,0.27761582963106285,1.1274451446254206,0.7546556748282458
572,0.17998544825849028,-0.4345313012599945,1.942429435605422,1.4202552864371567,0.5788129691716595,0.7485707300412882,0.3248664802561079,1.1165783509765812,0.43243413117511653
573,0.14602337304991844,-1.0917346477508545,2.757013741115497,0.8827315272713504,0.8861820104486863,0.3614643590554479,0.13043695995983048,1.047390747430031,0.4446558500859708
574,0.12786995909440635,-1.2420628070831299,2.045170504026448,1.6022141113640929,0.5091428794709366,1.018585277576735,0.31439519796639837,0.7897212904321327,0.3819485371417097
575,0.1326043673696136,-1.1192984580993652,4.208451678092395,0.9194677699426849,0.850415808700708,1.2177682981081073,0.14080271193105653,0.8626919040754563,0.25922016774308987
576,0.2530077772564825,0.6199748516082764,2.320618835349557,0.25978114079510956,0.18132574573846705,1.0464259679097472,0.13536472957153659,0.7933137566314433,0.4947557535742325
577,0.12177881656708918,-1.4112070798873901,3.3369939154096535,2.3474493611794913,1.186623856730484,1.0089474925192659,0.29292155471362963,0.9272981458008867,0.22934207401879927
578,0.16278640773578865,-0.58775794506073,2.719988133732911,1.0747017651982296,0.5899624249221139,1.6568529765284228,0.12788389221774862,0.6963169060504554,0.6920863862166535
579,0.12592777423462426,-1.6287922859191895,2.460865781570137,1.0769223174866747,0.6089535518448762,0.6024403173267496,0.40774212272173505,0.7425792641817162,0.38798451081895946
580,0.22953955166544296,-1.2859787940979004,1.4475586403251859,0.3053439688929121,0.2950285646997371,0.3161585940053242,0.17418536245671498,0.6364343630945622,0.7802448815714748
581,0.1424737607689827,-0.5609790086746216,3.361355010504538,1.720751146548723,0.3726367236523864,0.41371023758638653,0.041223327463614845,1.0199230521363893,0.3519938235750092
582,0.11189846582986203,-1.8654853105545044,2.6628610077325394,1.7364027173943049,0.13559800932627508,1.3664372495284498,0.37599667284228316,0.8146472814505453,0.9213063322179151
583,0.15008665826682763,-0.4715961217880249,3.066277987538933,0.7976544885122782,0.14550182528581265,0.7891639070191319,0.19124853232784392,0.8400208628757388,0.7038718458393592
584,0.13032697952407882,-1.1294598579406738,2.5538899299737716,0.7811343778384486,0.8535705056685483,1.0213145982234935,0.7197091008355831,1.0659810150863076,0.375991159740264
585,0.15645486071895562,-1.0150904655456543,2.6617262508423134,1.1735064776478947,1.334705560223052,1.0332424320167473,0.6919628488118807,1.0527531564300494,0.37818262121483803
586,0.14559737649327303,-0.4288064241409302,2.3060782195261442,1.3945012390299463,0.6023348640531351,0.9290256884252301,0.31078972956034756,0.7879229555535533,1.2857779363254072
587,0.1070194135816867,-0.90993732213974,3.0292674731370144,1.3241408114419544,1.3090417675745007,1.2745829064879677,0.20877696648488572,1.590402141489131,0.15527117000469173
588,0.1615821642891905,-0.5186396241188049,1.713152029267264,1.1210499262178355,0.35416614508395555,0.835895153638973,0.29667385785044553,1.4262551495536113,1.0961173756787972
589,0.15737521742401142,-0.6307123899459839,2.453022179399644,0.38872984955731704,0.45502274372983653,0.6551776554104861,0.11778798037189689,1.2666810425873456,0.8793367618825421
590,0.13913800924194164,-0.7789363265037537,1.6421613717013646,0.9367947513590985,0.18485726957068405,0.4258582806604726,0.823560625862951,1.1284946314822433,1.6092590745773057
591,0.15029852042739705,-1.8891081809997559,1.5531370698212659,0.8888350108550964,0.6444286133503615,0.8766999428521214,0.19481665156129496,1.651304096375555,0.13692614916087667
592,0.13597095230696074,-1.0487300157546997,2.5326885678895366,0.7814060749477874,0.2824676438852959,1.068064064980944,0.2602503005031314,0.8421331776735127,0.46155188003868586
593,0.16063260885070016,-0.8728509545326233,1.963310955136079,1.5295546082341491,0.5331446427935139,0.7962687188752942,0.11851141650698496,0.8349186534813399,0.4891090310337705
594,0.09019545309925353,-0.6753563284873962,3.40297167414023,2.6075868727465106,0.6793319186779281,0.5716969217783326,0.5555375366676906,1.169906202964324,1.336778612478163
595,0.22943285980592965,-0.46424564719200134,2.2095240295001677,0.4549001983161563,0.5962155094266134,1.56863152250892,0.30360020966584494,0.3942120090895553,1.0282154204184382
596,0.18254210299426069,-0.5222734808921814,3.0651066914396825,1.1268531923554308,0.35811725874536526,0.42184155266796214,0.2072508797432038,0.6555289017996457,0.7710383343139402
597,0.1568718521145369,-2.4395127296447754,1.842744988308727,0.5437193796399181,0.20341178448193167,0.5106993379263894,0.26297054025279754,0.5672222117444076,1.1605021107515763
598,0.18336939945757091,-0.6061711311340332,2.0382580757305684,1.2014526767858686,0.3090891070311098,0.2860349839071541,0.17919819727098427,0.9798582975659148,0.7829192835948787
599,0.1780667736203635,-1.2769498825073242,2.0932135094533875,1.6097673833320318,0.8620028369361953,0.5787572544479025,0.8378673751862423,0.6171888557857567,0.6001632374185883
600,0.14582235229243978,-0.8113712072372437,3.0351007856947865,1.6607032045639003,0.128544417857912,0.8789836246002543,0.13032974499464095,0.6607961657188275,0.8539435265718888
601,0.20066148109519708,-0.3171905279159546,1.7889128994675698,0.885674794335138,0.20426583704956797,0.566541637901981,0.28076889685956913,0.6681866940630365,0.5732967997227947
602,0.15417061117369166,-1.293139934539795,3.2164279850349313,0.6716520379281526,0.36110787977214154,0.638572460804617,0.16462886341360675,0.9517481328886224,0.8940906971450753
603,0.14615578107021845,-0.7267109751701355,2.7541036644640218,0.6207955161184806,0.3078138419573246,1.250486818150044,0.4852762296661614,1.389697372326198,0.8283267983686147
604,0.13618033914306565,-1.3171923160552979,2.761925358033005,0.7607884274639961,0.323067416865839,1.0488962235953745,0.041414183478145725,0.5643272167749391,0.6483056179588481
605,0.1039261422921738,-1.0688176155090332,3.1419929228838823,0.7298939984458908,0.20514631549738047,0.34941129126666254,0.09776075809240758,1.516158278001813,1.1129689662216338
606,0.23625378716621964,-0.4997924864292145,2.389723653110273,0.9068965871847177,0.4248587255931261,0.5097387629319017,0.06006612350663586,0.531508182641833,0.4369514222967733
607,0.22149086563316447,-0.22508031129837036,2.1732204141930467,0.7245607363220754,0.41421284752989707,0.1857483489510017,0.09118963730177473,0.6606189895190399,1.0894727607296382
608,0.10210799875151359,-1.6372591257095337,2.2921163971180993,0.7104330961668798,0.962761133531385,0.26585852978572727,0.08696425389036523,1.5680331109963135,0.6713323057918104
609,0.1555210120080297,-0.5495453476905823,2.6265750060578834,0.6157204918894107,0.28500700694258413,0.6676647457430549,0.19650370296994718,1.1769314971336615,1.2384729432601964
610,0.1755297311444645,-0.13748715817928314,3.613735054143092,1.0802614497701628,0.14884216330576303,1.439249410659191,0.07922704319804301,0.5461113601025684,0.540829727690102
611,0.18331049800960872,-1.1005977392196655,1.8928757369437745,1.2910639039239682,1.4926433033326116,0.5710338509313089,0.14152016170380252,1.308525812133861,0.6485989966192002
612,0.10718667012331198,-1.3073278665542603,2.2307496749594398,0.9427791193494741,0.2544301663531377,0.7884567749935185,0.2830280087365118,1.3464085814308437,0.43879593575822856
613,0.14484628878171066,-1.199318528175354,2.189107520894319,1.0077862381929807,0.365105489282926,0.09754581545126823,0.5970074130821457,1.3775534627601669,0.31014156684704136
614,0.164150780367146,-0.5386070013046265,3.159116489405479,0.7814442910238343,0.5424319995920394,0.5370424305462975,0.16865013404666207,0.8898807892864495,0.5430693035766637
615,0.12356105546404222,-0.821088969707489,3.3092029768356914,1.127779729077395,0.4419307115166246,0.8985239584939954,0.1350586234985915,1.0710868002907545,0.3972239600135686
616,0.12602331527997176,-1.8342432975769043,2.1200739197184326,0.28374030233440506,0.4880718130628945,0.409000347518168,0.35893645082538667,1.1652581755405464,0.6249593177505953
617,0.18813061956059118,-1.610033392906189,2.009130757178372,0.9546906148824663,0.12443527310006786,0.5018889724264057,0.0948351291767101,0.8445533646066596,1.388179304026205
618,0.1454056781033744,-0.6002539396286011,3.225979914214638,1.108240936675576,0.24806471518912285,0.6187320603231464,0.09013500335305608,0.8818958000417262,0.11234981638578175
619,0.19966558188524589,-0.243254154920578,2.2132279731392703,0.7899017814871261,0.7284137838933772,1.6105767298092526,0.15260949842522673,0.7673321606116299,1.003432921416765
620,0.13833060594214905,-1.1424622535705566,2.2001814337935306,0.7887985429281775,0.573659504504639,1.0049086166265384,0.13700968242831338,0.32112040868575714,0.8289754439756034
621,0.19227672184124037,-0.9485821723937988,1.899581332526428,0.8181258157029729,0.47185718955759276,0.8222558328386584,0.1543327770020231,0.7728330827763329,0.6188218310624142
622,0.14821964739773197,-1.8522566556930542,1.6670575373422027,0.2301014310749603,0.2814763102835126,0.29269282005332026,0.6906159915160326,0.986079744973369,0.7968274395481304
623,0.13540118736063897,-0.308406800031662,3.88762602724681,0.9834297479324178,0.902267144985561,0.44237343765667053,0.1882851147164432,1.2591951831064832,0.5253333967308809
624,0.11934529734145703,-1.0770105123519897,3.57024006024014,0.5287308875244671,0.5527518263321071,0.4498004368733271,0.15618901348694444,0.466613299433734,0.14009128744321728
625,0.16186045199878588,-1.7235116958618164,1.8681191270978676,0.6364224897243046,0.2251910552255185,0.5272848258039867,0.05010669701261113,1.135900992898416,0.5760968336653118
626,0.15191116400380916,-0.4843118190765381,3.1085006116233616,0.6286583356096732,0.24789624376952665,1.6467570128082076,0.1500712542830869,0.8661750159029162,0.5035796430146258
627,0.17277926843761593,-1.4663103818893433,1.1288416216543595,0.7575528017077925,0.4342158600019166,0.975256659656763,0.24556118494280446,0.7449176043581317,0.6148863021601151
628,0.1529207975747727,-0.5614789128303528,3.169066352220569,0.4920755802965083,0.45032262701488507,1.266263784670239,0.1885876962456362,0.8093969693470491,0.9841689622662659
629,0.20787079491301907,-0.3546326160430908,2.4803586289951136,0.5788087601941098,0.3406588780252336,0.9536089496901022,0.31722737321835914,0.4007187504740901,0.6500077305332829
630,0.13681885203627117,-1.0326437950134277,2.5526842984707234,1.39746719814647,0.3220611116541488,0.5842606984707958,0.3598250692859415,1.6300528591328018,0.7884143507793805
631,0.13163851235585577,-0.028748411685228348,3.2688265786181625,1.9913948500173602,1.0797870984988276,1.4875915225701148,0.20030394613816854,1.3415731816783298,0.8841414554508941
632,0.11844585404287747,-0.8740031123161316,3.4318196788383997,1.596537535911657,0.3036017297321929,0.2683058243763167,0.24423484100954213,1.091595592023756,1.1851145031772534
633,0.16159260468196612,-1.0578309297561646,1.4301608971747644,1.264329777005883,0.6706705118796399,0.3604366633774426,0.41914552048457016,1.1553157521777506,0.5134050517679954
634,0.12489912934361586,-0.8866384625434875,4.581990311601719,1.0774607939592808,0.15470678041894986,0.7411412407506427,0.18871142951076747,1.150053909034705,0.3069359016695239
635,0.16766621821565272,0.07388231158256531,3.2474452316906928,0.28256874762200657,0.480223451757981,0.3703949755032332,0.36681006797250315,0.8740405144297603,0.20846045511338707
636,0.11648417443669058,-0.37184974551200867,3.628608475066276,1.6320498186621506,0.12784352996644777,1.1876009457912406,0.18650253620857288,0.869026949167765,0.6454200317076584
637,0.1449889327836263,-0.5751131176948547,3.9278976696807475,1.1697808666897096,0.3345534361025969,1.122273863626334,0.21401943673285853,1.033606084627652,0.34327995149187535
638,0.20387242196326938,0.5024756789207458,3.2177154107372257,1.3581096670698207,0.520538328857068,0.6193153231120805,0.4341957248313114,0.8909590699855326,0.27797772074934507
639,0.13158432150230168,-0.05571845918893814,4.417576720137789,0.6646520875309873,0.31492112802252215,1.0520154007953861,0.40851497085439614,0.829982169570596,0.8464710622945169
640,0.12423651021210935,-1.3991650342941284,2.869804538022381,0.5303884810199196,0.3527639766424661,1.5914345608691156,0.22177049949292554,0.7451671994507109,0.6018120355016879
641,0.08210600055188909,-1.2874664068222046,5.872325240004229,2.6970024397473202,0.44183365513736517,0.30449038681928053,1.0674879239838,1.0492456149867246,0.8960662510690373
642,0.16102917338995373,-0.7344925999641418,2.056030809781128,0.7259178024980723,0.33005846937846745,0.29457560476614675,0.2739917642911965,0.985718270101047,1.23183382839441
643,0.1638727353506299,-0.01948324777185917,3.027719038963879,2.039278722745399,1.3093932392131724,1.0114887074562604,0.5687049840624633,0.3859554230411137,0.2802612777333507
644,0.11249852501732335,-0.6613900661468506,4.341281969526911,2.8277933152497186,0.3390848387926921,0.29854641032456763,0.06716559197371633,1.1200253207995514,0.2754380359625544
645,0.14891805329004854,-1.0798014402389526,2.7525928462565874,0.6974931801040444,0.5824690760969908,0.46665112572200246,0.07538124812737823,0.5270425667768115,0.34970498547842216
646,0.13920496863717438,-0.5876172184944153,3.2912964900730297,1.9755140262082809,0.6866337113724974,0.631433772749013,0.27794518160283316,0.7768056752589488,0.6646905363122416
647,0.18985516666254884,-0.4861629903316498,2.7865269763381364,0.8548305202568811,0.544729930246408,0.9817253296164798,0.2976064794579892,0.9225664567307374,0.17702969319491768
648,0.12061442251959259,-0.11707641184329987,3.058752227048904,0.7969703517897035,0.7818607368054442,1.6370589282061065,0.44108870409838496,1.5195064303950827,0.510863649317344
649,0.16649475263125996,-0.7865612506866455,2.636520224499101,0.5512641524454833,0.2451194991654997,0.30357056989318754,0.20384726940637124,0.7246176592681829,0.47515171103897313
650,0.18145222013305176,-0.13032092154026031,2.331497645827614,1.234367560663302,0.35790344117277395,0.5460475317658374,0.3682549407474184,0.9616805704430708,0.6372017080372103
651,0.08987292943925708,-1.1022838354110718,2.4142535598066077,2.312702364606519,0.2583984128517222,1.7312704160218033,0.21126304559071923,1.9688175480528407,0.23748503202597762
652,0.17389187517987736,-1.0800447463989258,1.5187265542785011,0.5435224382732158,0.3337012903194183,0.6157816000906005,0.18599048455908393,0.9235997949056134,0.5334386375930819
653,0.13221203340658916,-1.4518550634384155,2.910653116940687,1.1891715509229779,0.1931291647207325,0.16258967577567496,0.3281471646691561,0.8851717134341953,0.6126085690965221
654,0.14424311600679543,0.1496654599905014,5.01073214319791,0.9567536829964329,0.5773423141717924,0.7227336562435298,0.5076556416886896,0.8249330670629356,0.5654119931889566
655,0.16692672210223725,-0.098025843501091,2.777026917624801,0.9087630870480154,0.0729583697650518,0.6962757563262,0.18997599474511356,0.7710649671254596,1.3150081211456204
656,0.1326608127702573,-1.5878957509994507,2.332296154207055,1.2876360713026735,0.40169433629709256,0.4756843638888504,0.7566643828458168,0.7448266553856593,0.9245620477166142
657,0.07996544165021802,-0.9283983707427979,4.224034243366755,1.6976455775600967,0.8186127969594977,0.4331822291486842,0.24043815537727287,1.6717644025813048,0.5218682694819526
658,0.16543809284171965,-1.014354944229126,2.0754347860344735,1.0912596767578295,0.18143495958343522,0.28011301109542547,0.28950832852726344,0.8423422660045828,0.6528564087084314
659,0.16422500012675506,-0.9107311964035034,3.5708597960392523,1.6020117609081437,0.3009504284959283,1.04467083192972,0.11840237289971355,0.5985160669566746,0.5310829490108735
660,0.130221562546252,-1.480739951133728,2.836555599177861,0.9441070402034998,0.5284536298572932,0.9245099994939493,0.3013145397303821,0.9084924099657756,0.5125429108772408
661,0.14494415678329967,-0.8757562637329102,3.515563285175537,0.2491988579236235,0.7263531016019453,0.5167925450202133,0.2333312227511705,0.9891920383506391,0.9395011200329364
662,0.10709144231548241,-0.5850294232368469,3.310546874874864,1.1858258856373463,0.906610254443971,0.8022493243559858,0.0651690673676199,1.1925427020480899,1.0353984694875025
663,0.1040573746264247,-1.2214499711990356,3.3430013329177486,1.056039914707839,0.3621665007617985,1.5153485976599241,0.40242084387645194,1.2312546936757305,0.30454912278140195
664,0.15698838129936135,-0.13232994079589844,2.971739431468777,1.2346225026420974,0.3803483817696415,0.7281667622326241,0.3786070440281192,0.6797932108238653,0.39813130336897057
665,0.15377282488815155,-0.15691784024238586,2.3457308072146486,1.57504489069356,0.8231400120023127,0.499963105133855,0.3880895850039667,1.5334816210159583,0.5068474119474665
666,0.17863993732271732,-0.6921951174736023,2.8621665681586603,0.8552656835199868,1.035814331670939,1.1656662418317256,0.035315969319460024,0.6304104603346885,0.754075822949443
667,0.14337186752414693,-1.240796446800232,2.306838047258467,1.1409699325974136,0.3954018025601338,0.28568354702591725,0.17993735047456974,1.2164211469067712,0.8651107770837432
668,0.1412053205524731,-1.4627615213394165,1.6558352122740954,1.682191946306953,0.2459317992667025,1.1107090012805267,0.2098531067712271,1.102186892310618,0.5429940821780581
669,0.18990847368125421,-0.47566914558410645,1.815623384269942,0.6810645622993475,0.37051655285070556,0.5370152545543315,0.3422263120740987,0.926332099816807,0.8074142169597103
670,0.15267984672302853,-0.46561163663864136,1.9626318742935018,1.1292946529756107,0.33529146546307326,0.8921568279734593,0.9607431618167429,0.7302039508699626,0.5574975112516513
671,0.23662437313106435,-0.4516857862472534,2.0730844752701665,0.5660470438972469,0.6073944223119984,0.7992175859688848,0.06509370740617564,0.6675819355694168,0.8934008991279825
672,0.08943755461162747,-0.661127507686615,4.907643305358109,0.46865441909944494,0.6804364069781709,1.2617713937121735,0.281752801603221,1.5968855302211746,0.5443179967161427
673,0.10954636189628439,-1.3802558183670044,3.1194715199069374,0.6682954506197859,0.3262974521394515,1.2762345990034651,0.11370923590880855,1.0392398221528882,0.6672800101914343
674,0.17596391227208788,-0.8109233379364014,1.9933521650754908,1.0283218919244703,0.3485160244046106,0.226135715396362,0.3277190999307864,1.2788724833385672,1.2903061738020483
675,0.14292860870646446,-1.0455876588821411,2.507501669657681,1.3181283470124647,0.1310954499449413,0.7252123783061304,0.10454883601230958,1.0684605353290848,0.581017355467312
676,0.1779494258129819,-0.8773027658462524,1.1165729934523285,0.5927265505661401,0.6451669100766626,0.7834557720272511,0.4292758496600411,1.5896205089381394,0.3383516891309534
677,0.21324521659352969,-0.7220861911773682,0.6878259946639842,0.611176674834573,0.6215188325355177,0.22150179706316567,0.2533872742952788,1.4428620942655865,0.6375201184566311
678,0.11381379452217646,-1.3405752182006836,3.1179992623024075,0.8934303406730402,0.20811065616960522,0.41724145553268716,0.33330932678285446,1.159983459106311,1.3357708241055788
679,0.13138795304384157,-1.0192859172821045,4.035829815767904,1.2590000581341956,1.1423189193350323,0.7264480515902036,0.2097585909362507,0.5582992490149459,0.4093876341153686
680,0.1489326109821298,-1.0677722692489624,2.553468000729024,1.154335261079526,0.25872001644767495,0.3287740841128341,0.29285783452422853,1.3753143359638094,0.8751896536062074
681,0.10639763011179777,-1.6247717142105103,3.8345933827134693,0.9475804670369348,0.1942258724495799,0.15634784132791404,0.23866447566964905,1.3329369205466894,0.46692253579419557
682,0.12110419217762936,-0.9340676069259644,2.717914386894317,1.7673253572670613,0.375965007223467,0.49223794857420355,0.23872312043112878,1.4299707299369258,0.8472073238477827
683,0.19787225398875674,0.6042895317077637,2.572751866918834,0.9169399932308187,0.3267168440143395,0.11752034648336238,0.2567523032769419,0.9283563096971786,0.642173678044593
684,0.19376485487019976,-0.41879016160964966,1.9628466649533725,1.4069754320785857,0.2616900397149434,0.7056043896294123,0.1990724146055606,0.9458977058457478,0.8217016400497548
685,0.14278164277047262,-0.05633295699954033,2.9214947737980848,1.012398305219688,0.7312001874649409,0.18407067294854593,0.821826137365646,1.242841749709899,0.884307492454229
686,0.12464216931211619,-1.4660347700119019,3.954944238729516,0.6319607137150469,0.1759583745545241,0.8074208222304873,0.43953381836086475,1.045557157586197,2.39861336137924
687,0.15432004617984613,-0.7825567722320557,1.865231197965014,1.761161474839684,0.21776072913077443,0.2692421708311603,0.1938850740123575,0.7991185427071393,0.6242649265121399
688,0.12522926993769815,0.17434993386268616,3.0430181383615533,0.8703384412198009,0.8733519999561664,0.9650071023962131,0.13181944595761969,0.8330839569941649,0.4474483298483077
689,0.11294435190660675,-1.0040159225463867,3.581671366453101,0.41758487088639035,0.6243036995871238,0.3107242708314004,0.36286875190832746,0.5699114522162124,0.39628089040563325
690,0.11645771073548843,-0.4422528147697449,4.130490786896593,1.4384871041950558,0.1994351450647186,1.0294587401805704,0.1889260523064354,0.8126069001347359,0.3388465940467538
691,0.21787331689155054,-0.0330130010843277,2.4264570052390266,0.7744978456396456,0.2760250239112099,0.3320471224750697,0.07309807787615222,1.1206635990540872,0.44606371667130806
692,0.1653292842593915,0.22889818251132965,1.9989890070188958,1.2919184463589097,0.16870348015194014,1.6609817734726595,0.05648228822699807,0.7882739359822991,0.9366403180672372
693,0.12370407445796726,-0.587404191493988,3.0081844306999415,1.0512722250514126,0.6483032994414301,0.7598379916639726,0.1265186982448894,0.6938902712714815,0.4542389311047267
694,0.15845140445431605,-1.8692586421966553,1.7023131875533655,1.3089106531798538,0.6473348656158446,0.6676967225304895,0.25358121133358424,0.9358837829645141,0.39811118043480437
695,0.12872155905318583,-1.586449146270752,2.946860751814428,1.21725396307125,0.05001481821604814,0.611324922284397,0.20745302581267255,1.018497246483946,0.8339525893208258
696,0.13661105649601926,-0.934156596660614,2.27449007876627,0.8072167695833843,0.8063209056986474,0.7768783021273385,0.2919407551779066,0.9550787612281655,1.3890743637346619
697,0.1669611711992301,-1.137392282485962,3.0322423688546145,0.539634612313846,1.0232704011207037,0.7391093976520833,0.6444104644374484,0.7396398260882909,0.7201411919551116
698,0.12043313275858415,-0.4064490795135498,3.9413695635076276,0.8492662689240279,0.902430003440462,0.412796692795915,0.2118239681497936,0.9433189576502904,0.7671425602583786
699,0.14905562700690228,-1.2314990758895874,4.220415312276637,1.5374329657640298,0.39349410589177,1.1294859592130972,0.20695138507145402,0.8412859352624537,0.3050832026685006
700,0.18202601694846454,-0.9239401817321777,1.564930347264731,0.4841050949255253,0.1455191194472252,0.7689214116225344,0.15871007189465225,0.63733442461043,1.1369348102508665
701,0.09750740289074145,-1.9220385551452637,2.3927368462419083,1.1301992654345967,0.427941374299582,1.2246790559539957,0.0826002587434436,1.2950744290715681,0.968139777449225
702,0.13353145677410228,-1.5448338985443115,3.429249418238671,0.9326069741232199,0.4037488889418871,1.4201512083891712,0.6312166481421435,0.8368159578414394,0.9218482263435743
703,0.14887831093615955,-0.25477325916290283,3.877188539130074,0.7293028300243553,0.3973191505174356,1.2579896259364303,0.2787131187975047,0.8075628305724945,0.43055081221064817
704,0.19951176128736625,-0.5568088889122009,2.204837532561532,0.7692649021592713,0.370893506169928,0.3516195213957032,0.3692249222994171,0.8232059920727783,0.6352952829150857
705,0.25595893649475243,0.2652258574962616,2.022449386238355,0.5783736757044255,0.2692169123318873,0.41638051634163054,0.06169199241510267,0.7562785093793575,1.1683661437736135
706,0.10859864487225496,-0.6225007772445679,5.330621707997537,1.0093807225614617,0.8147070570172946,1.327957587218504,0.2650563614559519,0.826374287980252,0.206366879120113
707,0.132400352574394,-1.3368405103683472,2.08040329574006,0.9036065439136836,0.1365745497164986,0.18578495481869417,0.09169405582724091,1.7374347922365965,1.0802719934548637
708,0.21120973669397797,-0.4022212624549866,2.306653394482853,0.8533517000247208,0.3733995364196194,0.3104941819245815,0.06769859208712342,1.3143560779504864,0.7622995119271895
709,0.153166474230364,-0.1313280463218689,2.321266400018385,0.6095603860024336,0.6667298187599094,0.7433685280869194,0.3721506227233169,0.9300876600319407,0.7266090143235888
710,0.15394260999979884,-0.5625758171081543,3.926202999719891,1.3994118764749566,1.025235538882906,0.9219744881630453,0.5554689977777048,1.0621947658498074,0.2753968970650281
711,0.14171651879326824,-1.2675018310546875,2.2861761852849916,0.9833156840714297,0.5959403372267574,0.2505454691168319,0.12193250508378149,0.9484000665439852,0.4436663822951128
712,0.19176401822070882,-0.7314701080322266,2.717147747515306,1.126645191035044,0.2674910104104979,0.6368101767443466,0.18623313561377303,1.4497161985772398,0.9646675884913404
713,0.1299721198553038,-0.9702544212341309,3.927609711473781,1.0291065181845631,0.27391364705559185,0.9962761837236651,0.6772020996890605,1.287040137435634,0.732700410512672
714,0.10855833861174048,-0.9149443507194519,3.581430564314806,1.5306346986513115,0.8868088556003273,0.5564364097212507,0.5278854228995841,2.084285438537216,1.4857089323247192
715,0.1598834753637217,-1.1777760982513428,2.6588428993984037,1.412942859548043,0.212586160364802,0.962226543141293,0.08508961421574152,0.8302601430205707,0.36478851134366347
716,0.20204075571064256,-0.4064515233039856,1.6903693362765309,1.0557771957765059,0.13807716820860547,0.8005701813040125,0.24298534349451859,0.5163327033943401,0.5835755424353508
717,0.1526707283664386,-0.6579981446266174,2.3776420278626174,1.4363156514943776,0.2996834839681027,0.38712511937535005,0.18248749177175352,0.6679880066401643,0.384274045198877
718,0.12203752557422415,-1.2877771854400635,2.259282856767252,1.498890092603102,0.1882238489223054,0.8042005311261945,0.6610379447113102,0.95387036205912,0.6736030603207183
719,0.16136299485026576,-1.0208964347839355,2.9729282079418446,1.2345236394624093,0.5039608964245681,1.0211276850372564,0.16320272468336797,0.6191074026096621,0.26493369799592936
720,0.121003696407695,-0.9144802093505859,2.5705367896443714,1.4156027313347004,0.7228252680177457,0.7691564474640316,0.21821910347809542,1.0837037285109183,0.41276446202794165
721,0.16761655695539315,0.6604392528533936,2.7051125856724636,1.8593530201405093,0.5723853943872415,0.704507400543463,0.21866460074183589,1.1811469938549612,0.548360811757135
722,0.1663308911422355,0.39148300886154175,3.1949345903137507,0.9183707924678013,0.8508075453873263,0.47003378579547,0.3212506654795159,0.8062516415197084,0.16174907944682046
723,0.11485980862840708,-0.3728494644165039,3.2845067700507333,0.9912838464246859,0.2796420116285975,1.502068227596396,0.3670054054961485,1.2426527141196237,0.47892136034898525
724,0.16288377559413356,0.027831198647618294,3.4683076569979017,0.6557777045035285,0.42112523875930263,0.3680558668520897,0.3427555666492857,0.628143414627115,1.4970818094654648
725,0.12126697472140653,-0.8183082342147827,2.863271918118192,2.6089650731560563,0.49209197603415444,0.32928999301173145,0.2545482094673713,0.8320059104407102,0.7773110785815287
726,0.1390091583270038,-1.055806279182434,2.5364741499482766,0.5444698877108685,0.04520928861100796,0.5589587936240715,0.07808846490411424,1.1593697584463962,0.47980141135975357
727,0.14264288778943987,-0.9220244288444519,2.9513642551165273,0.804753700899054,0.1359218965134102,1.0767146681950301,0.42258124967969857,1.164874535667079,0.6168640172741241
728,0.12553540890619114,-1.507185697555542,3.0697462573470773,0.2703714288574936,1.0482662829583869,0.21767648218716343,0.08024691950079606,0.7505769982012658,1.7670287424675175
729,0.17623515890197589,0.9387150406837463,3.9976279771277476,1.1828824762936723,0.13314495051590028,0.567890943501121,0.24843765678532612,0.9263173785821526,0.43229277795375
730,0.18018000850120894,0.4594103991985321,4.088153709859127,1.3778168512226858,0.2683311573331791,1.0701682403080532,0.5700300516243486,0.6526613461540929,0.5777370891476137
731,0.18439151657160094,-1.3153252601623535,1.98313225408745,1.189812107797587,0.1533381854961297,0.44961853967740195,0.1173002391992375,0.6694638317015843,0.45623160463423523
732,0.1781549945395222,-0.47504565119743347,2.12033551399953,1.8579965606943294,0.3024627693054412,0.7249125597422411,0.5299326505835369,0.7039173884136829,0.2037988199914962
733,0.14160794935501528,0.044931408017873764,4.335588833068011,0.7983450059740392,0.2663365696459424,0.6237404801677335,0.24060663500301638,0.7618638768199781,0.6179299763501482
734,0.19438050692837527,-1.149776816368103,1.8859388476380032,0.5115364855172888,0.3258364515295067,0.7446010291297155,0.05114173892801801,1.1543951390899867,0.5474640524786567
735,0.1299922014802755,-1.5558522939682007,1.9179127547185941,0.8294922441880509,0.0878642934372586,0.7013601657866931,0.4643718265324844,1.1415748460994324,1.0347131286659426
736,0.1354167966840381,-1.2646820545196533,3.5894904235982077,1.9256693398460898,0.16096804518317406,1.095708340636928,0.12434944444482363,1.0438889587020805,0.5606192192687329
737,0.1875718769135134,-1.292523741722107,1.9966051850951194,0.7573706737173552,0.5755637419180759,0.4522689246156369,0.18979594664919988,0.6961668240168721,0.8817523353103063
738,0.14800085282709255,-0.8134558796882629,3.679410738755764,0.7943790617354474,0.2782280880322255,1.7130714649371501,0.5507448480201974,0.5845064728900905,0.2942808118380539
739,0.24633947211784887,-1.0569381713867188,1.569655563210369,0.7325400632000428,0.5911908023883294,0.8309843102804811,0.2400490051088881,1.0430118531730959,0.20328134474429427
740,0.12090475414605065,-0.06072405353188515,3.5346835877489124,1.305932970854395,0.38042537868264764,0.9395171042780098,0.17725101809482807,1.0142359980289177,0.2793364216142034
741,0.13456579481926487,-0.30340659618377686,2.6271829836324376,2.206183011867278,0.2292154168094947,0.6099041168980416,0.5733331248082371,0.9855028201921283,0.5814123561355264
742,0.14363736938609137,-0.6213107705116272,3.038380212926302,1.3393107910351956,0.1397402226101998,0.16417238518967744,0.06861238724852659,0.7987980253663248,0.6869728716452456
743,0.13326353624834564,-0.792879581451416,2.6058668933680185,1.7185563282618026,0.8732905371909828,0.8536116405256345,0.6145302581331844,0.8109834521934518,0.5939076876461349
744,0.1934100626617657,-1.4115382432937622,1.5243554152185645,0.6229316993922623,0.33134064383524,0.9757995670899285,0.09184147744441828,0.3523814621651473,0.9057945437544357
745,0.09818836646080602,-1.6030771732330322,4.109044353383909,1.881745313911208,0.5514711632413125,0.9867285617580781,0.4769284730427761,0.8807725167891108,0.7045574986772672
746,0.12432199415137747,-0.7828093767166138,3.298486748820263,1.1682575451646346,1.7603683694584509,1.0078145192345036,0.20094348899060296,1.378697463780647,0.5908049344099672
747,0.17187003014595004,-0.8306242227554321,2.4829877454769194,0.7812457554732287,0.4134804790471639,1.0249483410209972,0.1345738799745168,0.8095398560272914,1.4238154127760398
748,0.16697004831709453,-0.9915479421615601,2.627950241367164,0.6687898876622962,0.2975913664450614,0.6461956492784089,1.1273536290224093,0.8532531318188744,0.9153809858803206
749,0.16088371293780507,-0.3601396679878235,2.2306116635912865,1.1399385442033965,0.24964456124314427,1.1811158062484959,0.2793427152899164,1.2519586283476398,0.4959553737445325
750,0.13810885750062846,-0.8742901682853699,4.105739777993564,1.268351865450914,0.36196696414478563,1.0657838608226828,0.3145400120209617,1.0183560798549152,0.5540900863424566
751,0.14876099179292315,0.1657988578081131,2.883510510506462,0.5178010708645212,0.133273735612081,0.14548657968083675,0.3879009898576266,1.1038193182211338,0.5120055138912851
752,0.19611880833815035,-1.3100311756134033,1.7304639539401192,1.4077984034800055,0.16908205182309607,0.20354905345996555,0.16560314762476802,1.1925957652579082,0.5360194310959495
753,0.14734341902171388,-0.19828718900680542,4.494133178570609,1.0070181781489256,0.20073186817380684,1.1183470220927725,0.628919543694011,1.0020010729084672,0.46281162995126857
754,0.14838285886627672,-1.1375985145568848,1.5027004441247314,1.07484259620913,0.551247592310616,1.2623447926390126,0.25953725591296595,0.6266074180683335,0.31457451031674394
755,0.11601983821482621,-1.6666951179504395,4.106152888095045,0.40544287629124137,0.30436003201720585,0.30465616897915176,0.659847435353564,0.540544417985276,0.7788504658152092
756,0.0810885534868314,-1.2026358842849731,4.355096877438925,2.1000130063053466,1.004700578147026,0.5736677450216333,0.22889968003730887,1.0137968337438117,1.2744388165225058
757,0.14239473824460186,-1.82640540599823,2.3024877219588964,0.6491915115009229,0.2540227002200411,0.40956216575191035,0.18019998520019162,0.9423622519518363,0.23676528494161692
758,0.20417870560916684,0.10360118746757507,3.2610447044010686,0.22027594004445206,0.154902597452631,1.3385284146294274,0.09161163106685585,0.8947084043488555,1.562835859946692
759,0.1361374719991196,-1.8560841083526611,2.465677297733475,1.2339510547344357,0.8099971881010243,0.5137827804117095,0.11411033508611187,0.7904198866056216,0.5940582260619856
760,0.18281398779036925,0.01925039291381836,2.63178251973172,0.7954053320512229,0.4593508195359625,0.9046198925648711,0.17971849854410366,0.8119779953019813,0.3886100785715759
761,0.11386701933228029,-1.0375115871429443,2.808509534347621,1.806033382172413,0.4262648839656145,0.6209475771739272,0.20619282774997014,0.8820461358584366,0.3374017723427298
762,0.17088554006422804,-0.6455038189888,2.110608796850601,1.298933576116,0.5436935509176352,0.9402600923808163,0.3919876100033864,0.6526004095678662,0.8156944856973484
763,0.1642419939683209,-1.4613027572631836,2.4955996114355163,1.6138346837856188,0.6652591286149155,0.6203646629547276,0.282453400663906,0.6054344009077495,0.5266422822443733
764,0.18719392176506489,-0.5816954374313354,3.7851082122466444,0.7300042486253916,0.05579248880794956,0.26289631740732244,0.19202850837748142,0.9448521656984724,0.39879219922984954
765,0.134461821968203,-0.7087200284004211,2.319664625919594,0.42701312627643584,0.6076996404152969,0.9858371528144018,0.17077850286861077,0.957051221099304,0.5743144302876036
766,0.19803661410117535,-0.13990835845470428,2.58359011051503,0.9965634554830439,0.251801422357516,0.9339002912113245,0.07372788513662727,0.4611113150311211,0.4630184863291759
767,0.16440859926541032,-0.06568896025419235,1.81020610959339,1.163473704131424,0.22660936840361282,1.173796826246647,0.2578227832517951,0.8867528213610303,0.6083076724330831
768,0.1403814860755826,-1.7577275037765503,1.2342207707887922,1.0103435754208365,0.36762859044664165,0.5780863049296779,0.18084036722427255,1.244502638692061,1.0321663839175592
769,0.10900921065895408,-1.261433482170105,3.574776492631216,1.3874090662690415,0.5663691408344151,0.9224934064097873,0.3032724151621936,0.8475175614787411,0.8446612737964946
770,0.1796772832744673,0.17703762650489807,4.018084290701312,1.5432152743114715,0.42791724508011797,0.7279410193972409,0.16426803633073564,0.8392219266970335,0.35014315137370383
771,0.12023359587307264,-1.79105806350708,2.9954141296743066,1.0249503837761422,0.5567381380373171,0.467493805021083,0.5067934589378107,0.6348068975782059,0.4404083204487649
772,0.11541324085600617,-1.5294734239578247,3.1643030803861367,0.20334836010153348,0.5620766231083555,0.7526757622725241,0.24607232816700084,1.6481929989231263,0.6245415815610437
773,0.17950417105996958,-0.2349844127893448,2.6579924765624745,1.2361038772943904,0.15395729181120676,1.4075499639744764,0.1706718785937408,0.5932046421152491,0.8492109301778002
774,0.14508279814080005,-0.9699787497520447,2.9292757020460525,0.6921311456100329,1.1568100113633442,0.37249375744218743,0.1646341427012214,0.8592174469219128,0.8974526234613094
775,0.2509550459220228,-0.18316486477851868,2.1709816656511367,1.1626848038375321,0.8305887051166334,1.497216825126915,1.0646864326822334,0.5233364392049202,0.19492978505692504
776,0.10705583027561706,-0.60121089220047,3.657596857504319,1.7630866888446313,0.8744242921403645,0.576117505540554,0.4941980337912127,1.4446770448567272,0.6505971115596919
777,0.16089075172353162,-1.2710771560668945,1.8549489179445802,0.7233441393474164,0.8710129116362769,0.956866884651018,0.14680817824930073,0.8086835889748644,0.6853383609305223
778,0.15032575670426146,-0.9300132989883423,3.4527512802425604,0.6070549281250497,0.6877349654638027,0.389931729788535,0.3911733704978123,1.0563816623614644,0.40743256732823774
779,0.1794174422372622,-1.4700570106506348,3.188357721311551,1.2983581449378354,0.92425979425494,0.7928075057250746,0.3691451536561891,0.7752620926881656,0.32581571017085514
780,0.16010214302251116,-0.3150990605354309,2.431245298232652,0.7927740380708397,0.44843735806537083,1.143693871325714,0.3324238504862956,0.716046767525903,0.8250944705659992
781,0.10566325985306507,-1.3122437000274658,2.8533411572289733,0.586135629926149,0.39703994237122964,1.1203151244728327,0.2754460805993134,1.2232246061337109,0.5956976374306111
782,0.14256977079448097,-1.7434645891189575,1.9329260974031923,1.5295638618708882,0.21090977584341752,0.6157801870096458,0.22667688630063032,0.7630272762166219,0.3984311558578238
783,0.13615107245583802,-0.6765733361244202,2.877592212113213,0.857117810888195,0.24064728160363297,0.36471933139304985,0.41364398401998126,1.0154470800126356,1.1508930951354197
784,0.11454670857835392,-0.2536552846431732,3.803522025997095,1.6506311022831224,0.43885449908961527,0.8274189725479306,0.6228091094423716,1.0647512037767655,0.3364396826108052
785,0.23054111829990925,-0.030966227874159813,1.7596659242697519,0.9465608847577133,0.12015734004385534,0.7561911538191733,0.16462325067639094,0.5598498209639643,0.8876072770000986
786,0.18361119183057822,-0.14688807725906372,2.9815661358126606,1.5754287188582603,0.3590299988043844,0.7648758394278629,0.29080924205600356,0.9080667727473295,0.6463764506435287
787,0.10868738687848392,-0.758821427822113,4.863482205073975,1.6642366867265275,0.14373947531947176,0.31153742467329615,0.5005469023268132,1.1522410570047301,0.3309502695273833
788,0.21185417095897932,-0.9394456148147583,2.32675574150952,1.674126358858831,0.868985369283821,0.7787357511649432,0.41058069455794244,0.5470798873272461,0.43149816972848803
789,0.14296314975258181,-1.4376634359359741,3.1006416756674917,1.1411027922167596,0.855931457792447,0.8066620750347666,0.22024886874267663,0.7093084330575801,0.42215266996140505
790,0.15173184375358956,-1.1989238262176514,2.384274760045037,1.5410961132511611,0.111394576493737,0.4891182726759854,0.12642956366722605,1.176091287968402,0.2712339438370136
791,0.1385587556941105,0.1846153289079666,4.073117081851887,1.1243029218169376,0.6331819142960042,0.9562778828218588,0.04399521536416558,1.0631048027418162,0.23769810685998147
792,0.25466970753254903,-1.0962669849395752,1.712430659079324,0.7417072118632051,0.6246265174948007,0.7573259836540467,0.10856636242895687,0.6916023447147395,0.09429209440991682
793,0.1361436066431338,-0.4914523661136627,4.537899704679233,0.7545427360306947,0.8760349710067746,0.7049054493173655,0.44697329613896014,1.0907779604739745,0.6595765861097984
794,0.1473932936564153,-1.0213569402694702,2.5052458578902104,1.1139183958024985,0.08499223178744285,0.11853670771982718,0.2341246077796046,1.5157672971057343,0.6821124447133521
795,0.19843828274012468,-0.5513105988502502,2.1925169008814462,1.1546064312764264,0.3355166912815256,0.7883232715534503,0.18881730361066404,0.9271116170964255,0.49494281286445124
796,0.16281613990956564,-1.351374864578247,1.9680346227394465,0.2930989269257352,0.2451826528463391,0.6343772853767704,0.949726394391147,0.8656230427191569,0.5856366710516708
797,0.1394549071661063,-1.2325643301010132,2.055321251069242,1.4835500665629118,0.4232599253630994,0.23214212922127356,0.25440917855477607,0.9832677769093643,0.7136726411359934
798,0.181948827593719,-0.07229442894458771,2.077054847403215,0.5881145118786012,0.049798049478631624,0.5755386645792905,0.13758434611870007,0.9216750102430292,0.7270324424774891
799,0.2016918950426223,0.23123182356357574,1.610538091136562,0.887386933038691,0.27987229095749294,1.211579559811483,0.2594400629867427,0.8792371443611154,0.4616567074636671
800,0.1928931182808629,0.5433843731880188,2.7626521021116535,0.7968229513195132,0.13226039669919504,0.5014744631552376,0.73245981538735,1.4744802792581377,1.0209069363242804
801,0.18445551489515025,-0.2561323940753937,1.97524463300865,1.1609717233441077,0.6911940306628418,0.8043438668183953,0.8398096852532919,0.6525894209709764,0.8660535823255722
802,0.13283456858714035,-1.2829266786575317,3.121195985623971,0.5370712725319475,0.27669059967454634,0.5614890642035257,0.4001350041105484,0.6732716645306188,0.6627597976124191
803,0.16192300004937035,-0.22694964706897736,2.8722639747852945,0.7465220786400392,0.6110174281339303,1.0953369732318121,0.20836385905689697,0.7189460069704443,1.2144653390844184
804,0.17939156435041742,0.43263596296310425,2.8120925084659296,1.3004184969393429,0.7959386701253832,0.9832592715578833,0.12708188076814997,0.8571191008662827,0.7403431330761403
805,0.12096792827877231,-1.2173078060150146,2.5170047323103084,1.4378736759173716,0.4086286252634021,1.3114221693366095,0.9329320798948789,0.8964682292499783,1.2228250341942486
806,0.15294900133501352,-1.388564944267273,4.251281912337409,1.0266526833019887,0.18430585382970358,0.7248070315039635,0.08497158555757699,0.615778627118851,0.6865626870038758
807,0.14225349333642276,-1.1489777565002441,3.0361462411796105,1.4905634696957963,0.3821226221600997,0.5574431173102635,0.3242074721164026,1.2492818169865791,0.6070544758340513
808,0.13487565558832212,-0.6543221473693848,3.377776604730336,0.6777457031791615,0.8391965036421252,0.7393398158006949,0.30373697370583785,1.3543166544240506,0.44325472554760326
809,0.1498635177019299,-0.18507073819637299,2.4162309895560865,1.3058204973737155,0.19345442802469706,0.706146737567529,0.1992285089443513,1.3037173559202349,0.6003145026779217
810,0.1669450303848498,-0.4384635090827942,3.3533652524096085,0.823124042161142,0.6565471023226983,0.410675732336898,0.21544241997671926,1.1225746285727458,0.889244233002509
811,0.1816813915384825,-0.3538835048675537,2.607627283374846,0.8563011720903633,0.2572029003935231,1.0163900449946601,0.26454466571459356,0.9700745834510888,0.4667953944020629
812,0.1424428698661598,-1.0821139812469482,3.7432105030156713,1.6596763483345363,0.47427801177011064,0.5371791956318229,0.18194765633800336,0.5995610947334958,0.35630047538151743
813,0.1257211719112451,-1.9164769649505615,3.900369253276535,0.48587997452495096,0.3853409041707417,0.4677531868005971,0.3898088235878682,0.7330291186404677,0.6745747248633558
814,0.23647711771601687,-0.9047662615776062,1.6782640888579383,0.5515704403095022,0.48764179976473115,0.5525480563801377,0.11940913703733376,0.7415378657730155,0.8689638096476545
815,0.17162579647659354,-1.3623491525650024,3.383779184984193,1.0002215194663358,0.1928668831676609,0.6977037417716875,0.16381001998030148,0.6660614655996941,0.25210871434025545
816,0.16337121651086495,-0.49491918087005615,2.5197976490702487,0.5436194743374716,0.9388868724452539,0.20517302247405836,0.8862809158710229,0.8010184475483971,0.8893924221027573
817,0.1443333154032288,-0.6914286017417908,2.37443738304522,1.0170772778824362,0.8359909567512187,0.590427905131633,0.2587900985741816,1.3369054662139106,0.7501995054925814
818,0.11915264777139699,-0.7394282221794128,4.721031082836963,0.7979507777595095,0.4292617771317178,1.3118524702723224,0.1729813596745158,1.264220038874507,0.6793751243091358
819,0.1604937245131791,0.01780448667705059,2.338086382275126,0.7905962137589782,0.4345670038555225,1.3115697175705154,0.1044447205261023,1.1965870210751235,0.43892785159653874
820,0.12926258450104441,-0.4751795828342438,2.9058895567368475,0.8807332884328468,0.3587975004867406,0.9526253200785018,0.3608190610927749,1.6888147142073195,0.21431664095793415
821,0.165843950864869,-1.1612484455108643,2.2971446307927668,1.2864343579092201,0.4575633349614015,1.2955033041357176,0.2070415014529626,0.7976524797845068,0.4495827103696468
822,0.13004911626897034,-1.5747692584991455,1.9131329743550416,1.0842904068152184,0.5593077266677742,0.5946977666481602,0.4160975608112165,1.31919366859667,1.097332463070259
823,0.16337530638905481,-0.10880199819803238,2.7797716630040483,0.6406384262339574,0.8827730940202844,0.21826733829010142,0.4695299325957471,0.8630128916258328,0.597040436332367
824,0.12090354346264531,-0.7441303133964539,3.810855368543402,0.9301406806248332,0.23909689571141143,0.8978473500160877,0.22931394318701448,1.0843610968087563,0.24742658341744755
825,0.15161809577656274,-0.027449578046798706,2.353461526124695,1.8965515029087374,0.8677473926925748,1.552071536347532,0.06434674043828334,1.088287158023399,0.31769702267127947
826,0.1254090184352255,-0.9777558445930481,2.874597011925078,1.3127772268979379,0.5081686938407999,1.1149910869451554,0.721199266542585,0.7829310084211509,0.7103764194949068
827,0.13517127555030642,-0.5931221842765808,3.3979528300720987,0.8742266894114292,0.22666905005881696,0.6574694356057323,0.10307353214466869,0.8843894123649948,0.9687455152956622
828,0.14325487434605816,-0.6708931922912598,2.38012438873516,1.4598469937426215,0.5375971659325879,0.18730691567189547,0.024588104829855736,1.624798307153439,0.30437320286535063
829,0.13218700746213893,-0.9347195029258728,2.6778390565697596,0.4238796566585142,0.13466792161367466,0.9355102228671602,0.23467541321488045,0.6933496086069919,1.0686473881524179
830,0.09744463140035553,-0.6900543570518494,4.347809708748341,1.6514839293620605,1.7688882519812543,2.2237684941968956,0.24406972710093452,0.7472378979900931,0.557153692599201
831,0.22142233205452896,0.40061771869659424,2.3046845927462893,0.6143451637666544,0.7083566528151474,0.5466933523223969,0.060812051817477286,0.8993439431384029,0.5953762851883847
832,0.13540933885107073,-0.621809184551239,2.987549047835399,0.2980599426591313,0.3154451551630417,0.8187152689349998,0.49669957418850824,1.1239475039608346,0.8445163031078193
833,0.21536163723254437,-0.2074723094701767,2.6036588431590864,1.2493199798564136,0.45562249598440485,0.9282704970064201,0.19064191369537153,0.574597836862399,0.6001220646643556
834,0.14736695760545987,-1.0707507133483887,2.4645271176480708,1.0146447977059767,0.2979317370057778,0.6970450127178528,0.41615780764497157,1.0544066695071324,0.8386497880314789
835,0.17684804238996982,-0.6009029150009155,2.4782310766166114,1.581558573107073,0.4680061570431339,0.2125943967540245,0.08319514342448864,0.9515762607229137,0.6088610391959781
836,0.13069539617628578,-1.6911860704421997,2.803892083987608,1.0058033752360813,0.14927955773986543,0.42797407589937725,0.18168749922805308,0.8014314716108804,0.943136384278155
837,0.16310075251615833,-0.013095395639538765,2.537028154628495,1.1220872149721297,0.5395074479593259,0.37276670217207336,0.12468797163627766,1.265364307786194,0.49781642623875444
838,0.1535958662163813,-0.5235565900802612,3.466844750160146,1.6544170725278202,0.1922488058811703,0.24986056307867335,0.2969526396715849,0.9127211508274677,0.46198259482322707
839,0.15515632238293264,-0.3323807418346405,3.6558937258767155,1.004536915034244,0.4693084463709162,0.7960574728616251,0.16460243027048935,0.8996824759901766,0.42293226150830643
840,0.14341497815819748,-1.3612161874771118,3.4211080666828297,0.9426121922484209,0.12446117568116374,0.8807380918111694,0.18588070007970392,0.6429311768879516,0.3928476333681979
841,0.114666061072516,-1.436245322227478,1.9904247434593765,1.7305686479516242,0.35338892869655264,0.23792198021001792,0.10111592037536667,1.0450157598274339,1.0692635970121467
842,0.12734778711234793,-1.6084092855453491,3.4765824677828276,1.8480181741691,0.55462659464467,0.5755058015405645,0.17517119608071433,0.9916899643945969,0.8452952637235575
843,0.11995145342617802,-1.1819030046463013,4.175051691826389,1.2265665758889568,0.3851447834879011,0.5950539003889075,0.07780565348997251,0.6157982269749901,0.450958463211675
844,0.15536252405308063,-0.3322470486164093,2.755768723324546,2.5301199282402997,0.7437087601058151,0.6159208136342587,0.29191350644447434,0.6904709245151175,0.22989420677769293
845,0.12599309232702927,0.15188561379909515,3.0108787490815483,0.7120722792485208,0.55492813541682,1.3180438513727117,0.15206203436364485,1.1967284434133616,0.6587581086927595
846,0.15376571256674426,-1.4091836214065552,2.494820584069721,0.44880281144925277,0.45055102402620106,0.9424013324602969,0.4288861856099751,0.6550141666311078,1.0712614137236038
847,0.19288713976410043,-0.4118209779262543,1.6793491901384443,0.2354143717934866,0.2099156822148214,0.16358156892446288,0.1850133111818339,1.272220726733463,0.7913056654592304
848,0.16236236532486384,-0.14804433286190033,3.7247445380149764,1.4457753146943637,0.6637903373459393,1.2491910685028067,0.10242513842274319,0.8497238596878512,0.27275824619530664
849,0.13387745633960837,0.8557052612304688,5.435031153083393,1.2496083240494462,0.4827951837347381,0.7279241630957134,0.22940581172801128,0.53277058933485,0.6068468555806953
850,0.12719315591655148,-0.8344262838363647,4.608676627237103,1.220209258743133,0.32522645432719505,0.527074861548363,0.2542726485004318,1.3116265915868783,0.4153492090847773
851,0.10364568840786179,-0.3385244607925415,4.528527530444183,0.764261303224165,0.5640774872252005,0.7482262222678127,0.1447249179531705,0.9047405253748374,0.27370778166122506
852,0.12696268109615214,-0.8401696085929871,3.8857240667845248,0.6931658524278045,1.1183515965538364,0.7675162494794371,0.3739239299819517,1.4076223265792156,0.8903647014024397
853,0.14869159831211262,-0.9446092247962952,1.2036826337894304,1.2733348765301635,0.1942424047723305,0.7883318351134947,0.31973458978091585,1.4129670724182064,1.016850105170404
854,0.10632018696692123,-1.6118139028549194,2.4122530178323727,1.7439120358893136,0.36081480283249334,0.40496094901486995,0.1487469119077168,1.2059040073250356,1.2149205082047518
855,0.26942402491331463,0.2631666362285614,1.881534912087192,0.46972719252443274,0.46883798128854226,0.2619559636659302,0.3269777807913236,1.4213115660284286,0.15257510034190797
856,0.15636977992843126,-1.3827216625213623,2.366033668012643,1.2449468410030737,0.8521350431834752,1.4382585381485093,0.23493987453967205,1.087825962429021,0.6520958251900315
857,0.1502277829254168,0.042903922498226166,2.9960362296990377,0.9758596995557176,0.5482022151123672,0.979274519909572,0.032586149563522494,0.4184981362991883,1.0595556709438734
858,0.17124746986206218,-0.9778031706809998,2.3201143000794815,1.2905626498188092,0.19833843356009043,0.5688091943967286,0.22202322347113929,0.9300992188318107,0.8049031801340736
859,0.18848296199043008,-1.3522310256958008,1.0298275695537003,0.9257443778085118,0.7180281566973589,0.18171613446781823,0.40538746680095955,1.6292706276965643,0.5897313690808156
860,0.2119127706276141,-1.1542459726333618,2.763646869223979,0.9939058928421644,0.7139981964374317,0.22501258078576328,0.1231226858726599,0.7437448000466541,0.7057847123077124
861,0.15619290494432025,-0.8604072332382202,2.3774308766613963,1.4348500530924468,0.23534032365397167,0.11472865602204724,0.2152375691805982,1.0291138559518143,0.23014425364527086
862,0.14383887600626774,-1.2914882898330688,2.5157179953648003,1.3072885901961901,0.7749463169857614,1.304916391429226,0.2141091340881538,0.943073913571428,0.5500961102740365
863,0.1108846018281173,-0.8957902789115906,3.871043422272665,0.9662792985899545,0.4318070660977965,0.5433317213739901,0.4026977152801427,1.0638718631899424,0.91751905625868
864,0.08502415315069299,-1.5117614269256592,2.6537194491102256,1.6240432328224739,0.2786520575826948,1.206976248843874,0.7299546905452227,0.9761018464319422,0.48227578245577485
865,0.2251931222896648,-1.634199619293213,1.5402723807936078,0.6132832136673252,0.3682646645950802,0.37611482056265366,0.10448621476848727,0.46202277204420966,0.5134251878351943
866,0.1626929187545881,-0.374960720539093,3.1658130522600376,0.48588770709425766,1.0352686109157667,1.545070301638334,0.5126735285033904,0.9123352608566933,0.7785565353719918
867,0.1779915602645529,-0.5729429721832275,3.2190117939351595,1.2665602293564033,0.16110705189520166,0.4279907592693157,0.3441788357179945,0.7617343540212312,0.6622458383837132
868,0.10947388262718481,-1.4613995552062988,5.732230472812216,1.1487997948959452,0.2920154847421122,0.7903776629791427,0.45792061300115344,0.3551162248329373,0.1354542534845219
869,0.09855492278454066,-0.8869479894638062,3.0864587933498218,1.0688297106136195,0.18727840406112672,0.4963854692972363,0.3158729647952936,1.420169323092878,2.1063512994016356
870,0.16392879128808457,-1.17046058177948,2.1482089112390117,0.6935673113342302,0.412892022022975,0.30795459665231917,0.7909407712398401,0.7947940984548714,0.5777540662533377
871,0.11985525754491443,-1.0384551286697388,2.8717261138909165,1.4601920001649469,1.2102443043987825,0.23472350800860306,0.139388924228891,1.0878212939964735,0.6458815484915265
872,0.15725124003690388,-0.25968748331069946,2.506042330907123,0.45735583525567036,0.28416809828156614,1.5555845747314,0.6505242506321994,1.235371665893643,0.9816837534840075
873,0.11530567335397304,-0.9266696572303772,2.6344496589636677,1.4782046567399334,0.5645109693748428,0.3152066480412073,0.27118072794309617,1.4596041153129664,0.3974119950655571
874,0.15826321306127294,-0.7779974937438965,2.026295124000264,0.2715864473352391,0.5419066092137313,1.5632533776336228,0.21827316673464905,0.6185651302333252,0.8405956404218395
875,0.14184551190326908,-1.6900596618652344,2.731561095879353,0.6113179080472066,0.49686885825427074,0.7789898288386096,0.44754765994730367,0.6174207330393275,0.5920219743710201
876,0.18123282198955104,-0.6639176607131958,2.083575194749735,1.388372064744168,0.541589062603746,0.6634252529484611,0.2633001884115988,0.8445553152569149,0.8699139898205573
877,0.12526549169746395,-1.6066462993621826,2.8745952985322507,0.6286960512589801,0.6155066059061565,0.26529211801409314,0.198550489718259,0.9731221229457011,0.9434976649261178
878,0.19848567073793308,-0.5670483112335205,2.677217920093371,1.0703444185494924,0.6172070473848298,0.5087560076597101,0.3150625411424478,0.8758707548022516,0.4841866169158093
879,0.21195344630391016,0.4140329658985138,1.729795093269175,1.1169488561757714,0.6108879706102183,0.695262638857286,0.282987490416111,1.211603987041683,0.433551840443252
880,0.21752063605782657,-0.54569011926651,1.4715953950637455,0.9060564849870928,0.1998551594875938,0.038866864969929034,0.13073413405791082,1.1349705154311511,0.33740189300702805
881,0.15698072726633358,-1.0030895471572876,2.3799971379145117,1.3608077644018544,0.24588677193181868,0.9489327267782617,0.1600779823966951,0.9135440453469932,0.35746758091545033
882,0.13657358914352913,-0.9796929955482483,2.2242166805296235,0.8921662402973837,0.3647672037381413,0.47496972523166653,0.9700611293318636,1.3406859548264398,0.5105377572537358
883,0.15790084566830206,-1.1506749391555786,2.1053544306040033,0.5430088408046636,0.6866434928896398,1.178536759354052,0.39941493252647403,0.8435252568907095,0.5538816632762845
884,0.18111237297835017,-0.30898144841194153,1.9159569968966186,0.9149839568907849,0.25053241742599297,0.61684098257688,0.26040987611712796,1.1713666535684601,0.6391479111342555
885,0.1612478509752167,-1.0263822078704834,2.3662467687957283,0.6255394464088843,0.16765504564766348,0.6819956266270434,0.09258177318403273,0.8800133929991655,0.7802455326588125
886,0.13372299433134088,-0.6334291696548462,4.0438752213786175,0.5507891990167139,0.30372227350442665,1.5261276888836957,0.3170110234852719,0.50287380902076,1.007121639132354
887,0.12828157920637043,-0.8927920460700989,2.5983716135732373,1.2941521534447467,0.44861142402920273,1.881653568645327,0.32666021899102027,0.8950834508940624,0.585207860103536
888,0.12915334792188948,-1.0868546962738037,3.480648851773522,1.5327569694536929,0.14405641197118046,0.7243902749627337,0.2148920240430539,0.6864529216422584,0.19966674818626826
889,0.19931454961615763,-1.2221616506576538,2.366686005931919,0.6196962457556744,0.5284508580149645,0.657250821218061,0.13125679674646562,0.6013355372775867,0.47981490999098203
890,0.16313233120754028,-0.6691012978553772,4.877882413542725,1.6969011015811475,0.42434082031751463,0.745040226566155,0.6155798192735754,0.6478184864731661,0.6612059322253605
891,0.20670014502225056,-0.5278925895690918,1.799359405202241,0.881532702631739,0.3373167549620646,0.18188381262080852,0.6634474568417196,0.8853118494085621,0.2833754694753202
892,0.18889934341036027,-0.021778617054224014,2.0906310906984054,0.4514421182621695,0.0512422114270039,0.7717837108480506,0.20860282207675543,1.0017759266714192,0.1821501569403321
893,0.21770001925591334,-0.37357673048973083,2.560299575437311,0.17342271594683484,0.45963576359654174,0.533620411180064,0.1136487957977958,0.6552769321783145,0.4099804802588957
894,0.1337981614326695,-1.7562403678894043,2.73220461152509,0.597713932354889,0.34510405724621845,0.6521453642612086,0.12463711752298072,1.0685623887566367,0.36596976496714545
895,0.1458839372217933,-0.6135376691818237,2.324813707961419,0.5192737688921127,0.3683219373404683,0.23091763532613008,0.7708017815731784,1.0012380455984187,0.8688898894069399
896,0.09923988938736278,-1.6163289546966553,3.5183110599024396,1.9966771855937124,0.44615992050830955,1.129757899548609,0.6468588735259,0.7511792773015633,1.076587821418765
897,0.16873308617384253,-0.787988543510437,2.355135347965827,1.6508808230130225,0.30905115767933106,0.3747497716615176,0.2986380317677132,0.7620259872931768,0.3302245514202679
898,0.21604863909325894,-0.7393315434455872,1.8468244186868015,1.0493883407726852,0.5545079940708578,0.45584374521874704,0.14315673051504954,0.8434895225425821,0.710568486390314
899,0.14978750302125576,0.2596387267112732,3.1826263034204563,1.1436232499384447,0.3663550194665304,1.3054746145688105,0.3760949137365181,1.2795846393037855,0.7348020498734694
900,0.14994554105701874,-1.1359422206878662,1.093157158092624,1.3130991770794171,0.7960802367119002,0.2749999747986485,0.12179310229649071,1.3668112600452536,0.36714350790499656
901,0.13328930623957472,-0.36407917737960815,4.025039533535157,0.9172794908343881,0.14161736925684684,1.157987418360589,0.21019520995036328,1.1232141420391988,0.7824284801163579
902,0.12850565477118642,-1.6550638675689697,2.219328236853773,1.669399609433519,0.1707359998527349,0.22987853135179936,0.24756672694074597,0.9938936410540519,1.452821632410035
903,0.14955500131241642,0.34232860803604126,2.78571491482999,1.2391312306689015,0.3177293673783294,1.033867195733549,0.42397898578165905,1.1998027029274168,0.40839652824701483
904,0.15988164565302254,-1.273922324180603,2.3211243104351627,1.0754904306266702,0.38076263909342584,0.8350417065845124,0.623074516290028,0.8541219971150424,0.47671119697173103
905,0.14391302128904157,-0.4697757065296173,3.0087144934103955,1.2612796893201623,0.7508221122969012,0.7709800854261006,0.6603152541443101,0.8944732486861949,0.6793926583997109
906,0.16186423391578786,-0.9385408163070679,2.5091326453157956,1.4152594871731077,0.2737471671064636,0.836597121279124,0.390856078631979,0.8515535934486965,0.6483900369606113
907,0.13496070513577132,-1.1010087728500366,2.2572564033318896,1.2048965084955172,0.2260221990003505,0.5710287795496225,0.3218084334465535,1.3651234244481214,0.30106773027806705
908,0.16144282462164652,-0.7845976948738098,3.5318998691837407,1.5989055174259372,0.37475910857152467,0.49232888060353863,0.24564902017122592,0.6076159921077089,0.6442963780578718
909,0.2187410681851765,-0.5546980500221252,2.2517385552405798,0.923966444309175,0.8519758911041077,0.4283486133371099,0.2099108776811314,0.7166658908731156,0.11526581827199425
910,0.2179439216476666,-0.4370914399623871,1.7987207365131395,1.2534790151339343,0.10991527001032766,0.3340781825974724,0.15976978719655063,1.3617225922438474,0.418967354481132
911,0.1793050609330589,-0.7089753150939941,2.3775713113785444,1.224839786676662,0.7837135384929974,0.8526396126783977,0.22288632572435887,0.7384632927227034,0.30385278982456915
912,0.13393750920436798,-0.5722273588180542,3.3708350031294194,1.3663499421984215,0.10622762844938939,0.5170469499386924,0.2510918898763802,1.0939886770013867,0.9445344296033777
913,0.225694636545532,-0.6277726292610168,2.3959287727025114,1.120396560746256,0.5646998305944378,0.36751562761781154,0.0686117001963157,0.7020592314083282,0.5941540495410065
914,0.18078607114848644,-0.5522943139076233,1.4421461392743793,0.909060069551785,0.3789044098234215,0.9430355604838139,0.16931523773697918,1.383094879118077,0.6281901043728234
915,0.13335570836779437,-1.2726926803588867,2.5658778898037045,0.49282277123768414,0.2550548898664812,1.4620451328449913,0.7924958965625316,0.8370926276098436,0.591740872244644
916,0.16895255785162275,-0.3913673758506775,2.4163970486962296,0.5371381176272172,0.4714135314017809,0.502231285811088,0.2657047057283638,1.3344858881341906,0.42551536577491145
917,0.16843639619956124,0.030174648389220238,2.5341915185585084,1.4949805983054498,0.3777988001330961,0.2827344244314011,0.29148940862640427,0.8791521580365387,0.5388798805790407
918,0.14670256333259143,-1.5585196018218994,2.7533850772569894,1.2662740116015543,0.31881056350561177,0.6111943067097013,0.5890018806025751,0.8233417345773312,0.47429146808706996
919,0.1387563961553918,-1.2443516254425049,4.461569829385417,0.6932016535834817,1.2783910877614926,1.1482151603073587,0.8573627627268668,0.5568569832651022,0.7110647636152572
920,0.166041572209415,-1.3845504522323608,2.8252348788472097,0.9227033076182793,0.33685608757458085,0.6504440703900047,0.5163911807775313,0.6105119892856863,0.4973868696174772
921,0.23117356282770216,-0.2211446315050125,1.5866848269638165,1.1017272267365072,0.6239078028403353,0.2783778458421554,0.20887524804199964,1.0927730584772812,0.6046891643264597
922,0.13075283706351143,-0.9795124530792236,2.507587460445628,1.1742864296546804,0.3464956463684216,0.1421931697873773,0.18775207571444213,0.9524467076819405,0.7595302866492037
923,0.12362974406397075,-1.316104769706726,2.3069705993914953,1.080650322258917,0.7435886395821123,0.2301406596447144,0.03253681404152211,1.0848761660329225,0.913777842218767
924,0.1885765233181929,0.17600390315055847,2.1155569747484866,1.169217803622676,0.21396900326749907,0.8018553786459426,0.30883210050883714,1.5554058670700701,0.8799086508203273
925,0.12738692984587116,-0.21483685076236725,3.0521165752170947,2.040548956089942,1.271432412148243,0.8464365779565924,1.0410340107649874,1.4396683215121038,0.8098934298283221
926,0.167449076238333,-0.48530012369155884,2.7518671081276547,0.6793543107567095,0.4481916794270198,0.5885326836782689,0.09349798912728156,0.9178280772235116,1.2759507011388405
927,0.12377540993778652,-0.5222150683403015,3.6924586385123948,1.4716949098714966,0.5654723552259623,1.4134105992675985,0.18364146565098718,0.8924489354636622,0.37407667582726245
928,0.22699510424031233,0.7787778377532959,1.9270018090382404,0.34801803209264986,0.48472058602554996,0.39189136097898875,0.15764370383226747,0.977939337390731,0.9897461369508205
929,0.16973352094003274,-0.24105459451675415,2.409068349075805,1.2991487122751157,0.38802294760116574,0.2955302004262893,0.029829723592361454,0.8770384663453903,1.608747042827943
930,0.19033567321837427,-0.5072225332260132,2.028547409104052,0.8672856918345163,0.519835092218474,0.8804995294376616,0.49731572294397436,0.9009043654333465,0.626642022606014
931,0.21774152024270102,-0.7839310765266418,1.9866550183767553,0.7906335362194433,0.493998682972667,0.5688891448688324,0.3632794529197997,0.5079214425745564,0.3844365412920538
932,0.13958849765312617,-0.9234949350357056,3.0624375900359193,0.4854909564103827,0.0507640193787785,1.0620437345574611,0.857608934711658,0.7541685306422856,0.6459569118230588
933,0.1701600586724338,-0.04970351979136467,2.295507371639467,1.1983898860894167,0.0874889048240434,1.4089344755300708,0.2682049321057071,0.8889862911467815,0.5154689337076547
934,0.20764427935210789,0.013732939958572388,1.5224660000771395,0.4923760991143795,0.5006473069023626,0.23248013009547167,0.12271559372810614,1.095660616900598,0.8420899106528753
935,0.15926100310574995,-0.8554025888442993,2.3589079100101604,1.1086170342648827,0.5407405703639508,0.4021115893847317,0.2563523333964051,0.7494451118797287,0.9568737108976232
936,0.11764919254378389,-0.3046000003814697,3.1725896167004777,1.2062495718744783,0.341695878791056,1.3444660349288133,0.2522905446621815,0.9977096336551604,0.7333550237120106
937,0.1676154180165744,-0.9951779842376709,3.199518549579674,1.0507953168735003,0.6454025473150712,0.6340074233617944,0.25077369980466957,0.8716418204064065,0.39521924152793625
938,0.20155023214695006,0.11424235999584198,2.5739378266157846,1.743552006686597,0.09154023583960856,0.46709083084247927,0.7375857425160819,0.8003493980910323,0.3484301171472069
939,0.09174868228567848,-1.0007266998291016,4.383857287517653,2.166869461779564,0.20544572048077098,0.5413528155880727,0.9921505191173328,1.3004699652502554,0.5195590309158252
940,0.19395893379874737,-0.7260474562644958,1.8961532932490488,1.369097296368105,0.23540755244231526,0.729238910431618,0.3088539329640965,0.8357665946714719,0.3336019737082491
941,0.19790289744716416,-0.038953788578510284,2.360460524766743,0.5989309962407274,0.3006953500510664,1.0758344128047101,0.02588777196512418,0.5659452961195376,0.5751480657649453
942,0.1344527818606844,-0.1396705061197281,3.0913890026635116,0.7002307290552757,0.7810592464829452,0.7499437771436837,0.21910387683188517,0.9179636370479715,0.6616087559139153
943,0.18765241367537314,-0.49637946486473083,2.283252273920404,0.652047203209848,0.4166150648520368,0.3263129337863201,0.1010320114529089,0.8052974832185706,0.21276844921747373
944,0.15128028470901206,-0.6308804154396057,1.9962583099920361,1.2246319010840205,0.18214001678888578,0.21678496459361765,0.4024637573893464,0.9797383647746021,0.30810004345255804
945,0.1663380691009379,-1.2753030061721802,2.1938757839792276,0.9367570479686097,0.2954088933983208,0.559953676945657,0.3871609325863079,0.960743541195819,2.09171785919663
946,0.1935254706860444,-1.0537803173065186,2.113183773834923,0.43184397554668735,0.3985245690573599,0.7845194359331893,0.33998157324574935,1.091431837798068,0.40865422439363647
947,0.19736300407235388,-1.1245543956756592,1.7135347871138096,0.7829760543868213,0.8419630211016932,0.7746019286244454,0.41367598758131713,0.7005504031100577,0.26011544200230746
948,0.15024048062202677,-0.44846484065055847,3.1847383572342114,1.6718311660130523,0.2162600107279746,1.6036404564646476,0.6224910524371077,0.49777058484495473,0.8961761215790169
949,0.16851261393864653,-0.7320249676704407,1.8940677611719328,1.9684272784082846,0.2816006575012947,0.6872561588744694,0.40252179026072366,0.6542381031301788,0.3247347186545659
950,0.1563086875515222,0.5635585784912109,3.319726856230816,0.6261158964728779,0.1621519956368645,0.6511049798515773,0.3099002721672469,1.3146919718475478,0.6715177587048359
951,0.1005585203868388,-0.3912113904953003,4.438675266283944,1.0646921520532229,0.7646371666339161,0.49434280422402105,0.30180070673368664,1.3184296842547667,0.27193321724630715
952,0.1412255889220538,-1.5383226871490479,2.39630353146882,1.1665186800640528,0.07264638762162368,1.4595126820336606,0.06586269161851241,0.7799297144629473,0.5519113069928362
953,0.08835729028939479,-0.4682563841342926,5.4674475949524295,2.4317861756161694,1.1806778059559606,0.4172913467899573,0.9237828846113375,1.0531917297728772,0.418680070637665
954,0.17963684837289087,-0.38918337225914,1.6882987030778307,0.7207432775446106,0.5892645062420518,0.8405243588254919,0.19217179443777063,1.180474988258901,0.4734649248663189
955,0.17643025010942998,-0.06578291952610016,2.6592692431264915,1.7136868723300804,0.4159439448278237,0.7456351295773093,0.5193668782333224,1.1756700769131392,0.26385879294185866
956,0.14469919668011888,0.10185687988996506,2.79770626802851,2.232602353123589,0.3796888790448796,0.617939350037164,0.24075293176377643,0.515675565592244,1.0851451193555237
957,0.15276237349925742,-0.988131582736969,1.9347415285401246,1.3860174530337628,1.0866052665532138,0.6304317283650559,0.20051901208973658,0.46778123518562814,1.340752322646017
958,0.1706206558762564,-0.21085382997989655,2.047162981409726,1.685246526300417,0.41251349261830844,0.9252870045208769,0.6219366784429167,1.305230617841791,0.5383215113558067
959,0.18991413347914815,-0.611630916595459,1.9394151857655786,0.6046335176023673,0.6853400153311761,0.8332073853127766,0.07247325321405473,0.7157224964926199,0.6151085884123524
960,0.13558459341984008,-0.9379550814628601,2.4957586295335665,0.5029885311283807,0.25363895574808903,0.40366478944660245,0.1763350843879418,0.8598176977160129,1.2948044380240582
961,0.18664559263981667,-0.6805905699729919,2.612958577104086,1.5977301111902311,0.9303874799386793,0.40912893899071967,0.05467965427407328,0.852278019725518,0.32093434264753046
962,0.14723148656922821,-0.38745006918907166,4.793816716088592,1.1959768552768453,0.08848223684821957,0.919021077540165,0.4050474431047694,0.6101099829895315,0.7174860489545662
963,0.13012367636003166,-1.0100880861282349,3.0680385140258117,2.2316353846059758,0.47502937899394665,0.803225376554582,0.32187288899257993,1.14638864429378,0.16263348544826428
964,0.09428415895538149,-1.953271746635437,6.376043505446889,0.8335954929300463,0.5906046318401607,1.5840963282671354,0.07249189962106845,0.6094023050633661,0.5134552709994912
965,0.13122193979394295,-0.32345688343048096,3.7702175368361743,2.246688918338626,0.6061301911724367,1.1192822091762944,0.11206955342726081,1.3716323603421288,0.381205180549636
966,0.16708427880682605,-0.05849079042673111,3.4047416486607314,1.508270896342147,0.9475916713622814,1.5541553028839248,0.3424965735234933,0.7849470999910825,0.24750785699532132
967,0.11186109525036199,-1.0101509094238281,4.313138155729063,0.519738460277248,0.49537743369232007,0.5215507139849564,0.2499140639233109,0.9119698567725627,0.9014288865756102
968,0.15033079237229377,-0.028301427140831947,2.506084304724012,1.1415224030360402,0.5527578555884446,0.29717184352424486,0.13140380461649998,0.7019437878114496,0.6756147966116561
969,0.13682040150246902,-1.5367588996887207,2.1704779675919244,1.1351432039528209,0.7620288487767112,0.9701032124718731,0.25441730657184414,0.8341884472265684,0.7402687813161805
970,0.14727517838816295,-0.7100962400436401,2.8907643094733526,0.1868753527901695,0.6318824260550844,0.6141871415596164,0.5111991645032317,0.9701967324789446,0.6592397526394145
971,0.15831893548119005,-0.3310145139694214,3.2488171075207277,0.6566320465511881,2.259102414545481,1.1608634314792756,0.16047028910434946,0.5997148176655658,0.4266727147341598
972,0.14843681895163127,-1.475973129272461,2.629959578742957,0.9422116990159173,0.14029144839105362,0.9114837097476957,0.23813368703307808,1.205209583378408,1.2347822016112457
973,0.2531086251630062,-0.5888477563858032,1.4782991554439342,0.4773315982008838,0.10477861029088088,1.0276508288310349,0.28926167227302013,0.9049070462406217,0.8798914222669132
974,0.10359541360251649,-1.677011251449585,4.274084136405553,0.8175363361185741,0.24105093580068881,0.2924182814020539,0.07897625240383241,1.3019324306441682,0.7557463739788718
975,0.10343625168359077,-0.6320375800132751,3.093119699079217,0.7972560036911622,0.3514970213555495,0.40229251444611375,0.08393597705042882,0.7213049144050891,0.7589585866415892
976,0.1816279904897251,-0.9937927722930908,2.3507620372830758,0.5924856186947506,0.16464984418526438,0.5386055835611129,0.5079107860703882,0.9312601263579952,0.8490008326996288
977,0.18004289496875733,-0.22087116539478302,2.5439488746852823,1.5103668853624517,1.0273991663070277,1.030965510136267,0.385792790827894,0.9113754459441056,0.518579720756157
978,0.17119362543388378,-1.265156865119934,2.1828952801607224,0.3667062743642498,0.1242403905309888,0.5617736757746863,0.1019717365221418,0.7745174654474605,0.6840864927343873
979,0.15235214667232733,-1.0838701725006104,2.0728785018751403,0.21030852418175872,0.2650567090251657,1.3051956092979973,0.20266199743022772,1.0762160065640218,0.9839214383041529
980,0.12073860039928382,-1.5112556219100952,1.7375198164066712,0.7319844030689043,0.7504976821393587,2.353051250968253,0.20543305900410366,1.1147902586929899,0.244010641539667
981,0.11412407495534069,-1.5619597434997559,3.455022000740671,1.2935730577149716,0.4347921005500602,1.1255983382492782,0.237568873981704,0.982973784249053,0.7039491294075567
982,0.10679213429359723,-1.8010139465332031,3.108565090106089,2.2677032782423683,0.299896731207281,0.17434297408364263,0.14710829248221108,0.8495649427302808,0.46140659173198395
983,0.21054472271175778,-0.6269945502281189,1.3974151394061887,0.4974583526283267,0.39920051297153686,0.49506115508215054,0.14944108593472735,1.6756706557895198,0.3129374011533103
984,0.17454672784772904,-0.8362113237380981,2.648184867715743,1.0375738793289733,0.3155372231707016,0.5022639762415436,0.18986693592708495,1.0037972745559787,0.45653959360911367
985,0.13811656280147622,-0.7578060030937195,1.8356159488734893,1.0525234810101123,0.39287404698935857,0.9277981885456625,0.4389215727281665,1.0951629314619016,0.8471597439224486
986,0.150604800339042,-1.1655932664871216,3.100783984670297,1.8825644900413407,0.4805410204885027,0.4952741302059277,0.3710625746284731,0.7409233552385487,0.7499007768491013
987,0.11877351974569804,-1.2672375440597534,2.3903178384911725,0.9308481581081913,0.3118585008110651,0.36837359801503583,0.4672032376069905,1.3327670291925817,0.7702373673171582
988,0.15741685267502545,-0.6656660437583923,2.7093306131624146,1.0145780704914795,0.2229482427037766,0.46223434525140766,0.4658716898252969,0.7697910934443339,0.85917453120582
989,0.14580895032311672,-0.464743047952652,2.9213767128853734,0.43558441446279494,0.485640412743028,0.43582918311038016,0.6484765348451053,1.0430732501122308,1.0553872796576271
990,0.14845168353595092,-0.8365504741668701,3.6113053496902334,1.6429420558815773,0.6518792695603999,1.6019150351509197,0.20782592294182248,0.8155047714124465,0.6557414128595465
991,0.14654967282458015,-0.8321875929832458,2.9951923904627886,0.6764747004830087,1.4769390447943493,0.6787869417754706,0.39507601796151315,0.9819474553886587,0.866773553032197
992,0.1938424816131094,-0.3873978555202484,3.014607771736938,0.4785099332989503,0.7181044478521369,1.0238450028920754,0.3715118889692583,0.850559168517503,0.8915929212212405
993,0.19037996882319402,-0.5973413586616516,1.7117343851035207,0.5402096378496131,0.7639938597393426,0.4797127073462943,0.41779810814399004,0.9862619705293115,0.368538596225192
994,0.1595755785528127,-0.4058586359024048,2.52420511820866,0.8853557606505917,0.7798427529450059,1.0511656720022284,0.22719592354338067,1.2783879445959314,0.4195444391951313
995,0.16381462857668924,0.12739582359790802,3.0746527028129504,0.8045210463351369,0.8360900474785783,0.833009836785275,0.2187371568250468,1.353896069256951,0.5104003215410986
996,0.1427692520942525,0.18402786552906036,3.6987148630151854,1.1240529718390104,0.8853106027489426,1.3663152081374619,1.322687772361154,0.5398560797438375,0.41103353882285193
997,0.13453297792721855,-0.5298163890838623,4.123875375635371,0.8189819757746387,0.23657244822620396,0.05015090611738054,0.10367902898610237,0.7686435409147041,0.45041220540875826
998,0.1833506232494545,-1.3046602010726929,2.09057800694853,0.9461430818350219,0.487480482662407,1.0197300230289377,0.14723496177970238,0.848399486044591,0.7332505609888297
999,0.15161352305129308,-0.7278244495391846,2.142240926843119,1.561093580134589,0.602839569665574,0.9863442602963376,0.3735688120379473,0.8205788211568525,1.3527088696364695
